source_id,canonical_smiles,label,max_train_tanimoto,predicted_probability,similarity_bin
2022,CC[N+]1(C)[C@@H]2C[C@@H](OC(=O)[C@H](CO)c3ccccc3)C[C@H]1[C@@H]1O[C@@H]12,1,0.7884615384615384,0.919,0.7-0.8
349,CC(=O)OCC(=O)[C@@]1(O)[C@@H](C)C[C@H]2[C@@H]3CCC4=CC(=O)C=C[C@]4(C)[C@@]3(F)[C@@H](O)C[C@@]21C,1,0.7464788732394366,0.692,0.7-0.8
CHEBI:94482,CC(=O)Nc1ccc(NC(=S)NC(=O)c2ccc(C(C)(C)C)cc2)cc1,0,0.3902439024390244,0.683,<0.4
1490,Cc1cc(C(=O)NNCc2ccccc2)no1,1,0.35384615384615387,0.6633333333333333,<0.4
1296,C[C@@H]1O[C@H](O[C@H]2[C@@H](OC=O)C[C@H](O[C@H]3CC[C@@]4(C)[C@H](CC[C@@H]5[C@@H]4CC[C@]4(C)[C@@H](C6=CC(=O)OC6)[C@@H](OC=O)C[C@]54O)C3)O[C@@H]2C)C[C@@H](OC=O)[C@H]1O[C@H]1C[C@H](OC=O)[C@H](OC=O)[C@@H](C)O1,1,0.5510204081632653,0.44466666666666665,0.5-0.6
CHEBI:234500,CCCCC[C@H](O)/C=C/[C@@H]1[C@H](CCCCC(=O)[O-])[C@@H](O)C[C@H]1O,0,0.5084745762711864,0.21347619047619049,0.5-0.6
CHEBI:167895,CC(=O)N[C@@H]1[C@@H](O[C@@H]2O[C@@H](C)[C@@H](O)[C@@H](O)[C@@H]2O)[C@H](O[C@@H]2O[C@H](CO)[C@H](O)[C@H](OS(=O)(=O)O)[C@H]2NC(C)=O)[C@@H](CO)O[C@H]1O,0,0.85,0.0052,0.8-0.9
CHEBI:226167,COc1cc(C)c(-c2cc(O)cc3c2C(=O)C2=C(C3=O)C(C)(C)c3cc(O)cc(O)c3C2=O)c(OC)c1Cl,0,0.31343283582089554,0.3330666666666667,<0.4
CHEBI:174439,O=C(CCCCCCC=Cc1ccc2c(c1)OCO2)N1CCCC1,0,0.5964912280701754,0.298,0.5-0.6
CHEBI:220544,C=C1CC[C@H]2C(C)(C)CCC[C@]2(C)[C@H]1C[C@@]12OC(=O)C[C@@](O)(C(CO)=CC1=O)[C@H]2O,0,0.37142857142857144,0.162,<0.4
977,CC(C)(C)c1ccc(C(=O)CCCN2CCC(OC(c3ccccc3)c3ccccc3)CC2)cc1,1,0.4852941176470588,0.939,0.4-0.5
CHEBI:119459,C[C@@H]1CN([C@H](C)CO)C(=O)c2c(c3ccccc3n2C)-c2ccccc2CO[C@@H]1CN(C)C(=O)c1ccc(F)cc1,0,0.8461538461538461,0.006,0.8-0.9
CHEBI:148748,CC(=O)N[C@H]1[C@H](O[C@H]2[C@H](O)[C@@H](NC(C)=O)C(O)O[C@@H]2CO)O[C@H](CO)[C@@H](O[C@@H]2O[C@H](CO[C@H]3O[C@H](CO[C@H]4O[C@H](CO)[C@@H](O)[C@H](O)[C@@H]4O)[C@@H](O)[C@H](O)[C@@H]3O)[C@@H](O)[C@H](O[C@H]3O[C@H](CO)[C@@H](O)[C@H](O)[C@@H]3O[C@H]3O[C@H](CO)[C@@H](O)[C@H](O)[C@@H]3O[C@H]3O[C@H](CO)[C@@H](O)[C@H](O)[C@@H]3O[C@H]3O[C@H](CO)[C@@H](O)[C@H](O)[C@H]3O)[C@@H]2O)[C@@H]1O,0,1.0,0.0,>=0.9
CHEBI:114468,Cc1cccc(-c2cnn(-c3cccc([N+](=O)[O-])c3)c2N)c1,0,0.3076923076923077,0.68,<0.4
5305,O=C(Nc1cnn2ccc(N3CCC[C@@H]3c3cc(F)ccc3F)nc12)N1CC[C@H](O)C1,1,0.25,0.5686666666666667,<0.4
2046,O=C1c2cccc3c2[C@H](CCC3)CN1[C@@H]1CN2CCC1CC2,1,0.4117647058823529,0.7436666666666666,0.4-0.5
1552,Cc1oncc1C(=O)Nc1ccc(C(F)(F)F)cc1,1,0.36538461538461536,0.568,<0.4
CHEBI:93966,COc1ccc(C#Cc2ccc3c(c2)[C@]2(C(=O)N3)[C@H](c3ccc(OCCO)cc3)N3[C@H](c4ccccc4)[C@H](c4ccccc4)OC(=O)[C@H]3[C@@H]2C(=O)N2CCc3cc(OC)c(OC)cc3C2)cc1,0,0.49122807017543857,0.43,0.4-0.5
2009,CC(C)NCC1CCc2cc(CO)c([N+](=O)[O-])cc2N1,1,0.2571428571428571,0.522,<0.4
CHEBI:749133,CC(C)Cn1ncc2cc(Oc3ccc(F)cc3F)c(C(=O)NCCN(C)C)cc21,0,0.27586206896551724,0.6833333333333332,<0.4
1774,CCC1(CC)C(=O)NCC(C)C1=O,1,0.4,0.569,0.4-0.5
CHEBI:178029,CC(=C[C@@H](O)C[C@@H](C)[C@H]1C[C@H](O)[C@@]2(C)C3=CCC4C(C)(C)C(=O)CC[C@]4(C)C3=CC[C@]12C)C(=O)[O-],0,0.43023255813953487,0.21,0.4-0.5
1237,C[C@]12C=C(C=O)C(=O)C=C1CC[C@@H]1[C@@H]2[C@H](O)C[C@@]2(C)[C@H]1CC[C@]2(C)O,1,0.5964912280701754,0.41933333333333334,0.5-0.6
258,O=C1C(O)=C([C@H]2CC[C@H](c3ccc(Cl)cc3)CC2)C(=O)c2ccccc21,1,0.425,0.758,0.4-0.5
4647,CC(=O)O[C@]1(C(C)=O)CC[C@H]2[C@@H]3C[C@H](C)C4=CC(=O)C=C[C@]4(C)[C@@]3(F)[C@@H](O)C[C@@]21C,1,0.4691358024691358,0.7176666666666668,0.4-0.5
CHEBI:167004,C[C@@](O)(/C=C/[C@H]1CC=CC(=O)O1)[C@@H](C[C@@H](O)C=CC=C/C=C/CO)OP(=O)(O)O,0,0.22580645161290322,0.221,<0.4
CHEBI:96605,COCC(=O)N(C)C[C@H]1Oc2cc(C#Cc3cccnc3)ccc2S(=O)(=O)N([C@@H](C)CO)C[C@H]1C,0,0.6206896551724138,0.02,0.6-0.7
CHEBI:208316,COC(=O)C(C)CCC[C@@](C)(O)[C@@H]1CC[C@@](C)(O)[C@H]1C,0,0.29333333333333333,0.361,<0.4
CHEBI:31697,O=C1Cc2ccccc2N1,0,0.3333333333333333,0.788,<0.4
CHEBI:188623,CN(c1ccc(OC(F)(F)F)cc1)c1cc(-c2cccc(C(N)=O)c2)ncn1,0,0.26436781609195403,0.79,<0.4
2475,CC(=O)S[C@@H]1CC2=CC(=O)CC[C@]2(C)[C@H]2CC[C@@]3(C)[C@@H](CC[C@@]34CCC(=O)O4)[C@H]12,1,0.5151515151515151,0.6370666666666666,0.5-0.6
3192,CCc1ccccc1-n1c(C)nc2ccccc2c1=O,1,0.31666666666666665,0.744,<0.4
CHEBI:34364,Clc1ccc(-c2ccc(Cl)cc2)cc1,0,0.45,0.952,0.4-0.5
3824,CCC1(C2=CC3CCC(C2)C3)C(=O)NC(=O)NC1=O,1,0.4444444444444444,0.758,0.4-0.5
1965,C#C[C@]1(O)CC[C@H]2[C@@H]3CCC4=C(CCC(=O)C4)[C@H]3CC[C@@]21C,1,0.5263157894736842,0.69,0.5-0.6
CHEBI:128071,COc1ccc(NC(=O)N2CCC3(CC2)CN(C(=O)C2CCC2)[C@H](CO)c2c3c3ccc(OC)cc3n2C)cc1,0,0.6067415730337079,0.10666666666666667,0.6-0.7
4745,O=C(CCCc1ccccc1)OCC(COC(=O)CCCc1ccccc1)OC(=O)CCCc1ccccc1,1,0.5128205128205128,0.709531746031746,0.5-0.6
CHEBI:124197,C[C@H]1CN([C@@H](C)CO)C(=O)Cc2cc(NC(=O)C3CC3)ccc2O[C@H]1CN(C)Cc1ccncc1,0,0.7875,0.002,0.7-0.8
CHEBI:215268,C[C@@](CSSC[C@](C)(NC(=O)c1ncccc1O)C(=O)O)(NC(=O)c1ncccc1O)C(=O)O,0,0.2857142857142857,0.748,<0.4
CHEBI:752206,NC(=O)NCCN1CCN(c2cccc(C(F)(F)F)c2)CC1,0,0.5084745762711864,0.9095,0.5-0.6
2004,C[C@@H]1O[C@@H](O[C@H]2C[C@@H](O)[C@]3(CO)[C@H]4[C@H](O)C[C@]5(C)[C@@H](C6=CC(=O)OC6)CC[C@]5(O)[C@@H]4CC[C@]3(O)C2)[C@H](O)[C@H](O)[C@H]1O,1,0.6222222222222222,0.3586666666666667,0.6-0.7
CHEBI:31486,COC(=O)Cc1cc2c(c(O)c1C(=O)CC(C)O)C(=O)c1c(O)cccc1C2=O,0,0.3698630136986301,0.33649999999999997,<0.4
CHEBI:208281,C=C(CCC(=O)O)[C@H]1C[C@H](O)[C@@]2(C)C3=C(C(=O)C[C@]12C)[C@@]1(C)CC[C@H](O)[C@@](C)(CO)[C@@H]1C[C@@H]3O,0,0.3488372093023256,0.24566666666666664,<0.4
2038,O=C1Nc2ccccc2C1(c1ccc(O)cc1)c1ccc(O)cc1,1,0.4358974358974359,0.75,0.4-0.5
CHEBI:155217,CC(=O)N[C@@H]1[C@@H](O[C@@H]2O[C@@H](C)[C@@H](O)[C@@H](O)[C@@H]2O)[C@H](O[C@H]2O[C@H](CO)[C@@H](O)[C@H](O)[C@H]2NC(C)=O)[C@@H](CO)O[C@H]1O,0,0.9387755102040817,0.0027,>=0.9
2170,CCOC(=O)C1(c2ccccc2)CCN(CCCNc2ccccc2)CC1,1,0.6071428571428571,0.842,0.6-0.7
683,CCCO[C@H]1[C@@H]([C@@H](COCc2ccc(Cl)cc2)OCc2ccc(Cl)cc2)OC(OCC)[C@@H]1O,1,0.7090909090909091,0.607,0.7-0.8
CHEBI:99228,O=C(C[C@@H]1CC[C@@H]2[C@H](COC[C@H](O)CN2C(=O)Nc2ccc(Cl)cc2)O1)NCC1CCCCC1,0,0.6052631578947368,0.19,0.6-0.7
CHEBI:125133,COc1ccccc1S(=O)(=O)N1C[C@@H]2N[C@H](C1)C2c1ccc(-c2cccnc2)cc1,0,0.5692307692307692,0.306,0.5-0.6
4227,CS(=O)(=O)c1ccc(C(=O)Nc2ccc(Cl)c(-c3ccccn3)c2)c(Cl)c1,1,0.3333333333333333,0.623,<0.4
1834,Oc1ccc(OCc2ccccc2)cc1,1,0.40625,0.888,0.4-0.5
287,CCN(CCO)CCn1c(Cc2ccccc2)nc2c1c(=O)n(C)c(=O)n2C,1,0.45614035087719296,0.854,0.4-0.5
5295,Cn1c(Cn2ccc(C(F)(F)F)c(Oc3cc(Cl)cc(C#N)c3)c2=O)n[nH]c1=O,1,0.2558139534883721,0.7493,<0.4
CHEBI:113970,Cc1ccc(-c2cnc3c(c2)C(=O)N([C@@H](C)CO)C[C@H](C)[C@@H](CN(C)C(=O)c2cccc(F)c2)O3)cc1,0,0.6923076923076923,0.02,0.6-0.7
3214,CCN1C(=O)c2ccccc2C1Nc1ccc(OCCN2CCCCC2)cc1,1,0.453125,0.742,0.4-0.5
CHEBI:125700,CC1C=NC(S(=O)(=O)N2CC[C@@H]3[C@H](CO)N(C)c4ccc(-c5ccccc5F)cc4[C@@H]32)=N1,0,0.43373493975903615,0.36,0.4-0.5
2195,OC(c1ccccc1)(c1ccccc1)C1CCCCN1,1,0.5142857142857142,0.824,0.5-0.6
CHEBI:52266,CN1C(=CC=CC=CC=CC2=[N+](CCS(=O)(=O)[O-])c3ccc4c(S(=O)(=O)[O-])cc(S(=O)(=O)[O-])cc4c3C2(C)C)C(C)(C)c2cc(NC(=O)CI)ccc21.[K+].[K+],0,0.37254901960784315,0.364,<0.4
CHEBI:747299,Cc1ccc(NC(=O)c2ccnc(C(F)(F)F)c2)cc1-c1cc(OCCO)nc(N2CCOCC2)c1,0,0.3118279569892473,0.532,<0.4
CHEBI:157463,CC(=O)N[C@@H]1[C@@H](O[C@@H]2O[C@H](CO[C@@H]3O[C@H](CO)[C@@H](O[C@@H]4O[C@H](CO)[C@H](O[C@H]5O[C@H](CO)[C@@H](O)[C@H](O)[C@H]5NC(C)=O)[C@H](O)[C@H]4O)[C@H](O)[C@H]3NC(C)=O)[C@H](O)[C@H](O[C@@H]3O[C@H](CO)[C@@H](O[C@@H]4O[C@H](CO)[C@H](O)[C@H](O)[C@H]4O[C@@H]4O[C@@H](C)[C@@H](O)[C@@H](O)[C@@H]4O)[C@H](O)[C@H]3NC(C)=O)[C@H]2O)[C@@H](O)[C@@H](CO[C@@H]2O[C@H](CO)[C@@H](O)[C@H](O)[C@H]2NC(C)=O)O[C@@H]1O,0,0.9180327868852459,0.0,>=0.9
CHEBI:148888,CC(=O)N[C@@H]1[C@@H](O)[C@H](O[C@@H]2O[C@H](CO)[C@@H](O[C@@H]3O[C@H](CO[C@H]4O[C@H](CO)[C@@H](O)[C@H](O)[C@@H]4O[C@@H]4O[C@H](CO)[C@@H](O[C@@H]5O[C@H](CO)[C@H](O)[C@H](O[C@]6(C(=O)O)C[C@H](O)[C@@H](NC(C)=O)[C@H]([C@H](O)[C@H](O)CO)O6)[C@H]5O)[C@H](O)[C@H]4NC(C)=O)[C@@H](O)[C@H](O[C@H]4O[C@H](CO)[C@@H](O)[C@H](O)[C@@H]4O[C@@H]4O[C@H](CO)[C@@H](O[C@@H]5O[C@H](CO)[C@H](OS(=O)(=O)O)[C@H](O)[C@H]5NC(C)=O)[C@H](O)[C@H]4NC(C)=O)[C@@H]3O)[C@H](O)[C@H]2NC(C)=O)[C@@H](CO)O[C@H]1O,0,0.896551724137931,0.002,0.8-0.9
4356,O=C1Nc2ccccc2OC1(c1ccc(O)cc1)c1ccc(O)cc1,1,0.475,0.637,0.4-0.5
2297,CCC(Oc1ccccc1)C(=O)N[C@@H]1C(=O)N2[C@@H]1SC(C)(C)[C@@H]2C(=O)O,1,0.7368421052631579,0.914,0.7-0.8
1304,Cc1cc(C(=O)NCCc2ccc(S(=O)(=O)NC(=O)NC3CCCCC3)cc2)no1,1,0.7258064516129032,0.7695,0.7-0.8
4493,CCC(=O)OCC(=O)[C@@]1(OC(=O)CC)[C@H](C)C[C@H]2[C@H]3[C@H]([C@@H](O)C[C@@]21C)[C@@]1(C)C=CC(=O)C=C1C[C@H]3Cl,1,0.3956043956043956,0.5926666666666668,<0.4
2685,Cc1ccc(C(=O)Oc2cc(OC(=O)c3ccc(C)cc3)cc(C(O)CNC(C)(C)C)c2)cc1,1,0.7021276595744681,0.896,0.7-0.8
CHEBI:224106,OCC1=C[C@H](N[C@H]2C[C@H](CO)[C@@H](O[C@@H]3O[C@@H](CO)[C@@H](O[C@H]4O[C@@H](CO)[C@@H](O)[C@H](O)[C@H]4O)[C@H](O)[C@H]3O)[C@@H](O)[C@H]2O)[C@@H](O)[C@H](O)[C@H]1O,0,0.59375,0.4390489621489622,0.5-0.6
2365,CCN1CCC[C@H]1CNC(=O)c1c(OC)ccc(Br)c1OC,1,0.4246575342465753,0.694,0.4-0.5
CHEBI:748200,Cc1ccc(CNCC2(F)CCN(C(=O)c3ccc(F)c(Cl)c3)CC2)nc1,0,0.2631578947368421,0.656,<0.4
3341,C[C@]12CCC(=O)C[C@@H]1CC[C@@H]1[C@@H]2CC[C@@]2(C)[C@H]1CC[C@]2(C)O,1,0.6521739130434783,0.7926666666666667,0.6-0.7
1432,c1ccc2c(CCC3CCNCC3)c[nH]c2c1,1,0.4107142857142857,0.862,0.4-0.5
CHEBI:217512,C=C(C)[C@@H]1CCC2=C(CC[C@]3(C)[C@@H]([C@@H](CCC=C(C)C)C(=O)O)CC[C@@]23C)[C@@]1(C)CCC(=O)O,0,0.3783783783783784,0.155,<0.4
CHEBI:218382,CC1(C)C(=O)CC[C@]2(C)C(CO)=C(CO)CCC12,0,0.3142857142857143,0.319,<0.4
3125,O=C1c2cccc(O)c2C(=O)c2c(O)cccc21,1,0.6071428571428571,0.298,0.6-0.7
3716,CC(C)(OCc1ccc(-c2ccc(Cl)cc2)cc1)C(=O)O,1,0.4523809523809524,0.8693333333333334,0.4-0.5
828,CCCCCCCCCCCCCCCC(=O)OCC(=O)[C@@]1(O)[C@H](C)C[C@H]2[C@@H]3CCC4=CC(=O)C=C[C@]4(C)[C@@]3(F)[C@@H](O)C[C@@]21C,1,0.6708860759493671,0.5506666666666666,0.6-0.7
CHEBI:156778,CC(=O)N[C@@H]1[C@@H](O)[C@H](O[C@@H]2O[C@H](CO)[C@@H](O[C@@H]3O[C@H](CO[C@H]4O[C@H](CO)[C@@H](O)[C@H](O[C@H]5O[C@H](CO)[C@@H](O)[C@H](O)[C@@H]5O[C@H]5O[C@H](CO)[C@@H](O)[C@H](O)[C@@H]5O)[C@@H]4O)[C@@H](O)[C@H](O[C@H]4O[C@H](CO)[C@@H](O)[C@H](O)[C@@H]4O[C@@H]4O[C@H](CO)[C@@H](O[C@@H]5O[C@H](CO)[C@H](O)[C@H](O)[C@H]5NC(C)=O)[C@H](O)[C@H]4NC(C)=O)[C@@H]3O)[C@H](O)[C@H]2NC(C)=O)[C@@H](CO)O[C@H]1O,0,1.0,0.0,>=0.9
503,COC(COC(N)=O)C1=C(N2CC2)C(=O)C(C)=C(N2CC2)C1=O,1,0.29411764705882354,0.7536666666666667,<0.4
1013,CCn1cc(C(=O)O)c(=O)c2cc(F)c(N3CCNCC3)nc21,1,0.6491228070175439,0.894,0.6-0.7
CHEBI:112995,COc1ccc(C=NNc2nc(Nc3ccccc3)nc(N3CCCCC3)n2)cc1OC,0,0.3055555555555556,0.5826,<0.4
3069,CC[C@H](C)[C@@H]1NC(=O)[C@H](Cc2ccc(O)cc2)NC(=O)CCCCC[C@@H](C(=O)NCC(=O)N[C@@H](CC(C)C)C(=O)NCC(N)=O)NC(=O)[C@H](CC(N)=O)NC(=O)[C@H](CCC(N)=O)NC1=O,1,0.6822429906542056,0.58,0.6-0.7
CHEBI:226551,CC(=O)[C@H]1C[C@H](O)[C@@]2(C)C3=C(C(=O)C[C@]12C)[C@@]1(C)CCC(=O)C(C)(C)[C@@H]1CC3=O,0,0.4027777777777778,0.3357,0.4-0.5
2002,O=C(O)c1nc(=O)[nH]c(=O)[nH]1,1,0.3548387096774194,0.774,<0.4
4606,C[C@@H]1C[C@H]2[C@@H]3C[C@H](F)C4=CC(=O)C=C[C@]4(C)[C@@]3(Cl)[C@@H](O)C[C@]2(C)[C@H]1C(=O)COC(=O)C(C)(C)C,1,0.4166666666666667,0.55,0.4-0.5
5361,C[C@@H]1[C@H](c2ccccc2)C[C@H](NC(=O)c2cnc3c(c2)C[C@@]2(C3)C(=O)Nc3ncccc32)C(=O)N1CC(F)(F)F,1,0.22916666666666666,0.6275,<0.4
CHEBI:177744,COc1ccccc1N1CCN(CCCC(=O)c2ccc(F)cc2)CC1,0,0.5686274509803921,0.89,0.5-0.6
CHEBI:752355,Cn1c([N+](=O)[O-])cnc1CSc1ccccn1,0,0.39285714285714285,0.708,<0.4
CHEBI:78306,C=C1CCCC(C)(C)C1CCC(C)=CCC[C@@H]1[C@@]2(C)CCCC(C)(C)[C@@H]2CC[C@@]1(C)O,0,0.31343283582089554,0.234,<0.4
21,Nc1nc(N)c2nc(CNc3ccc(C(=O)N[C@@H](CCC(=O)O)C(=O)O)cc3)cnc2n1,1,0.7014925373134329,0.88,0.7-0.8
365,C[C@@H](O)[C@H]1C(=O)N2C(C(=O)[O-])=C(SC3Cn4cnc[n+]4C3)[C@H](C)[C@H]12,1,0.43243243243243246,0.5,0.4-0.5
2384,CCC(=O)[C@@]1(C)[C@H](C)C[C@H]2[C@@H]3CCC4=CC(=O)C=C[C@]4(C)[C@H]3[C@@H](O)C[C@@]21C,1,0.5942028985507246,0.592,0.5-0.6
1478,CN(C)CCCn1c2c(c3ccccc31)CCCCCC2,1,0.40425531914893614,0.82,0.4-0.5
CHEBI:181182,CC1=NCCC(C(=O)O)N1,0,0.37142857142857144,0.626,<0.4
967,OCC(O)CN1CCN(c2ccccc2)CC1,1,0.46296296296296297,0.809,0.4-0.5
CHEBI:230003,CCCCCC(C)(O)/C=C/[C@H]1C=CC(=O)C1CC=CCCCC(=O)O,0,0.4411764705882353,0.2581,0.4-0.5
4298,COc1ccc(-n2nc(C(N)=O)c3c2C(=O)N(c2ccc(N4CCCCC4=O)cc2)CC3)cc1,1,0.36065573770491804,0.674,<0.4
2794,CCCCCCCC(=O)CC[C@@H]1[C@@H](C/C=C\CCCC(=O)OC(C)C)[C@@H](O)C[C@H]1O,1,0.49206349206349204,0.12300000000000001,0.4-0.5
CHEBI:126293,O=C(C1CCCCC1)N1[C@H](CO)[C@@H]2c3ccccc3NC[C@@H]21,0,0.5087719298245614,0.20933333333333334,0.5-0.6
4175,CC#CCn1c(N2CCC[C@@H](N)C2)nc2c1c(=O)n(Cc1nc(C)c3ccccc3n1)c(=O)n2C,1,0.24742268041237114,0.686,<0.4
CHEBI:213494,COC(=O)c1c(C)c(Cc2c(O)c(Oc3c(C=O)c(O)cc(C)c3C(=O)OC)c3c(c2O)C(=O)O[C@@H]3O)c(O)c(C=O)c1O,0,0.3424657534246575,0.207,<0.4
3532,CN(C(=O)c1c(O)c2ccccc2n(C)c1=O)c1ccccc1,1,0.3492063492063492,0.744,<0.4
502,CCCCC[C@](C)(O)/C=C/[C@@H]1[C@@H](C/C=C\CCCC(=O)O)[C@@H](O)C[C@H]1O,1,0.4594594594594595,0.36015952380952376,0.4-0.5
3275,N=C(N)c1ccc(OCCCCCCOc2ccc(C(=N)N)cc2)cc1,1,1.0,0.964,>=0.9
CHEBI:151143,CC(=O)N[C@H]1[C@H](OC[C@H]2O[C@@H](O[C@H]3[C@@H](O)[C@@H](CO)OC(O)[C@@H]3NC(C)=O)[C@H](O)[C@@H](O[C@@H]3O[C@H](CO)[C@@H](O)[C@H](O)[C@H]3NC(C)=O)[C@H]2O)O[C@H](CO)[C@@H](O)[C@@H]1O,0,0.9183673469387755,0.004,>=0.9
CHEBI:187947,CCCCC[C@@H]1C=CC(=O)[C@@H]1CCCCCCCC(=O)O,0,0.5217391304347826,0.4931666666666667,0.5-0.6
CHEBI:35425,O=P(O)(O)OC1O[C@H](CO)[C@@H](O)[C@H]1O,0,0.9629629629629629,0.6134333333333333,>=0.9
109,C=CC[N@@+]12CC[C@@]34c5ccccc5N5C=C6[C@H]7C[C@H]8[C@@]9(CC[N@@+]8(CC=C)C/C7=C/CO)c7ccccc7N(C=C([C@@H](C[C@@H]31)/C(=C\CO)C2)[C@H]54)[C@@H]69,1,0.22093023255813954,0.5558333333333333,<0.4
1886,CC(C)[C@H]1CC[C@H](C(=O)N[C@H](Cc2ccccc2)C(=O)O)CC1,1,0.47540983606557374,0.642,0.4-0.5
4778,CO[C@H]1C[C@@H]2CC[C@@H](C)[C@@](O)(O2)C(=O)C(=O)N2CCCC[C@H]2C(=O)O[C@H]([C@H](C)C[C@@H]2CC[C@@H](OP(C)(C)=O)[C@H](OC)C2)CC(=O)[C@H](C)/C=C(\C)[C@@H](O)[C@@H](OC)C(=O)[C@H](C)C[C@H](C)/C=C/C=C/C=C/1C,1,0.3402777777777778,0.40173333333333333,<0.4
2446,CO[C@H]1C[C@@H]2CC[C@@H](C)[C@@](O)(O2)C(=O)C(=O)N2CCCC[C@H]2C(=O)O[C@H]([C@H](C)C[C@@H]2CC[C@@H](O)[C@H](OC)C2)CC(=O)[C@H](C)/C=C(\C)[C@@H](O)[C@@H](OC)C(=O)[C@H](C)C[C@H](C)/C=C/C=C/C=C/1C,1,0.375,0.37293333333333334,<0.4
CHEBI:224466,COc1cc(O)c2c(=O)c3c(O)cc(CO)cc3oc(=O)c2c1,0,0.5490196078431373,0.108,0.5-0.6
CHEBI:214387,CC1(C)CC[C@@H](O)[C@](C)(O)[C@@]12CC=C(C=O)CC2,0,0.34615384615384615,0.20883333333333334,<0.4
1219,CC(C(=O)O)c1ccc(-c2ccccc2)c(F)c1,1,0.5686274509803921,0.745,0.5-0.6
CHEBI:193077,C=C(C)/C=C/c1ccc2c(c1O)[C@](O)(c1ccc(OC)cc1)[C@@H](OC)C(=O)N2,0,0.5138888888888888,0.388,0.5-0.6
541,CO/N=C(\C(=O)N[C@@H]1C(=O)N2C(C(=O)O)=C(CSc3nc(C)c(CC(=O)O)s3)CS[C@H]12)c1csc(N)n1,1,0.7209302325581395,0.9,0.7-0.8
2518,COc1nsnc1NS(=O)(=O)c1ccc(N)cc1,1,0.6428571428571429,0.9,0.6-0.7
CHEBI:221071,C=C1OC(=O)C(=C(O)/C(C)=C/CC/C=C/C=C/[C@@H](C)CCO)C1=O,0,0.208955223880597,0.209,<0.4
2655,C#C[C@]1(O)CC[C@H]2[C@@H]3[C@H](C)CC4=C(CCC(=O)C4)[C@H]3CC[C@@]21C,1,0.42857142857142855,0.524,0.4-0.5
CHEBI:95629,COc1ccccc1-c1cnc2c(c1)C(=O)N([C@@H](C)CO)C[C@@H](C)[C@@H](CN(C)CC1CCOCC1)O2,0,0.6097560975609756,0.012666666666666668,0.6-0.7
2404,CCCCCC[C@H]1CCC(O)[C@@H]1CCCCCCC(=O)O,1,0.5454545454545454,0.43583333333333335,0.5-0.6
1891,CN1CCOC(c2ccccc2)c2ccccc2C1,1,0.42857142857142855,0.8323333333333334,0.4-0.5
CHEBI:227093,CC(=C[C@@H]1[C@H]2[C@@H](C)[C@H](O)C[C@@H](O)[C@@]2(C)C=C[C@H]1/C(C)=C/C[C@H](O)C[C@@H](O)C[C@@H](O)[C@H](C)[C@@H](O)C(C)C)C(=O)O,0,0.21951219512195122,0.269,<0.4
CHEBI:3170,Oc1ccc2c(c1)OC[C@]1(O)Cc3cc(O)c(O)cc3[C@H]21,0,0.36538461538461536,0.308,<0.4
3144,COc1ccc2c3c1O[C@H]1C(OC(C)=O)=CC[C@H]4[C@@H](C2)N(C)CC[C@]314,1,0.6307692307692307,0.8316666666666668,0.6-0.7
354,CCCCC(=O)O[C@]1(C(=O)CO)[C@@H](C)C[C@H]2[C@@H]3CCC4=CC(=O)C=C[C@]4(C)[C@@]3(F)[C@@H](O)C[C@@]21C,1,0.7671232876712328,0.7803333333333333,0.7-0.8
CHEBI:221820,C=C(CO)C(C)C(=O)C1OCOC(C2CC(=O)NC(=O)C2)C1O,0,0.21818181818181817,0.3725,<0.4
CHEBI:161791,C[C@H](NC(=O)[C@@H]1CCCN1C(=O)[C@@H](N)Cc1ccccc1)C(=O)O,0,0.6862745098039216,0.564,0.6-0.7
CHEBI:103502,CC(C)NC(=O)N(C)C[C@@H]1OCCCC[C@@H](C)Oc2ccc(NC(=O)CCC(F)(F)F)cc2C(=O)N([C@H](C)CO)C[C@H]1C,0,0.7931034482758621,0.006,0.7-0.8
826,CC(=O)OCC(=O)[C@@]1(O)[C@H](C)C[C@H]2[C@@H]3CCC4=CC(=O)C=C[C@]4(C)[C@@]3(F)[C@@H](O)C[C@@]21C,1,0.7464788732394366,0.692,0.7-0.8
3927,C[C@]12CCC(=O)C[C@@H]1CC[C@@H]1[C@@H]2CC[C@]2(C)[C@@H](O)CC[C@@H]12,1,0.5714285714285714,0.5777380952380953,0.5-0.6
2080,OC1(c2ccc(Cl)c(C(F)(F)F)c2)CCN(CCCC(c2ccc(F)cc2)c2ccc(F)cc2)CC1,1,0.45588235294117646,0.8856666666666667,0.4-0.5
1742,CN1CCC(CN2c3ccccc3Sc3ccccc32)C1,1,0.8378378378378378,0.934,0.8-0.9
CHEBI:748247,Cn1cc(C2=C(c3cn(C)c4cc([N+](=O)[O-])ccc34)C(=O)NC2=O)c2ccccc21,0,0.5769230769230769,0.6335,0.5-0.6
2541,CCN1CCCC1CNC(=O)c1cc(S(=O)(=O)CC)ccc1OC,1,0.4788732394366197,0.702,0.4-0.5
4962,CC(=O)OCC(=O)[C@@]1(O)CC[C@H]2[C@@H]3CCC4=CC(=O)C=C[C@]4(C)[C@@]3(F)[C@@H](O)C[C@@]21C,1,0.7313432835820896,0.954,0.7-0.8
CHEBI:3490,CO[C@@]1(NC(=O)CSCC#N)C(=O)N2C(C(=O)[O-])=C(CSc3nnnn3C)CS[C@@H]21.[Na+],0,0.5494505494505495,0.563,0.5-0.6
CHEBI:31987,CC(Oc1ccccc1)C(=O)N[C@@H]1C(=O)N2[C@@H]1SC(C)(C)[C@@H]2C(=O)[O-].[K+],0,0.65,0.75,0.6-0.7
4869,O=C1CN(N=CC=Cc2ccc([N+](=O)[O-])o2)C(=O)N1,1,0.7391304347826086,0.5698666666666666,0.7-0.8
CHEBI:50296,C=C[C@@]1(C)CC(=O)[C@H]2[C@](C)(O1)[C@@H](OC(C)=O)[C@@H](O)[C@H]1C(C)(C)CC[C@H](O)[C@@]12C,0,0.475,0.256,0.4-0.5
584,CC1OC2(CS1)CN1CCC2CC1,1,0.21621621621621623,0.572,<0.4
CHEBI:182189,C[C@@H]1O[C@@H](O[C@H]2C[C@@H](O)[C@]3(CO)[C@H]4[C@H](O)C[C@]5(C)[C@@H](C6=CC(=O)OC6)CC[C@]5(O)[C@@H]4CC[C@]3(O)C2)[C@H](O)[C@H](O)[C@H]1O.O,0,0.6153846153846154,0.3606666666666667,0.6-0.7
2806,CCCCC(=O)N(Cc1ccc(-c2ccccc2-c2nnn[nH]2)cc1)[C@H](C(=O)O)C(C)C,1,0.43373493975903615,0.7453333333333334,0.4-0.5
190,COc1ccccc1OCCNCC(O)c1ccc(C)c(S(N)(=O)=O)c1,1,0.4057971014492754,0.7952,0.4-0.5
540,CO[C@@]1(NC(=O)CSC[C@@H](N)C(=O)O)C(=O)N2C(C(=O)O)=C(CSc3nnnn3C)CS[C@@H]21,1,0.6395348837209303,0.764,0.6-0.7
CHEBI:182485,C/C=C1/CN2CC[C@]34c5ccccc5N(C(C)=O)[C@H]3C(CO)[C@H]1C[C@H]24,0,0.39473684210526316,0.5,<0.4
1828,CCCCC1C(=O)NN(c2ccccc2)C1=O,1,0.3958333333333333,0.7146666666666668,<0.4
CHEBI:119107,O=C(C[C@@H]1C=C[C@@H](NS(=O)(=O)c2ccc(F)cc2)[C@H](CO)O1)N1CCN(c2ccccc2)CC1,0,0.5538461538461539,0.178,0.5-0.6
CHEBI:187664,CC(C)=CCCC1(C)C=Cc2c(cc3c(c2O)C(=O)C(c2ccc(O)cc2O)CO3)O1,0,0.297029702970297,0.192,<0.4
2559,O=C1OC(OC(=O)c2cccnc2Nc2cccc(C(F)(F)F)c2)c2ccccc21,1,0.576271186440678,0.648,0.5-0.6
CHEBI:137535,CC(C)[C@]12CC[C@H](C)[C@H]3CC[C@](C)(C[C@H]31)O2,0,0.2972972972972973,0.4036666666666667,<0.4
912,CCCCC[C@H](O)/C=C/[C@@H]1[C@@H](C/C=C\CCCC(=O)O)[C@@H](O)C[C@H]1O,1,0.6666666666666666,0.40817619047619047,0.6-0.7
972,CNCC[C@H](Oc1cccc2ccccc12)c1cccs1,1,0.36363636363636365,0.8033333333333333,<0.4
594,CNC1=Nc2ccc(Cl)cc2C(c2ccccc2)=[N+]([O-])C1,1,0.3275862068965517,0.7586666666666666,<0.4
1522,CC(=O)CCC1C(=O)N(c2ccccc2)N(c2ccccc2)C1=O,1,0.525,0.7776666666666666,0.5-0.6
1751,CN(Cc1cnc2nc(N)nc(N)c2n1)c1ccc(C(=O)N[C@@H](CCC(=O)O)C(=O)O)cc1,1,0.6956521739130435,0.8,0.6-0.7
853,CCOC(=O)NC1=C(N2CC2)C(=O)C(NC(=O)OCC)=C(N2CC2)C1=O,1,0.4,0.798,0.4-0.5
1144,CCC(O)c1ccc(OCCNC(C)Cc2ccccc2)cc1,1,0.4782608695652174,0.8315,0.4-0.5
CHEBI:96560,C[C@@H]1CN([C@H](C)CO)C(=O)CCCn2cc(nn2)CO[C@@H]1CN(C)C(=O)C1CC1,0,0.7567567567567568,0.002,0.7-0.8
4752,CC(C)NC[C@H](O)COc1ccc(CCOCC2CC2)cc1,1,0.8043478260869565,0.9293333333333333,0.8-0.9
CHEBI:91359,Cc1cc([C@@H](C)Nc2ccccc2C(=O)O)c2nc(N3CCOCC3)cc(=O)n2c1,0,0.2835820895522388,0.6626666666666666,<0.4
5047,CCO[C@@H](Cc1ccc(OCCn2c(C)ccc2-c2ccc(SC)cc2)cc1)C(=O)O,1,0.2857142857142857,0.6466666666666666,<0.4
CHEBI:31984,CCOC(=O)C1(c2ccccc2)CCN(C)CC1.Cl,0,0.6326530612244898,0.718,0.6-0.7
3467,N=C(NC(=N)N1CCN(C(=N)NC(=N)Nc2ccc(Cl)cc2)CC1)Nc1ccc(Cl)cc1,1,0.5128205128205128,0.8252666666666667,0.5-0.6
CHEBI:147033,CC(=O)N[C@H]1[C@H](O[C@H]2[C@H](O)[C@@H](NC(C)=O)C(O)O[C@@H]2CO)O[C@H](CO)[C@@H](O[C@@H]2O[C@H](CO)[C@@H](O)[C@H](O)[C@@H]2O[C@@H]2OC[C@@H](O)[C@H](O)[C@H]2O)[C@@H]1O,0,0.7692307692307693,0.014,0.7-0.8
CHEBI:169225,OC1(c2ccc(Cl)cc2)CCNCC1,0,0.3673469387755102,0.788,<0.4
1739,Cc1ccccc1-n1c(C)nc2ccccc2c1=O,1,0.3508771929824561,0.7375,<0.4
1360,CCC1(C2=CCCCCC2)C(=O)NC(=O)NC1=O,1,0.967741935483871,0.934,>=0.9
411,CC[C@]12CCCN3CCc4c(n(c5cc(Br)ccc45)[C@@](O)(C(=O)OC)C1)[C@@H]32,1,0.4520547945205479,0.562,0.4-0.5
3509,CCC1(CC)C(=O)C=CNC1=O,1,0.42857142857142855,0.758,0.4-0.5
CHEBI:99722,O=C(O)C[C@@H]1C[C@H]2c3cc(NC(=O)Nc4ccc(C(F)(F)F)cc4)ccc3O[C@H]2[C@H](CO)O1,0,0.625,0.044,0.6-0.7
2668,O=C(CCCN1CCC(n2c(=S)[nH]c3ccccc32)CC1)c1ccc(F)cc1,1,0.5535714285714286,0.9133333333333332,0.5-0.6
539,CO[C@@]1(NC(=O)CSCC#N)C(=O)N2C(C(=O)O)=C(CSc3nnnn3C)CS[C@@H]21,1,0.6352941176470588,0.826,0.6-0.7
CHEBI:200196,CC[C@@H]1C=CC=CC=C(C)[C@@H](OC)C[C@@H]2CC[C@@H](C)[C@@](O)(O2)C(=O)C(=O)N2CCCC[C@H]2C(=O)O[C@H]([C@H](C)C[C@@H]2CC[C@@H](OC(=O)C(C)(CO)CO)[C@H](OC)C2)CC(=O)[C@H](C)/C=C(/C)[C@@H](O)[C@@H](OC)C(=O)[C@H](C)C1,0,0.3333333333333333,0.40490000000000004,<0.4
2402,CCCN(CCC)CCc1cccc2c1CC(=O)N2,1,0.26,0.7652,<0.4
403,CC(C)C[C@H]1C(=O)N2CCC[C@H]2[C@]2(O)O[C@](NC(=O)[C@@H]3C=C4c5cccc6[nH]c(Br)c(c56)C[C@H]4N(C)C3)(C(C)C)C(=O)N12,1,0.5740740740740741,0.782,0.5-0.6
CHEBI:218068,COc1cc2c(c(O)c1CC=C(C)CC(=O)C=C(C)C)C(=O)N(CCc1ccccc1)C2,0,0.3125,0.4108571428571428,<0.4
CHEBI:118809,COc1ccccc1S(=O)(=O)N[C@H]1C=C[C@@H](CC(=O)NCc2cc(F)cc(F)c2)O[C@H]1CO,0,0.6029411764705882,0.108,0.6-0.7
973,C[C@]12C=CC(=O)N[C@@H]1CC[C@@H]1[C@@H]2CC[C@]2(C)[C@@H](C(=O)Nc3cc(C(F)(F)F)ccc3C(F)(F)F)CC[C@@H]12,1,0.6376811594202898,0.77,0.6-0.7
CHEBI:111545,C[C@@H]1CN([C@@H](C)CO)C(=O)c2cccc(N(C)C)c2O[C@H]1CN(C)S(=O)(=O)c1cn(C)cn1,0,0.5227272727272727,0.028,0.5-0.6
1169,CC(C)=CCC1C(=O)N(c2ccccc2)N(c2ccccc2)C1=O,1,0.4523809523809524,0.541,0.4-0.5
CHEBI:201350,COc1cc2c(c3c1OC(C)(C)CC3=O)C[C@@H](C)OC2=O,0,0.3125,0.194,<0.4
CHEBI:148260,CC(=O)N[C@H]1[C@H](OC[C@H]2OC(O)[C@H](NC(C)=O)[C@@H](O[C@@H]3O[C@H](CO)[C@H](O)[C@H](O[C@@H]4O[C@H](CO)[C@@H](O)[C@H](O)[C@H]4NC(C)=O)[C@H]3O)[C@H]2O)O[C@H](CO)[C@@H](O[C@@H]2O[C@H](CO)[C@H](O)[C@H](O)[C@H]2O[C@@H]2O[C@@H](C)[C@@H](O)[C@@H](O)[C@@H]2O)[C@@H]1O,0,0.9180327868852459,0.0,>=0.9
2239,CC[C@H](C)C(=O)O[C@H]1C[C@H](O)C=C2C=C[C@H](C)[C@H](CC[C@@H](O)C[C@@H](O)CC(=O)O)[C@H]21,1,0.5466666666666666,0.3943,0.5-0.6
5400,COC(=O)CC[C@@H]1N=C(c2ccccn2)c2cc(Br)ccc2-n2c(C)cnc21,1,0.32,0.595,<0.4
CHEBI:226161,COc1cc(-c2c(C)cc(O)cc2OC)c2c(c1Cl)C(=O)C1=C(C(=O)c3c(O)cc(O)cc3C1(C)C)C2=O,0,0.30985915492957744,0.3450666666666667,<0.4
CHEBI:58089,[NH3+]C1O[C@H](COP(=O)([O-])[O-])[C@@H](O)[C@H]1O,0,0.5945945945945946,0.0866095238095238,0.5-0.6
CHEBI:175691,O=C(O)/C=C/c1cc2ccoc2cc1OC1OC(CO)C(O)C(O)C1O,0,0.5,0.1555,0.5-0.6
CHEBI:203067,CC1CCC(=O)/C=C/C(=O)OC(C)CCC(=O)/C=C/C(=O)O1,0,0.38636363636363635,0.26133333333333336,<0.4
2670,O=C(O)C1CSCN1,1,0.4444444444444444,0.668,0.4-0.5
CHEBI:208639,CC1=C(C)[C@]2(C)C(=O)[C@](O)(C1=O)[C@]1(C)C(=O)[C@@]2(O)C(=O)C(C)=C1C,0,0.25,0.5408571428571429,<0.4
3399,CO[C@H]1C[C@H](O[C@H]2CC[C@@]3(C)[C@H](CC[C@@H]4[C@@H]3CC[C@]3(C)[C@@H](C5=CC(=O)OC5)[C@@H](OC(C)=O)C[C@]43O)C2)O[C@@H](C)[C@@H]1O,1,0.5816326530612245,0.4080952380952381,0.5-0.6
2949,CO[C@H]1C[C@@H]2CC[C@@H](C)[C@@](O)(O2)C(=O)C(=O)N2CCCC[C@H]2C(=O)O[C@H]([C@H](C)C[C@@H]2CC[C@H](n3cnnn3)[C@H](OC)C2)CC(=O)[C@H](C)/C=C(\C)[C@@H](O)[C@@H](OC)C(=O)[C@H](C)C[C@H](C)/C=C/C=C/C=C/1C,1,0.31125827814569534,0.4029,<0.4
4061,CC(C)(C)NC[C@H](O)COc1nsnc1N1CCOCC1,1,0.3968253968253968,0.682,<0.4
CHEBI:93514,CCCCCCCCCCCC1C(=O)C(=O)CC(=O)C1=O,0,0.37209302325581395,0.2549666666666667,<0.4
520,CC(C)(C)NCC(O)COc1cccc2c1CCC(=O)N2,1,0.6181818181818182,0.8825333333333334,0.6-0.7
754,CC1(C)N=C(N)N=C(N)N1c1ccc(Cl)cc1,1,0.25,0.812,<0.4
1770,CC(=O)OCC(=O)[C@@]1(O)CC[C@H]2[C@@H]3C[C@H](C)C4=CC(=O)C=C[C@]4(C)[C@H]3[C@@H](O)C[C@@]21C,1,0.5694444444444444,0.594,0.5-0.6
CHEBI:180605,O=CNS(=O)(=O)c1cnccc1Nc1cccc(C(F)(F)F)c1,0,0.42592592592592593,0.7116666666666667,0.4-0.5
CHEBI:152562,OC[C@@H](O)[C@H]1OC(O)[C@@H](O)[C@H]1O,0,0.6071428571428571,0.276004761904762,0.6-0.7
1421,O=P1(NCCCl)OCCCN1CCCl,1,0.2037037037037037,0.727,<0.4
2248,CC(C)=CCC/C(C)=C/CC/C(C)=C/C(=O)OCC(=O)[C@@]1(O)CC[C@H]2[C@@H]3CCC4=CC(=O)C=C[C@]4(C)[C@H]3[C@@H](O)C[C@@]21C,1,0.5909090909090909,0.588,0.5-0.6
3820,CCN(CC)CC(=O)OCC(=O)[C@@]1(O)CC[C@H]2[C@@H]3CCC4=CC(=O)C=C[C@]4(C)[C@H]3[C@@H](O)C[C@@]21C,1,0.7361111111111112,0.812,0.7-0.8
CHEBI:171747,CCCCC1CCCC(=O)O1,0,0.6129032258064516,0.433,0.6-0.7
CHEBI:215860,C[C@H]1[C@H]([C@](C)(O)C/C=C/C(C)(C)O)CC[C@@]1(C)O,0,0.3283582089552239,0.285,<0.4
3809,CO[C@H]1[C@H](O)[C@H](O[C@H]2CC[C@@]3(C=O)[C@H](CC[C@@H]4[C@@H]3CC[C@]3(C)[C@@H](C5=CC(=O)OC5)CC[C@]43O)C2)O[C@@H](C)[C@@H]1O,1,0.6022727272727273,0.31666666666666665,0.6-0.7
882,C[C@H]1O[C@@H](O[C@H]2[C@@H](O)C[C@H](O[C@H]3[C@@H](O)C[C@H](O[C@H]4CC[C@@]5(C)[C@H](CC[C@@H]6[C@@H]5C[C@@H](O)[C@]5(C)[C@@H](C7=CC(=O)OC7)CC[C@]65O)C4)O[C@@H]3C)O[C@@H]2C)C[C@H](O)[C@@H]1O,1,0.8024691358024691,0.474,0.8-0.9
CHEBI:221618,CO[C@@H](CC[C@H](C)[C@@H](O)[C@@H](C)/C=C/C1=C(C(=O)O[C@@H]2CC(=O)O[C@@H]2C)C(=O)[C@H](C)CC1(C)C)c1cc(O)ccc1Br,0,0.2076923076923077,0.2986666666666667,<0.4
CHEBI:160205,NCCCC[C@H](N)C(=O)N[C@@H](Cc1ccccc1)C(=O)N1CCC[C@@H]1C(=O)O,0,0.6349206349206349,0.498,0.6-0.7
CHEBI:134511,CCC=CC[C@H](O)/C=C/C1=C(CC=CCCCC(=O)O)C(=O)CC1,0,0.5094339622641509,0.19996666666666665,0.5-0.6
3288,CCOC(=O)C1(c2cccc(O)c2)CCN(C)CC1,1,0.5,0.752,0.5-0.6
1890,CCc1nn(CCCN2CCN(c3cccc(Cl)c3)CC2)c(=O)n1CCOc1ccccc1,1,0.5522388059701493,0.866,0.5-0.6
CHEBI:50153,CC(Cc1ccc(C(C)(C)C)cc1)CN1C[C@H](C)O[C@@H](C)C1,0,0.3114754098360656,0.5793333333333333,<0.4
CHEBI:226869,CC(C)CCCCCCCCCCC1CC(=O)N[C@@H](CC(N)=O)C(=O)N[C@@H](Cc2ccc(O)cc2)C(=O)N[C@H](CC(N)=O)C(=O)N[C@H](CCC(N)=O)C(=O)N2CCC[C@H]2C(=O)N[C@@H](CC(N)=O)C(=O)N[C@@H](CC(N)=O)C(=O)N1,0,0.5813953488372093,0.39,0.5-0.6
CHEBI:128784,COc1ccc2c3c(n(C)c2c1)[C@@H](CO)N(C(=O)Nc1ccc(F)cc1)CC31CN(S(=O)(=O)c2cn(C)cn2)C1,0,0.6785714285714286,0.1501666666666667,0.6-0.7
CHEBI:73287,COC1(C2=NCCN2)COc2ccccc2O1,0,0.2916666666666667,0.7006666666666667,<0.4
CHEBI:206525,CCOc1cc(C(=O)O)ccc1NC(=O)c1ccc(NC(=O)c2ccc(N)cc2)c(OCC)c1O,0,0.4444444444444444,0.762,0.4-0.5
829,CCCCC(=O)O[C@]1(C(=O)CO)[C@H](C)C[C@H]2[C@@H]3CCC4=CC(=O)C=C[C@]4(C)[C@@]3(F)[C@@H](O)C[C@@]21C,1,0.7671232876712328,0.7803333333333333,0.7-0.8
CHEBI:99663,O=C(C[C@@H]1C[C@H]2c3cc(NC(=O)Nc4ccc(C(F)(F)F)cc4)ccc3O[C@H]2[C@H](CO)O1)NCc1cc(F)ccc1F,0,0.7435897435897436,0.052,0.7-0.8
CHEBI:138881,O=P([O-])([O-])OC[C@@]1(O)O[C@H](CO)[C@@H](O)[C@@H]1O,0,0.36538461538461536,0.2352857142857143,<0.4
5345,CN1CCN(c2ccc(C(=O)Nc3n[nH]c4ccc(Cc5cc(F)cc(F)c5)cc34)c(NC3CCOCC3)c2)CC1,1,0.2962962962962963,0.7137,<0.4
4233,O=C(O)CCSC[C@H]1O[C@@H]2O[C@H]3[C@H](O)[C@@H](O)[C@@H](O[C@H]4[C@H](O)[C@@H](O)[C@@H](O[C@H]5[C@H](O)[C@@H](O)[C@@H](O[C@H]6[C@H](O)[C@@H](O)[C@@H](O[C@H]7[C@H](O)[C@@H](O)[C@@H](O[C@H]8[C@H](O)[C@@H](O)[C@@H](O[C@H]9[C@H](O)[C@@H](O)[C@@H](O[C@H]1[C@H](O)[C@H]2O)O[C@@H]9CSCCC(=O)O)O[C@@H]8CSCCC(=O)O)O[C@@H]7CSCCC(=O)O)O[C@@H]6CSCCC(=O)O)O[C@@H]5CSCCC(=O)O)O[C@@H]4CSCCC(=O)O)O[C@@H]3CSCCC(=O)O,1,0.45714285714285713,0.4265,0.4-0.5
353,CCC(=O)OCC(=O)[C@@]1(OC(=O)CC)[C@@H](C)C[C@H]2[C@@H]3CCC4=CC(=O)C=C[C@]4(C)[C@@]3(F)[C@@H](O)C[C@@]21C,1,0.6842105263157895,0.7446666666666667,0.6-0.7
CHEBI:101860,CO[C@H]1CC[C@H]2CCN(C)C(=O)[C@@H](C)[C@H](OC)CN(C)C(=O)c3cccc(C#N)c3OC[C@H]1O2,0,0.6301369863013698,0.19616666666666668,0.6-0.7
CHEBI:160024,NC(=O)C[C@H](N)C(=O)N[C@@H](Cc1ccccc1)C(=O)N1CCC[C@@H]1C(=O)O,0,0.6206896551724138,0.55,0.6-0.7
CHEBI:85300,COc1cc(/C=C/C(=O)NCCCCNCCCNC(=O)/C=C/c2cc(OC)c(O)c(OC)c2)cc(OC)c1O,0,0.5,0.2988571428571428,0.5-0.6
CHEBI:175864,CC(=O)O[C@H]1C[C@@]23C(=C1C)[C@@H](OC(C)=O)[C@@H](C[C@H](OC(C)=O)[C@H]2C)C3(C)C,0,0.359375,0.35,<0.4
2037,CC(=O)Oc1ccc(C2(c3ccc(OC(C)=O)cc3)C(=O)Nc3ccccc32)cc1,1,0.3617021276595745,0.7673333333333334,<0.4
CHEBI:98058,CO[C@@H]1CN(C)C(=O)c2cc(NC(=O)C3CC3)ccc2OC[C@H](C)N(C(=O)c2cccnc2)C[C@H]1C,0,0.7341772151898734,0.01,0.7-0.8
1251,CN[C@@H]1CCc2[nH]c3ccc(C(N)=O)cc3c2C1,1,0.27692307692307694,0.878,<0.4
CHEBI:129941,CCCC#Cc1ccc([C@@H]2[C@@H](CO)N3C(=O)CN(C(=O)Nc4cccc(F)c4)C[C@@H]23)cc1,0,0.6986301369863014,0.10066666666666667,0.6-0.7
3237,CC(=O)O[C@@H](C)C(=O)[C@@]1(O)CC[C@H]2[C@@H]3CCC4=CC(=O)C=C[C@]4(C)[C@@]3(F)[C@@H](O)C[C@@]21C,1,0.56,0.7205238095238096,0.5-0.6
CHEBI:136555,O=C(/C=C/c1ccc(O)c(O)c1)O[C@]1(C(=O)O)C[C@@H](O)[C@H](O)[C@H](O)C1,0,0.8333333333333334,0.6228333333333332,0.8-0.9
389,Cc1cc2c(OCC(CNC(C)(C)C)OC(=O)c3ccccc3)cccc2[nH]1,1,0.5081967213114754,0.834,0.5-0.6
188,CCC(C)(C)c1ccc(CC(C)CN2C[C@@H](C)O[C@@H](C)C2)cc1,1,0.2413793103448276,0.5373333333333332,<0.4
CHEBI:147551,CC(=O)N[C@H]1[C@@H](O[C@H]2[C@@H](O[C@@H]3O[C@H](CO)[C@@H](O)[C@H](O)[C@@H]3O)[C@@H](CO)OC(O)[C@@H]2O)O[C@H](CO)[C@@H](O)[C@@H]1O,0,0.8163265306122449,0.007366666666666667,0.8-0.9
CHEBI:179324,C[C@H](CCC(=O)O)[C@H]1CC[C@H]2[C@H]3[C@H]([C@H](O)C(=O)[C@]12C)[C@@]1(C)CC[C@@H](O)C[C@H]1C[C@H]3O,0,0.6666666666666666,0.4755,0.6-0.7
4548,C[C@@H]1C[C@H]2[C@@H]3C[C@H](F)C4=CC(=O)C=C[C@]4(C)[C@@]3(F)[C@@H](O)C[C@]2(C)[C@@]1(O)C(=O)CO,1,0.6617647058823529,0.6276666666666667,0.6-0.7
2727,CC(=O)OCC(=O)[C@@]1(O)[C@H](OC(C)=O)C[C@H]2[C@@H]3CCC4=CC(=O)C=C[C@]4(C)[C@@]3(F)[C@@H](O)C[C@@]21C,1,0.6901408450704225,0.782,0.6-0.7
CHEBI:747494,C[C@](O)(CC(=O)[O-])CC(=O)O[C@H]1C(O)O[C@H](COP(=O)([O-])OP(=O)([O-])OC[C@H]2O[C@@H](n3cnc4c(N)ncnc43)[C@H](O)[C@@H]2O)[C@H]1O,0,0.5844155844155844,0.29,0.5-0.6
CHEBI:174124,COC(=O)CC1(O)C(=O)Nc2ccccc21,0,0.3076923076923077,0.724,<0.4
4825,CCN(C(=O)c1c(O)c2c(Cl)cccc2n(C)c1=O)c1ccccc1,1,0.30985915492957744,0.687,<0.4
924,OCCN(CCO)c1nc(N2CCCCC2)c2nc(N(CCO)CCO)nc(N3CCCCC3)c2n1,1,0.725,0.798,0.7-0.8
5388,Cn1cnc2c(F)c(Nc3ccc(Br)cc3Cl)c(C(=O)NOCCO)cc21,1,0.275,0.673,<0.4
1772,C[C@H]1C[C@@H]2[C@H]([C@@H](O)C[C@@]3(C)[C@H]2CC[C@]3(O)C(=O)COC(=O)CCCCCCC(=O)N(C)CCS(=O)(=O)O)[C@@]2(C)C=CC(=O)C=C12,1,0.5048543689320388,0.6183333333333334,0.5-0.6
2088,CSCC[C@H](NC(=O)[C@H](Cc1c[nH]c2ccccc12)NC(=O)CCNC(=O)OC(C)(C)C)C(=O)N[C@@H](CC(=O)O)C(=O)N[C@@H](Cc1ccccc1)C(N)=O,1,0.6354166666666666,0.787,0.6-0.7
4868,CCOC(=O)c1c(CSc2ccccc2)n(C)c2cc(Br)c(O)c(CN(C)C)c12,1,0.275,0.624,<0.4
1240,CC(C)CN(C[C@@H](OP(=O)(O)O)[C@H](Cc1ccccc1)NC(=O)O[C@H]1CCOC1)S(=O)(=O)c1ccc(N)cc1,1,0.5862068965517241,0.612,0.5-0.6
CHEBI:94685,CN1CCCN=C1C=Cc1cccs1,0,0.5454545454545454,0.831,0.5-0.6
1216,C[C@]12C=CC(=O)C=C1[C@@H](F)C[C@@H]1[C@@H]2[C@@H](O)C[C@@]2(C)[C@H]1CC[C@]2(O)C(=O)CO,1,0.6376811594202898,0.7808571428571429,0.6-0.7
1206,C[C@@H]1C[C@H]2[C@@H]3C[C@H](F)C4=CC(=O)C=C[C@]4(C)[C@H]3[C@@H](O)C[C@]2(C)[C@H]1C(=O)CO,1,0.5633802816901409,0.4798095238095238,0.5-0.6
2393,CN(C)CCc1c[nH]c2ccc(Cn3cncn3)cc12,1,0.5178571428571429,0.9326666666666668,0.5-0.6
143,C[C@H]1CN(C[C@H](Cc2ccccc2)C(=O)NCC(=O)O)CC[C@@]1(C)c1cccc(O)c1,1,0.3333333333333333,0.72,<0.4
CHEBI:149980,O=C(NN1C(=O)CSC1c1ccccc1F)c1cc(-c2ccc(F)cc2F)ccc1O,0,0.24731182795698925,0.5686666666666667,<0.4
CHEBI:84678,*CNC1C(=O)C(=O)C1NCCNC(=O)CCCCCO[C@H]1O[C@H](C)[C@@H](NC=O)[C@H](O[C@H]2O[C@H](C)[C@@H](NC=O)[C@H](O)[C@@H]2O[C@H]2O[C@H](C)[C@@H](NC=O)[C@H](O)[C@@H]2O)[C@@H]1O,0,0.37362637362637363,0.23266666666666666,<0.4
3061,CC1(C)[C@@H]2CC[C@@]1(C)C(=O)[C@H]2C(=O)[O][Bi]([OH])[O][Bi]([O]C(=O)[C@@H]1C(=O)[C@]2(C)CC[C@H]1C2(C)C)[O]C(=O)[C@@H]1C(=O)[C@]2(C)CC[C@H]1C2(C)C,1,0.2826086956521739,0.4758571428571428,<0.4
3306,O=C(COCC(=O)Nc1c(I)cc(I)c(C(=O)O)c1I)Nc1c(I)cc(I)c(C(=O)O)c1I,1,0.8611111111111112,0.886,0.8-0.9
CHEBI:122992,O=C(C[C@H]1C[C@H]2c3cc(NC(=O)Nc4ccccc4F)ccc3O[C@H]2[C@@H](CO)O1)NCC(F)(F)F,0,0.7236842105263158,0.024,0.7-0.8
352,CCCC(=O)O[C@]1(C(=O)COC(=O)CC)[C@@H](C)C[C@H]2[C@@H]3CCC4=CC(=O)C=C[C@]4(C)[C@@]3(F)[C@@H](O)C[C@@]21C,1,0.65,0.7506666666666667,0.6-0.7
CHEBI:95604,C[C@@H]1CN([C@H](C)CO)C(=O)c2cc(C#C[C@@H](C)O)cnc2O[C@@H]1CN(C)CC1CCOCC1,0,0.717948717948718,0.02,0.7-0.8
4628,CNC(=O)c1ccc(N2C(=S)N(c3ccc(C#N)c(C(F)(F)F)c3)C(=O)C2(C)C)cc1F,1,0.6052631578947368,0.6878,0.6-0.7
2405,CN(CCOc1ccc(CC2SC(=O)NC2=O)cc1)c1ccccn1,1,0.625,0.895,0.6-0.7
CHEBI:143295,O=C(O)[C@H]1OC(C2(CCS(=O)c3ccccc3)C(=O)N(c3ccccc3)N(c3ccccc3)C2=O)[C@H](O)[C@@H](O)[C@@H]1O,0,0.4107142857142857,0.285,0.4-0.5
CHEBI:140139,CCc1oc(=O)c(Cc2c(O)c(CC=C(C)C)c3c(c2O)C(=O)CC(c2ccccc2)O3)c(O)c1C,0,0.5,0.3023333333333334,0.5-0.6
115,COc1cc2nc(N(C)CCCNC(=O)C3CCCO3)nc(N)c2cc1OC,1,0.5068493150684932,0.593,0.5-0.6
2327,c1ccc2c(c1)Sc1ccccc1N2CCN1CCCC1,1,0.6216216216216216,0.974,0.6-0.7
CHEBI:93043,O=C(C=CC=Cc1ccc2c(c1)OCO2)N1CCCCC1,0,0.6511627906976745,0.39316666666666666,0.6-0.7
CHEBI:233205,Nc1ncnc2c1ncn2[C@@H]1O[C@H](COP(=O)([O-])O[C@H]2C[C@@H]([NH3+])[C@@H](O[C@H]3[C@H](O)[C@@H](O[C@H]4O[C@H](CO)[C@@H](O)[C@H]([NH3+])[C@H]4O)[C@H]([NH3+])C[C@@H]3[NH3+])O[C@@H]2C[NH3+])[C@@H](O)[C@H]1O,0,0.5476190476190477,0.342,0.5-0.6
CHEBI:153640,CC(=O)N[C@H]1[C@H](O[C@@H]2[C@@H](O[C@@H]3[C@H](O)[C@H](O[C@H]4[C@H](O)[C@@H](NC(C)=O)C(O)O[C@@H]4CO)O[C@H](CO[C@H]4O[C@H](CO)[C@@H](O)[C@H](O[C@H]5O[C@H](CO)[C@@H](O)[C@H](O)[C@@H]5O)[C@@H]4O)[C@H]3O)O[C@H](CO)[C@@H](O)[C@@H]2O)O[C@H](CO)[C@@H](O[C@@H]2O[C@H](CO)[C@H](O)[C@H](O[C@H]3O[C@H](CO)[C@H](O)[C@H](O)[C@H]3O)[C@@H]2O)[C@@H]1O,0,1.0,0.0,>=0.9
CHEBI:136285,[1*][C@@H](O)CC(=O)N[C@H]1[C@@H](OP(=O)(O)O)O[C@H](CO[C@@H]2O[C@H](CO[C@]3(C(=O)O)C[C@@H](O[C@]4(C(=O)O)C[C@@H](O)[C@@H](O)[C@@H]([C@H](O)CO)O4)[C@@H](O[C@H]4O[C@H]([C@@H](O)CO)[C@@H](O[C@@H]5O[C@H](CO)[C@@H](O)[C@H](O)[C@H]5O)[C@H](O[C@H]5O[C@H]([C@H](CO[C@H]6O[C@H]([C@@H](O)CO)[C@@H](O)[C@H](O)[C@@H]6O)OP(=O)(O)OCCN)[C@@H](O)[C@H](O[C@H]6O[C@H](C(=O)O)[C@H](O[C@H]7O[C@H](CO)[C@H](O)[C@H](O)[C@H]7N)[C@H](O)[C@H]6O[C@H]6O[C@H]([C@H](O)CO)[C@@H](O)[C@H](O)[C@@H]6O[C@H]6O[C@H]([C@@H](O)CO)[C@@H](O)[C@H](O)[C@@H]6O)[C@@H]5O)[C@@H]4O)[C@@H]([C@H](O)CO[C@H]4OC[C@H](N)[C@H](O)[C@H]4O)O3)[C@@H](OP(=O)(O)O)[C@H](OC(=O)C[C@@H]([4*])O[6*])[C@H]2NC(=O)C[C@@H]([3*])O[5*])[C@@H](O)[C@@H]1OC(=O)C[C@@H]([2*])O,0,0.4972972972972973,0.22233333333333336,0.4-0.5
1769,CCC(=O)O[C@]1(C(=O)COC(C)=O)CC[C@H]2[C@@H]3C[C@H](C)C4=CC(=O)C=C[C@]4(C)[C@H]3[C@@H](O)C[C@@]21C,1,0.6025641025641025,0.626,0.6-0.7
CHEBI:110953,CNC[C@@H]1OCCCC[C@H](C)Oc2ccc(N(C)C)cc2C(=O)N([C@@H](C)CO)C[C@H]1C,0,0.7777777777777778,0.02,0.7-0.8
CHEBI:201327,CC(C)CCC(=O)O[C@H]1[C@H](C)OC(=O)[C@@H](NC(=O)c2cccc(NC=O)c2O)[C@@H](C)OC(=O)[C@@H]1CCC(C)C,0,0.25555555555555554,0.3005,<0.4
CHEBI:143165,O=C1OC[C@@H](O[C@@H]2OC[C@@H](O[C@@H]3OC[C@@H](O[C@@H]4OC[C@@H](O)[C@H](O)[C@H]4O)[C@H](O)[C@H]3O)[C@H](O)[C@H]2O)[C@H](O)[C@H]1O,0,0.4583333333333333,0.2194,0.4-0.5
3629,O=c1n(Cl)c(=O)n(Cl)c(=O)n1Cl,1,0.21052631578947367,0.9056666666666666,<0.4
CHEBI:116184,Cn1c2c(c(=O)n(C)c1=O)C1(C(=O)Nc3ccccc31)C(C#N)=C(N)O2,0,0.25925925925925924,0.657,<0.4
3711,COc1ccc2c(c1)c(CC(=O)O)c(C)n2C(=O)/C=C/c1ccccc1,1,0.4583333333333333,0.5184666666666667,0.4-0.5
294,CCC(=O)OCC(=O)[C@@]1(OC(=O)CC)[C@@H](C)C[C@H]2[C@@H]3CCC4=CC(=O)C=C[C@]4(C)[C@@]3(Cl)[C@@H](O)C[C@@]21C,1,0.5555555555555556,0.6953333333333332,0.5-0.6
1551,CC(C)OC(=O)CCC/C=C\C[C@@H]1[C@@H](CC[C@@H](O)CCc2ccccc2)[C@H](O)C[C@@H]1O,1,0.5333333333333333,0.594,0.5-0.6
3785,O=C1c2ccccc2N(C(=O)CN2CCOCC2)CN1c1ccccc1,1,0.3225806451612903,0.806,<0.4
2965,Cc1c(N)nc([C@H](CC(N)=O)NC[C@H](N)C(N)=O)nc1C(=O)N[C@H](C(=O)N[C@H](C)[C@@H](O)[C@H](C)C(=O)N[C@H](C(=O)NCCc1nc(-c2nc(C(=O)NCCCN[C@@H](C)c3ccccc3)cs2)cs1)[C@@H](C)O)[C@@H](O[C@@H]1O[C@@H](CO)[C@@H](O)[C@H](O)[C@@H]1O[C@H]1O[C@H](CO)[C@@H](O)[C@H](OC(N)=O)[C@@H]1O)c1c[nH]cn1,1,0.20958083832335328,0.3881,<0.4
3912,CN1CCN(C2Cc3ccccc3Sc3ccc(Cl)cc32)CC1,1,0.45454545454545453,0.9115333333333333,0.4-0.5
CHEBI:152000,CC(=O)N[C@H]1C(O)O[C@H](CO)[C@H](O[C@@H]2O[C@H](CO)[C@H](O)[C@H](O)[C@H]2O)[C@@H]1O[C@@H]1O[C@H](CO)[C@H](O)[C@H](O)[C@H]1O,0,0.8125,0.032696031746031744,0.8-0.9
4178,COc1cc2c(Nc3ccc(Br)cc3F)ncnc2cc1OCC1CCN(C)CC1,1,0.4444444444444444,0.7387999999999999,0.4-0.5
2246,C[C@]12C=CC(=O)C=C1CC[C@@H]1[C@@H]2[C@@H](O)C[C@@]2(C)[C@H]1CC[C@]2(O)C(=O)COC(=O)CCC(=O)O,1,0.7285714285714285,0.868,0.7-0.8
CHEBI:69617,CC(C)C[C@@H]1OC(=O)[C@H](C)NC(=O)[C@H](C(C)(C)O)OC(=O)[C@H](C)N(C)C(=O)[C@@H](C)NC(=O)[C@@H](Cc2ccccc2)N(C)C1=O,0,0.3829787234042553,0.34,<0.4
5359,CCOc1ccc(Nc2ccc(/C(=C3C=C/C(=[N+](/CC)Cc4cccc(S(=O)(=O)[O-])c4)C=C/3C)c3ccc(N(CC)Cc4cccc(S(=O)(=O)[O-])c4)cc3C)cc2)cc1,1,0.22580645161290322,0.536,<0.4
265,C=CCN1Cc2ccccc2-c2ccccc2C1,1,0.2926829268292683,0.8075238095238095,<0.4
4888,N#Cc1cc(-c2n[nH]c(-c3ccncc3)n2)ccn1,1,0.3076923076923077,0.788,<0.4
CHEBI:66339,COc1ccnc(C(=O)N[C@H]2COC(=O)C(Cc3ccccc3)[C@@H](OC(=O)C(C)C)C(C)OC2=O)c1O,0,0.2857142857142857,0.41533333333333333,<0.4
CHEBI:144180,CCCCCCCCCC[C@H]1C[C@@H](C(=O)O)[C@H](C)C(=O)O1,0,0.38636363636363635,0.1298333333333333,<0.4
4921,C[C@H](NCc1ccc(OCc2cccc(F)c2)cc1)C(N)=O,1,0.3448275862068966,0.6915,<0.4
CHEBI:154624,CC(=O)N[C@H]1C(O)O[C@H](CO)[C@@H](O)[C@@H]1O[C@@H]1O[C@H](CO[C@H]2O[C@H](CO)[C@H](O)[C@H](O)[C@H]2O)[C@@H](O)[C@H](O[C@@H]2O[C@H](CO)[C@H](O)[C@H](O)[C@H]2O)[C@H]1O,0,1.0,0.0,>=0.9
CHEBI:190784,CC(=O)C1=CC2(C)C(C)CCCC2CC1=O,0,0.3148148148148148,0.31933333333333336,<0.4
1830,CCc1c(C)[nH]c2c1C(=O)C(CN1CCOCC1)CC2,1,0.2830188679245283,0.7676666666666666,<0.4
CHEBI:82268,CCOP(=S)(Oc1ccc(Cl)cc1Cl)c1ccccc1,0,0.37254901960784315,0.774,<0.4
2456,CC(C)=CCOc1ccc(C=CC(=O)c2ccc(OCC=C(C)C)cc2OCC(=O)O)cc1,1,0.296875,0.45785714285714285,<0.4
CHEBI:188215,CCCCCCCCCCCCC(C)CCC1CCC(CCCCCCCCC)C1,0,0.39473684210526316,0.306,<0.4
CHEBI:155897,CC(C)NC(=O)NS(=O)(=O)c1cnccc1Nc1cccc(CO)c1,0,0.2962962962962963,0.572,<0.4
CHEBI:138033,c1ccc(C(c2ccccc2)N2CCN(CCCC3(c4ccccc4)OCCO3)CC2)cc1,0,0.44642857142857145,0.8815,0.4-0.5
4677,COC(=O)C[C@](O)(CCCC(C)(C)O)C(=O)O[C@@H]1C(OC)=C[C@]23CCCN2CCc2cc4c(cc2[C@H]13)OCO4,1,0.27472527472527475,0.445,<0.4
256,CNCC[C@@H](Oc1ccccc1C)c1ccccc1,1,0.45454545454545453,0.927,0.4-0.5
4138,CN(C)c1ccc(C(=C2C=CC(=[N+](C)C)C=C2)c2ccc(N(C)C)cc2)cc1,1,0.35294117647058826,0.696,<0.4
CHEBI:190305,CCCCCCCCCCCCCCCCCCCCCCCC(=O)N[C@@H](CCCCCCCCCC)CO[C@@H]1O[C@H](CO)[C@@H](O[C@@H]2O[C@H](CO[C@]3(C(=O)O)C[C@H](O)[C@@H](NC(C)=O)[C@H]([C@H](O)[C@H](O)CO)O3)[C@H](O)[C@H](O)[C@H]2O)[C@H](O)[C@H]1NC(C)=O,0,0.65,0.038799999999999994,0.6-0.7
CHEBI:93031,O=S(=O)(c1ccc2c(c1)OCCO2)N1CCCN(S(=O)(=O)c2c(F)cccc2F)CC1,0,0.5490196078431373,0.385,0.5-0.6
2537,CCN1CCCC1CNC(=O)c1cc(S(N)(=O)=O)ccc1OC,1,0.4722222222222222,0.73,0.4-0.5
CHEBI:177943,O=C1c2c(O)cc(O)cc2OC(c2ccc(O)c(O)c2)C1OC1OC(CO)C(O)C(O)C1O,0,0.7258064516129032,0.07066666666666666,0.7-0.8
CHEBI:113193,N#CC(=NNc1cccc(F)c1)C(=N)N1CCCCCC1,0,0.26506024096385544,0.668,<0.4
CHEBI:34316,Nc1ncnc2c1ncn2[C@@H]1O[C@H](COP(=O)(O)OP(=O)(O)OP(=O)(O)O)[C@@H](OC(=O)c2ccc(C(=O)c3ccccc3)cc2)[C@H]1O,0,0.6805555555555556,0.47485714285714287,0.6-0.7
1778,CN(NC(=O)c1ccc(Cl)c(S(N)(=O)=O)c1)c1ccccc1,1,0.4915254237288136,0.866,0.4-0.5
2999,CN1CCCN=C1/C=C/c1cccs1,1,0.5454545454545454,0.831,0.5-0.6
318,CCc1oc2ccccc2c1C(=O)c1cc(Br)c(O)c(Br)c1,1,0.36363636363636365,0.612,<0.4
2547,CCCCC1(COC(=O)CCC(=O)O)C(=O)N(c2ccccc2)N(c2ccccc2)C1=O,1,0.6415094339622641,0.817,0.6-0.7
CHEBI:752091,Cc1ccc(N2CCNCC2)c(S(=O)(=O)O)c1,0,0.4375,0.803,0.4-0.5
187,CCN(CC)CCC1(c2ccccc2)C(=O)Oc2ccccc21,1,0.37037037037037035,0.83,<0.4
CHEBI:36806,CNCC[C@@H](Oc1cccc2ccccc12)c1cccs1.Cl,0,0.35714285714285715,0.7333333333333334,<0.4
CHEBI:186164,CC[C@@H]1O[C@H]([C@H](O)/C=C/[C@H](O)CCCCCCCC(=O)O)C[C@@H]1O,0,0.4528301886792453,0.2015,0.4-0.5
5290,Cn1cnc2c(F)c(Nc3ccc(Br)cc3F)c(C(=O)NOCCO)cc21,1,0.2696629213483146,0.659,<0.4
CHEBI:102500,CO[C@H]1CN(C)C(=O)c2cc(NC(=O)c3ccccc3F)ccc2OC[C@H](C)N(CC2CCOCC2)C[C@@H]1C,0,0.8289473684210527,0.002,0.8-0.9
3369,c1ccc2c(CC3=NCCN3)cccc2c1,1,0.5555555555555556,0.832,0.5-0.6
3488,CCCCC(=O)O[C@]1(C(=O)CO)CC[C@H]2[C@@H]3CCC4=CC(=O)C=C[C@]4(C)[C@H]3[C@@H](O)C[C@@]21C,1,0.7285714285714285,0.82,0.7-0.8
1555,CCOC(=O)CSCCC1NC(C(=O)O)CS1,1,0.2727272727272727,0.574,<0.4
CHEBI:107398,CS(=O)(=O)Nc1ccc(OCc2ccccc2)cc1,0,0.35185185185185186,0.866,<0.4
2245,C[C@]12C=CC(=O)C=C1CC[C@@H]1[C@@H]2[C@@H](O)C[C@@]2(C)[C@H]1CC[C@]2(O)C(=O)CO,1,0.746031746031746,0.9375238095238096,0.7-0.8
2809,CCCc1nc(C)c2c(=O)[nH]c(-c3cc(S(=O)(=O)N4CCN(CC)CC4)ccc3OCC)nn12,1,0.5897435897435898,0.809,0.5-0.6
CHEBI:68687,O=P([O-])([O-])OC[C@H]1O[C@@H]2OP(=O)([O-])O[C@@H]2[C@@H]1O,0,0.4666666666666667,0.18714285714285714,0.4-0.5
364,C=CCc1cc(-c2cc(CC=C)c(O)c(CN(CC)CC)c2)cc(CN(CC)CC)c1O,1,0.2711864406779661,0.667,<0.4
CHEBI:122868,COCCNC(=O)C[C@H]1C[C@H]2c3cc(NC(=O)Nc4ccc(OC)cc4)ccc3O[C@H]2[C@H](CO)O1,0,0.6753246753246753,0.04,0.6-0.7
CHEBI:96095,COCC(=O)N(C)C[C@@H]1Oc2cc(C#Cc3cccnc3)ccc2S(=O)(=O)N([C@H](C)CO)C[C@H]1C,0,0.6206896551724138,0.02,0.6-0.7
1040,N=C(N)NCCCC[C@@H]1NC(=O)CCSSC[C@@H](C(N)=O)NC(=O)[C@@H]2CCCN2C(=O)[C@H](Cc2c[nH]c3ccccc23)NC(=O)[C@H](CC(=O)O)NC(=O)CNC1=O,1,0.4461538461538462,0.697,0.4-0.5
CHEBI:96680,C[C@H]1CN([C@@H](C)CO)C(=O)CCCn2cc(nn2)CO[C@@H]1CN(C)C(=O)C1CC1,0,0.7567567567567568,0.002,0.7-0.8
5261,O=C(CCC/C=C\C[C@@H]1[C@@H](CC[C@@H](O)CCc2ccccc2)[C@H](O)C[C@@H]1O)OCCCCO[N+](=O)[O-],1,0.45121951219512196,0.5606666666666666,0.4-0.5
CHEBI:198920,C[C@H]1O[C@@H]2CCC(=O)[C@@H](C2)[C@@H]1O,0,0.30434782608695654,0.097,<0.4
CHEBI:98359,O=C(C[C@H]1C[C@@H]2c3cc(NS(=O)(=O)c4ccc(F)cc4)ccc3O[C@@H]2[C@H](CO)O1)NCc1cccnc1,0,0.7721518987341772,0.028,0.7-0.8
CHEBI:192275,O=C([O-])C[C@H](NC(=O)CC1(O)C(=O)Nc2ccccc21)C(=O)[O-],0,0.29411764705882354,0.536,<0.4
827,CCC(=O)OCC(=O)[C@@]1(OC(=O)CC)[C@H](C)C[C@H]2[C@@H]3CCC4=CC(=O)C=C[C@]4(C)[C@@]3(F)[C@@H](O)C[C@@]21C,1,0.6842105263157895,0.7446666666666667,0.6-0.7
176,CCCCc1oc2ccccc2c1C(=O)c1cc(I)c(OCCN(CC)CC)c(I)c1,1,0.3466666666666667,0.803,<0.4
1145,O=C(O)CCC(=O)c1ccc(-c2ccccc2)cc1,1,0.46153846153846156,0.793,0.4-0.5
2725,C[C@]12C=CC(=O)C=C1CC[C@H]1[C@@H]3C[C@@H](O)[C@](O)(C(=O)CO)[C@@]3(C)C[C@H](O)[C@@]12F,1,0.7096774193548387,0.7058571428571428,0.7-0.8
CHEBI:201235,CC1=C(CCCCCCCCCCCCCCCCC2=C(C)C(=O)OC2=O)C(=O)OC1=O,0,0.3888888888888889,0.35766666666666663,<0.4
CHEBI:148097,CC(=O)N[C@@H]1[C@@H](O)[C@H](O[C@@H]2O[C@H](CO)[C@@H](O[C@@H]3O[C@H](CO[C@H]4O[C@H](CO)[C@@H](O[C@@H]5O[C@H](CO)[C@@H](O[C@@H]6O[C@H](CO)[C@H](O)[C@H](O[C@]7(C(=O)O)C[C@H](O)[C@@H](NC(C)=O)[C@H]([C@H](O)[C@H](O)CO)O7)[C@H]6O)[C@H](O)[C@H]5NC(C)=O)[C@H](O)[C@@H]4O[C@@H]4O[C@H](CO)[C@@H](O[C@@H]5O[C@H](CO[C@]6(C(=O)O)C[C@H](O)[C@@H](NC(C)=O)[C@H]([C@H](O)[C@H](O)CO)O6)[C@H](O)[C@H](O)[C@H]5O)[C@H](O)[C@H]4NC(C)=O)[C@@H](O)[C@H](O[C@H]4O[C@H](CO[C@@H]5O[C@H](CO)[C@@H](O[C@@H]6O[C@H](CO[C@]7(C(=O)O)C[C@H](O)[C@@H](NC(C)=O)[C@H]([C@H](O)[C@H](O)CO)O7)[C@H](O)[C@H](O)[C@H]6O)[C@H](O)[C@H]5NC(C)=O)[C@@H](O)[C@H](O)[C@@H]4O[C@@H]4O[C@H](CO)[C@@H](O[C@@H]5O[C@H](CO[C@]6(C(=O)O)C[C@H](O)[C@@H](NC(C)=O)[C@H]([C@H](O)[C@H](O)CO)O6)[C@H](O)[C@H](O)[C@H]5O)[C@H](O)[C@H]4NC(C)=O)[C@@H]3O)[C@H](O)[C@H]2NC(C)=O)[C@@H](CO)O[C@H]1O,0,1.0,0.0,>=0.9
CHEBI:108142,CC(C)NC(=O)c1nn2c(C(F)(F)F)cc(-c3ccco3)nc2c1Cl,0,0.26582278481012656,0.628,<0.4
CHEBI:152041,CC(=O)N[C@H]1[C@H](OC[C@H]2O[C@H](O[C@@H]3[C@@H](O)[C@H](O)[C@@H](CO)O[C@@H]3O)[C@H](O)[C@@H](O)[C@@H]2O)O[C@H](CO)[C@@H](O)[C@@H]1O,0,0.8113207547169812,0.0038,0.8-0.9
CHEBI:59380,CCCCCCCCCCCCCCCCCCCCCCCCCCCCCC(O)CC(=O)N[C@H](Cc1ccccc1)C(=O)N[C@@H](C(=O)N[C@H](C)C(=O)N[C@@H](C)COC1O[C@@H](C)[C@H](OC)[C@@H](OC)[C@H]1O)[C@@H](C)OC1O[C@@H](C)[C@@H](O)[C@@H](O)[C@H]1O[C@@H]1O[C@@H](C)[C@H](O)[C@@H](O[C@@H]2O[C@@H](C)[C@@H](O[C@@H]3O[C@H](C(=O)O)[C@@H](O[C@@H]4O[C@@H](C)[C@@H](OC)[C@@H](O)[C@@H]4OC)[C@H](O)[C@H]3O)[C@@H](O)[C@@H]2OC)[C@H]1O,0,0.29927007299270075,0.2657857142857143,<0.4
CHEBI:221235,C=C(C(=O)N[C@H](C)C(=O)N[C@@H](CCc1ccc(O)cc1)C(=O)N[C@H](CC(=O)N[C@@H](CCCN=C(N)N)C(=O)O)C(=O)O)N(C)C(=O)CC[C@@H](NC(=O)[C@@H](C)[C@@H](N)/C=C/C(C)=C/[C@H](C)[C@H](Cc1ccccc1)OC)C(=O)O,0,0.3465346534653465,0.379,<0.4
458,CCCC[N+]1(C)[C@@H]2C[C@@H](OC(=O)[C@H](CO)c3ccccc3)C[C@H]1[C@@H]1O[C@@H]12,1,0.7321428571428571,0.877,0.7-0.8
CHEBI:105070,Cn1c(=O)c2cc(S(=O)(=O)N3CCOCC3)ccc2n(C)c1=O,0,0.4117647058823529,0.606,0.4-0.5
3643,CC[C@]12CCCN3CCc4c(n(c5ccccc45)[C@@](O)(C(=O)OC)C1)[C@@H]32,1,0.5692307692307692,0.694,0.5-0.6
3909,CCC[C@@H]1C[C@@H](C(=O)N[C@@H]([C@H]2O[C@H](SC)[C@H](OP(=O)(O)O)[C@@H](O)[C@H]2O)[C@H](C)Cl)N(C)C1,1,0.27058823529411763,0.33566666666666667,<0.4
2182,O=C(OCCOCCN1CCCCC1)N1c2ccccc2Sc2cccnc21,1,0.5,0.9130833333333334,0.5-0.6
CHEBI:124114,C[C@H]1CN([C@@H](C)CO)C(=O)c2cc(N(C)C)ccc2O[C@@H]1CN(C)Cc1ccc(C(=O)O)cc1,0,0.8,0.0,0.8-0.9
2381,C1COC(NC(C2CC2)C2CC2)=N1,1,0.15384615384615385,0.6246666666666666,<0.4
2189,CCC1(CC)C(=O)CCNC1=O,1,0.42857142857142855,0.772,0.4-0.5
3212,Cn1c(=O)c2c(ncn2CCOC(=O)c2cccnc2)n(C)c1=O,1,0.5666666666666667,0.908,0.5-0.6
CHEBI:62461,CC(=O)O[C@H]1C[C@@]2(C)[C@@H](CC[C@H]3[C@@]4(C)C=CC(=O)[C@@H](C)[C@@H]4[C@H](OC(C)=O)C(=O)[C@@]32C)C1=C(CCC=C(C)C)C(=O)[O-],0,0.6265060240963856,0.231,0.6-0.7
CHEBI:197168,C=C(CC[C@@H](C)[C@H]1CC[C@H]2[C@@H]3CCC4=CC(=O)C=C[C@]4(C)[C@H]3CC[C@]12C(=O)O)C(C)C,0,0.48,0.386,0.4-0.5
2582,CCOC(=O)N1CSC[C@H]1C(=O)O,1,0.4222222222222222,0.591,0.4-0.5
356,CC(C)NCC(O)COc1ccc(CCOCC2CC2)cc1,1,0.8043478260869565,0.9293333333333333,0.8-0.9
CHEBI:232604,Nc1ccccc1NC(=O)c1ccc(CCCC(=O)Nc2ccc([C@@H]3C[C@H]3N)cc2)cc1,0,0.31,0.662,<0.4
CHEBI:167988,COc1ccc(C2OCC3(OC(C)=O)C(c4ccc(OC5OC(CO)C(O)C(O)C5O)c(OC)c4)OCC23)cc1OC,0,0.410958904109589,0.19933333333333333,0.4-0.5
98,Cc1ccccc1-n1c(CF)nc2ccc(N)cc2c1=O,1,0.2833333333333333,0.7175,<0.4
CHEBI:87351,CNc1ccc2cc3ccc(=[NH+]C)cc-3oc2c1,0,0.23333333333333334,0.5108333333333334,<0.4
CHEBI:163935,NCC(=O)N[C@@H](Cc1ccccc1)C(=O)N1CCC[C@@H]1C(=O)O,0,0.5573770491803278,0.7515,0.5-0.6
CHEBI:110408,CN(C)C(=O)C[C@H]1C[C@@H]2c3cc(NC(=O)Nc4ccc(C(F)(F)F)cc4)ccc3O[C@@H]2[C@H](CO)O1,0,0.6956521739130435,0.048,0.6-0.7
3908,C[C@@H]1C[C@@H](OC(=O)c2cccnc2)CC(C)(C)C1,1,0.7037037037037037,0.81,0.7-0.8
CHEBI:123214,Cc1cccc(OCCNc2cc(N3CCOCC3)ccc2[N+](=O)[O-])c1,0,0.27692307692307694,0.698,<0.4
3836,CCc1nc(CC)nc(NS(=O)(=O)c2ccc(N)cc2)n1,1,0.6666666666666666,0.93,0.6-0.7
CHEBI:234462,CN1CCC[C@H]1c1ccc(CCCCCC(=O)O)nc1,0,0.2833333333333333,0.6953333333333334,<0.4
3718,Cc1cc(CC(=O)O)c(C)n1-c1ccc(Cl)cc1,1,0.40816326530612246,0.7893333333333332,0.4-0.5
CHEBI:103472,CC(C)NC(=O)Nc1ccc2c(c1)C(=O)N([C@H](C)CO)C[C@H](C)[C@@H](CN(C)C)OCCCC[C@H](C)O2,0,0.8421052631578947,0.0,0.8-0.9
2252,CCCCC(=O)O[C@]1(C(=O)COC(C)=O)CC[C@H]2[C@@H]3CCC4=CC(=O)C=C[C@]4(C)[C@H]3[C@@H](O)C[C@@]21C,1,0.6891891891891891,0.774,0.6-0.7
CHEBI:110865,CCCN(C)C[C@H]1OCCCC[C@H](C)Oc2ccc(NC(=O)CCCN(C)C)cc2C(=O)N([C@H](C)CO)C[C@@H]1C,0,0.8674698795180723,0.006,0.8-0.9
CHEBI:153610,CC(=O)N[C@H]1[C@H](O[C@H]2[C@H](O[C@@H]3O[C@@H](C)[C@@H](O)[C@@H](O)[C@@H]3O)[C@@H](NC(C)=O)C(O)O[C@@H]2CO)O[C@H](CO)[C@@H](O[C@@H]2O[C@H](CO[C@H]3O[C@H](CO)[C@@H](O)[C@H](O)[C@@H]3O)[C@@H](O)[C@H](O[C@H]3O[C@H](CO)[C@@H](O)[C@H](O)[C@@H]3O)[C@@H]2O[C@@H]2O[C@H](CO)[C@H](O)[C@H]2O)[C@@H]1O,0,0.9,0.0,>=0.9
135,C=CCN1CCCC1CNC(=O)c1cc(S(=O)(=O)NC)c(N)cc1OC,1,0.6056338028169014,0.6456000000000001,0.6-0.7
678,CCC[C@@H]1C[C@@H](C(=O)N[C@@H]([C@H]2O[C@H](SC)[C@H](O)[C@@H](O)[C@H]2O)[C@H](C)Cl)N(C)C1,1,0.2375,0.3513333333333334,<0.4
CHEBI:149536,OC[C@H](O)[C@@H]1OC(O)[C@H](O)[C@@H]1O,0,0.6071428571428571,0.276004761904762,0.6-0.7
2708,Cc1cccc(Nc2ccncc2S(=O)(=O)NC(=O)NC(C)C)c1,1,0.2698412698412698,0.622,<0.4
CHEBI:173096,CC(C)(C)OC(=O)c1ccc(NC23CC4CC(CC(C4)C2)C3)c(N=Cc2cncnc2)c1,0,0.24050632911392406,0.544,<0.4
5012,CCOC(=O)[C@H](C)C[C@@H](Cc1ccc(-c2ccccc2)cc1)NC(=O)CCC(=O)O,1,0.3225806451612903,0.7059333333333334,<0.4
1911,O=C(OCC(COC(=O)c1cccnc1)(COC(=O)c1cccnc1)COC(=O)c1cccnc1)c1cccnc1,1,0.7,0.962,0.7-0.8
3606,C/C=C(\C)C(=O)O[C@@H]1C[C@H]2CC[C@@H](C1)N2C,1,0.46511627906976744,0.5305,0.4-0.5
4376,Cc1cc(N)c2ccccc2[n+]1CCCCCCCCCC[n+]1c(C)cc(N)c2ccccc21,1,0.28,0.742,<0.4
CHEBI:119880,Cc1c(C(=O)NNC=C2C=CC(=O)C(Br)=C2)sc(N)c1C#N,0,0.1875,0.466,<0.4
68,CC(=O)O[C@H]1[C@@H](O)C[C@H](O[C@H]2[C@@H](O)C[C@H](O[C@H]3[C@@H](O)C[C@H](O[C@H]4CC[C@@]5(C)[C@H](CC[C@@H]6[C@@H]5C[C@@H](O)[C@]5(C)[C@@H](C7=CC(=O)OC7)CC[C@]65O)C4)O[C@@H]3C)O[C@@H]2C)O[C@@H]1C,1,0.7666666666666667,0.454,0.7-0.8
2659,O=C(O)C1CSC(C(=O)O)N1,1,0.3793103448275862,0.6595,<0.4
1568,OC[C@@H](O)CN1CCN(c2ccccc2)CC1,1,0.46296296296296297,0.809,0.4-0.5
CHEBI:213219,CCC(=O)[C@@H]1CCCN1C(=O)[C@H](Cc1ccccc1)N(C)C(=O)[C@@H](CC(C)C)NC(=O)[C@]1(C)CSC([C@@H]2C[C@H](C)CN2C(=O)[C@@H](Cc2ccc(O)c(Br)c2)N(C)C(=O)[C@H](C)NC(=O)C(C)(C)C)=N1,0,0.3090909090909091,0.592,<0.4
CHEBI:173954,Cc1ccc(C2OCC(CO)O2)cc1,0,0.42105263157894735,0.545,0.4-0.5
2562,CCOc1ccccc1OCCN[C@H](C)Cc1ccc(OC)c(S(N)(=O)=O)c1,1,0.3488372093023256,0.7846666666666666,<0.4
CHEBI:149102,CC(=O)N[C@@H]1[C@@H](O[C@@H]2O[C@H](CO)[C@H](O)[C@H](O[C@@H]3O[C@H](CO)[C@@H](O[C@@H]4O[C@@H](C)[C@@H](O)[C@@H](O)[C@@H]4O)[C@H](O[C@@H]4O[C@H](CO)[C@H](O)[C@H](O)[C@H]4O[C@@H]4O[C@@H](C)[C@@H](O)[C@@H](O)[C@@H]4O)[C@H]3NC(C)=O)[C@H]2O)[C@@H](O)[C@@H](CO[C@@H]2O[C@H](CO)[C@@H](O[C@@H]3O[C@H](CO)[C@H](O)[C@H](O)[C@H]3O)[C@H](O)[C@H]2NC(C)=O)O[C@@H]1O,0,0.9672131147540983,0.0,>=0.9
434,CO[C@]12CC[C@@]3(C[C@@H]1[C@](C)(O)C(C)(C)C)[C@H]1Cc4ccc(O)c5c4[C@@]3(CCN1CC1CC1)[C@H]2O5,1,0.5,0.6547999999999999,0.5-0.6
3395,CCCCC(CC)COC(=O)C(C#N)=C(c1ccccc1)c1ccccc1,1,0.42,0.8216666666666667,0.4-0.5
CHEBI:184823,CCC=CCC=CC[C@@H](O)/C=C/[C@@H]1C=CC(=O)[C@@H]1CC=CCCC(=O)O,0,0.5686274509803921,0.2115,0.5-0.6
3165,O=C(O)CCC/C=C\C[C@H]1[C@@H]2CC[C@@H](C2)[C@@H]1NS(=O)(=O)c1ccccc1,1,0.36,0.5196000000000001,<0.4
CHEBI:149060,CC(=O)N[C@H]1[C@H](O[C@@H]([C@@H](O)[C@H](O)CO)[C@H](CO)NC(C)=O)O[C@H](CO)[C@@H](O[C@@H]2O[C@@H](C)[C@@H](O)[C@@H](O)[C@@H]2O)[C@@H]1O[C@@H]1O[C@H](CO)[C@H](O)[C@H](O)[C@H]1O,0,0.8428571428571429,0.03,0.8-0.9
CHEBI:116562,O=c1cc(-c2ccccc2)c2ccc(O)c(CN3CCCCC3)c2o1,0,0.5535714285714286,0.4933333333333333,0.5-0.6
CHEBI:65674,C=C(C)C1Cc2c(cc3oc4c(O)c(O)c(O)c(CC=C(C)C)c4c(=O)c3c2O)O1,0,0.44776119402985076,0.138,0.4-0.5
1007,COc1ccc(C(=O)Nc2ccccc2CCC2CCCCN2C)cc1,1,0.3484848484848485,0.6933333333333334,<0.4
228,CN1CCc2cccc3c2[C@H]1Cc1ccc(O)c(O)c1-3,1,0.2857142857142857,0.636,<0.4
5448,COC(=O)[C@H](c1ccccc1)[C@H]1CCCCN1C(=O)OC[n+]1cccc(C(=O)N[C@@H](CO)C(=O)[O-])c1,1,0.36486486486486486,0.58,<0.4
2008,COc1ccc2c(c1)c(CC(=O)NO)c(C)n2C(=O)c1ccc(Cl)cc1,1,0.6470588235294118,0.665,0.6-0.7
CHEBI:217218,CC1=C2[C@@H]3CC(C)(C)C[C@@H]3[C@@H](O)[C@@]2(C)CC1=O,0,0.25,0.2763333333333334,<0.4
CHEBI:27733,C=C[C@]1(C)CC[C@@H]([C@@H](C)C=O)O1,0,0.22448979591836735,0.239,<0.4
CHEBI:166604,COc1cc(O)c(C(=O)/C=C/c2cc(OC)c(OC)cc2OC)c(OC)c1,0,0.4117647058823529,0.14685714285714285,0.4-0.5
1085,CCOC(=O)C1(c2ccccc2)CCCN(C)CC1,1,0.5961538461538461,0.894,0.5-0.6
CHEBI:11901,C[C@H](CCC(=O)[O-])[C@H]1CC[C@H]2[C@@H]3[C@H](O)C[C@@H]4C[C@H](O)CC[C@]4(C)[C@H]3CC(=O)[C@]12C,0,0.6229508196721312,0.2963333333333334,0.6-0.7
729,C=C[C@@]1(C)CC(=O)[C@]2(O)[C@@]3(C)[C@@H](O)CCC(C)(C)[C@@H]3[C@H](OC(=O)CCN(C)C)[C@H](OC(C)=O)[C@@]2(C)O1,1,0.35789473684210527,0.4231666666666667,<0.4
CHEBI:133411,CCCCCC(=O)CC[C@@H]1[C@@H](CCCCCCC(=O)[O-])[C@@H](O)C[C@H]1O,0,0.46153846153846156,0.09433333333333332,0.4-0.5
CHEBI:757635,CC(C)(O)c1cccn2c(C3(c4ccc(Cl)cc4)CC3)nnc12,0,0.29508196721311475,0.7344285714285714,<0.4
3262,C[C@H]1O[C@@H](O[C@H]2[C@@H](O)C[C@H](O[C@H]3[C@@H](O)C[C@H](O[C@H]4CC[C@@]5(C)[C@H](CC[C@@H]6[C@@H]5CC[C@]5(C)[C@@H](C7=CC(=O)OC7)[C@@H](O)C[C@]65O)C4)O[C@@H]3C)O[C@@H]2C)C[C@H](O)[C@@H]1O,1,0.6555555555555556,0.45476190476190476,0.6-0.7
3656,CCC(C(=O)O)c1ccc(-c2ccccc2)cc1,1,0.5,0.88,0.5-0.6
CHEBI:111757,C[C@H](CO)N1C[C@H](C)[C@@H](CN(C)Cc2ccc(Cl)c(Cl)c2)Oc2c(cccc2N(C)C)C1=O,0,0.55,0.03,0.5-0.6
CHEBI:193495,CO/C=C/c1cc2ccc(=O)oc2cc1COC1OC(C(=O)O)C(O)C(O)C1O,0,0.391304347826087,0.16,<0.4
4554,C[C@@H]1C[C@H]2[C@@H]3C[C@H](F)C4=CC(=O)C=C[C@]4(C)[C@@]3(F)[C@@H](O)C[C@]2(C)[C@@]1(OC(=O)c1ccco1)C(=O)SCF,1,0.4782608695652174,0.5653333333333334,0.4-0.5
CHEBI:47886,COC(=O)C1C[C@H]2[C@@H]3CCC4=CC(=O)C=C[C@]4(C)[C@H]3[C@@H](O)C[C@]2(C)[C@@]1(O)C(=O)CO,0,0.6323529411764706,0.795,0.6-0.7
CHEBI:96949,C[C@H]1CN([C@@H](C)CO)C(=O)CCCn2nncc2CO[C@@H]1CN(C)C(=O)Nc1ccc(N2CCCCC2)cc1,0,0.7317073170731707,0.034,0.7-0.8
4464,CCC(=O)C1(c2ccccc2)CCN(CCOCCO)CC1,1,0.4576271186440678,0.9,0.4-0.5
CHEBI:6384,CC(C)OC(=O)CCCC=CC[C@@H]1[C@@H](CC[C@@H](O)CCc2ccccc2)[C@H](O)C[C@@H]1O,0,0.5333333333333333,0.594,0.5-0.6
CHEBI:96221,CCCC#Cc1cnc2c(c1)C(=O)N([C@@H](C)CO)C[C@@H](C)[C@@H](CN(C)C(=O)CCN1CCCCC1)O2,0,0.6627906976744186,0.054,0.6-0.7
CHEBI:150679,CC(=O)N[C@H]1[C@H](OC[C@H]2O[C@H](O[C@H]3[C@H](O)[C@@H](O)[C@H](OC[C@H]4O[C@@H](O)[C@H](O)[C@@H](O)[C@H]4O)O[C@@H]3C(=O)O)[C@H](O)[C@@H](O)[C@@H]2O)O[C@H](CO)[C@@H](O[C@@H]2O[C@H](CO)[C@H](O)[C@H](O)[C@H]2O)[C@@H]1O,0,0.7931034482758621,0.008,0.7-0.8
164,CCC1(c2ccc(N)cc2)CCC(=O)NC1=O,1,0.325,0.8455,<0.4
CHEBI:234641,*C(=O)N[C@@H](CO[C@@H]1O[C@H](CO)[C@@H](O[C@@H]2O[C@H](CO)[C@H](O)[C@H](O[C@@H]3O[C@H](CO)[C@@H](O)[C@H](O[C@@H]4O[C@H](CO)[C@H](O)[C@H](O[C@]5(C(=O)[O-])C[C@H](O)[C@@H](NC(C)=O)[C@H]([C@H](O)[C@@H](CO)O[C@]6(C(=O)[O-])C[C@H](O)[C@@H](NC(C)=O)[C@H]([C@H](O)[C@H](O)CO)O6)O5)[C@H]4O)[C@H]3NC(C)=O)[C@H]2O)[C@H](O)[C@H]1O)[C@@H](*)O,0,0.9130434782608695,0.004,>=0.9
CHEBI:173352,CC1CC(S)C(C)O1,0,0.2962962962962963,0.32466666666666666,<0.4
1510,CC(COc1ccccc1)NC(C)C(O)c1ccc(O)cc1,1,0.6136363636363636,0.936,0.6-0.7
CHEBI:106300,C[C@H](CO)N1C[C@H](C)[C@H](CN(C)C(=O)Cc2ccccc2)Oc2ncc(C#CCN(C)C)cc2C1=O,0,0.7058823529411765,0.004,0.7-0.8
CHEBI:189214,CCCC[C@@H]1C(=O)N[C@@]23C[C@@]45O/C(=C(/CC)CCC[C@H](OC)C(=O)[C@@]4(C)[C@@H]12)c1c(O)ccc(c15)C3=O,0,0.2261904761904762,0.37366666666666665,<0.4
CHEBI:212616,CC(C)C[C@@H]1NC(=O)c2csc(n2)C(C)NC(=O)c2csc(n2)C(C)NC(=O)[C@H]([C@@H](C)O)NC1=O,0,0.43333333333333335,0.326,0.4-0.5
CHEBI:219076,CO[C@H]1C[C@H](CC[C@H](C)[C@H](O)[C@H](C)[C@@H]2C[C@H](O)C[C@H](O)[C@H](C)[C@@H](OC)C[C@@H]3CC=C[C@@H](C[C@@H](O[C@H]4OC[C@H](OC)[C@@H](OC)[C@@H]4O)CC=C(C)C=CC(=O)O[C@H]([C@@H](C)[C@@H](O)[C@@H](C)CC[C@H]4C[C@H](OC)C[C@H](C)O4)C[C@H](O)C[C@H](O)[C@H](C)[C@@H](OC)C[C@@H]4CC=C[C@@H](C[C@@H](O[C@H]5OC[C@H](OC)[C@@H](OC)[C@@H]5O)CC=C(C)C=CC(=O)O2)O4)O3)O[C@@H](C)C1,0,0.6909090909090909,0.212,0.6-0.7
CHEBI:222720,CCC[C@H](CC[C@H](O[C@@H]1O[C@H](C)[C@@H](O)[C@H](NC)[C@H]1O)[C@H](C)[C@@H](O)C[C@@H](C[C@@H](CCC[C@H](O)CC[C@H](C)CCCCN)O[C@H]1O[C@H](CO)[C@@H](O)[C@@H]1O)O[C@@H]1O[C@H](CO)[C@@H](O)[C@H](O)[C@H]1O)[C@H]1OC(=O)CCCC[C@H](C)[C@@H](O)CC[C@H](C)[C@@H](O)[C@H](C)CCCC[C@@H](O)[C@@H](C)C(=O)C[C@H](O)C(C)=C[C@@H](OC2O[C@H](CO)[C@@H](O)[C@H](O)[C@@H]2O)[C@H](O)[C@H](C)[C@@H](O)C[C@H](O)CCC[C@@H](O)C[C@H](O)C[C@@H](O)C[C@H](O)C[C@@H](O)[C@H](C)[C@@H](O)[C@@H](C)[C@H](O)CC(O)C[C@H](O[C@@H]2O[C@H](CO)[C@@H](O)[C@H](O)[C@H]2O)[C@@H]1C,0,0.2925531914893617,0.38,<0.4
CHEBI:130568,CC(C)C#Cc1ccc([C@H]2[C@@H](CO)N3C(=O)CN(C(=O)c4ccc5c(c4)OCO5)C[C@H]23)cc1,0,0.6447368421052632,0.12233333333333332,0.6-0.7
1220,CC(=O)OC(C)OC(=O)C(C)c1ccc(-c2ccccc2)c(F)c1,1,0.5344827586206896,0.66,0.5-0.6
1440,COc1ccc2c(c1)c(CC(=O)O)c(C)n2C(=O)c1ccc(Cl)cc1,1,0.6885245901639344,0.777,0.6-0.7
1843,O=C(NCN1CCOCC1)c1cnccn1,1,0.3902439024390244,0.82,<0.4
CHEBI:34596,CC(C=O)=C/C=C/C=C(C)/C=C/C=C(\C)C=C=C1C(C)(C)C[C@H](O)C[C@@]1(C)O,0,0.4,0.2865333333333333,0.4-0.5
5280,COc1cc(Nc2ncc(F)c(Nc3ccc4c(n3)N(COP(=O)(O)O)C(=O)C(C)(C)O4)n2)cc(OC)c1OC,1,0.25925925925925924,0.508,<0.4
CHEBI:145001,*C(=O)N[C@@H](CO[C@@H]1O[C@H](CO)[C@@H](O[C@@H]2O[C@H](CO)[C@H](O)[C@H](O[C@@H]3O[C@H](CO)[C@@H](O[C@@H]4O[C@H](CO)[C@H](O)[C@H](O[C@@H]5O[C@H](CO)[C@@H](O[C@@H]6O[C@H](CO)[C@H](O)[C@H](O[C@@H]7O[C@H](CO)[C@@H](O[C@@H]8O[C@H](CO)[C@H](O)[C@H](O)[C@H]8O)[C@H](O[C@@H]8O[C@@H](C)[C@@H](O)[C@@H](O)[C@@H]8O)[C@H]7NC(C)=O)[C@H]6O)[C@H](O[C@@H]6O[C@@H](C)[C@@H](O)[C@@H](O)[C@@H]6O)[C@H]5NC(C)=O)[C@H]4O)[C@H](O[C@@H]4O[C@@H](C)[C@@H](O)[C@@H](O)[C@@H]4O)[C@H]3NC(C)=O)[C@H]2O)[C@H](O)[C@H]1O)[C@H](O)CCCCCCCCCCCCCCC,0,0.9102564102564102,0.004,>=0.9
CHEBI:69759,CC(=O)OC[C@@]12[C@H](OC(C)=O)[C@@H](OC(C)=O)[C@@H]3[C@@H](OC(=O)c4ccccc4)[C@@]14O[C@@]3(C)COC(=O)c1cccnc1[C@@H](C)[C@H](C)C(=O)O[C@@H]([C@H](OC(C)=O)[C@@H]2OC(C)=O)[C@]4(C)O,0,0.7157894736842105,0.276,0.7-0.8
3741,CCC(CN)=C(c1ccccc1)c1ccccc1,1,0.3488372093023256,0.908,<0.4
CHEBI:204286,CC=C(C)c1cc(=O)c2c(C)cc3c(c2o1)C(=O)c1c(O)c(C2C[C@](C)(N(C)C)[C@H](O)[C@H](C)O2)cc(C2C[C@@H](N(C)C)[C@H](O)[C@@H](C)O2)c1C3=O,0,0.32710280373831774,0.33333333333333337,<0.4
1832,C[C@@H]1C[C@H]2[C@@H]3CCC4=CC(=O)C=C[C@]4(C)[C@@]3(Cl)[C@@H](O)C[C@]2(C)[C@@]1(OC(=O)c1ccco1)C(=O)CCl,1,0.5647058823529412,0.5495,0.5-0.6
CHEBI:91723,CC1OC(OC2CC(O)C3(CO)C4C(O)CC5(C)C(C6=CC(=O)OC6)CCC5(O)C4CCC3(O)C2)C(O)C(O)C1O,0,0.6222222222222222,0.3586666666666667,0.6-0.7
CHEBI:104833,C[C@H]1CCCCO[C@@H](CN(C)C(=O)CCC(F)(F)F)[C@@H](C)CN([C@@H](C)CO)C(=O)c2cc(N(C)C)ccc2O1,0,0.7682926829268293,0.016,0.7-0.8
CHEBI:26340,[1*][C@H]1C(O)C[C@@H](O)[C@@H]1[2*],0,0.30434782608695654,0.24533333333333335,<0.4
1744,COc1cccc(OC)c1C(=O)N[C@@H]1C(=O)N2[C@@H]1SC(C)(C)[C@@H]2C(=O)O,1,0.6290322580645161,0.837,0.6-0.7
635,CC[N+](C)(CC)CCOC(C)(c1ccccc1)C1CC2C=CC1C2,1,0.39344262295081966,0.7975,<0.4
CHEBI:188496,CC(C)[C@H](C)[C@@H](O)[C@H](O)[C@@H](C)[C@H]1CC[C@H]2[C@@H]3C[C@H](O)[C@H]4CC(=O)CC[C@]4(C)[C@H]3CC[C@]12C,0,0.47761194029850745,0.24666666666666667,0.4-0.5
CHEBI:181776,CCC=CCC1=C(CCCCC(CCC(=O)O)OC(C)=O)CCC1=O,0,0.3333333333333333,0.22483333333333333,<0.4
2111,CN1CCN(C2=Nc3ccccc3Cc3ccccc32)CC1,1,0.5,0.8714666666666667,0.5-0.6
CHEBI:103952,O=C(NN=Cc1ccc(OCc2ccccc2)cc1)c1cc[n+](Cc2ccccc2)cc1,0,0.3522727272727273,0.6,<0.4
3342,C[C@H]1CC(=O)C[C@@H]2CC[C@H]3[C@@H]4CC[C@H](O)[C@@]4(C)CC[C@@H]3[C@]21C,1,0.5384615384615384,0.41713809523809514,0.5-0.6
2036,CCCCC1C(=O)N(c2ccccc2)N(c2ccc(O)cc2)C1=O,1,0.4772727272727273,0.681,0.4-0.5
CHEBI:118680,COc1ccccc1S(=O)(=O)N[C@H]1C=C[C@H](CC(=O)NCc2cc(F)cc(F)c2)O[C@@H]1CO,0,0.6029411764705882,0.108,0.6-0.7
1821,O=C1c2c(O)ccc(O)c2C(=O)c2c(NCCNCCO)ccc(NCCNCCO)c21,1,0.391304347826087,0.4286666666666667,<0.4
1032,COC(=O)[C@@H]1CC2=CC(=O)CC[C@]2(C)[C@@]23O[C@@H]2C[C@@]2(C)[C@@H](CC[C@@]24CCC(=O)O4)[C@H]13,1,0.4027777777777778,0.504,0.4-0.5
CHEBI:97616,O=C(Nc1ccccc1F)N[C@H]1CC[C@@H](CCNC(=O)C2CCCCC2)O[C@@H]1CO,0,0.6268656716417911,0.032,0.6-0.7
CHEBI:116842,CCn1c(SCC(=O)NCCc2ccccc2)nc2sc3c(c2c1=O)CCN(C)C3,0,0.3218390804597701,0.442,<0.4
CHEBI:213166,CC[C@@]1(C)C(=O)C=Cc2c1oc(CO)c(C)c2=O,0,0.23636363636363636,0.348,<0.4
3493,N=C(N)c1ccc(OCCCOc2ccc(C(=N)N)cc2)cc1,1,0.88,0.946,0.8-0.9
5013,Cn1c(=O)cc(N2CCC[C@@H](N)C2)n(Cc2cc(F)ccc2C#N)c1=O,1,0.2857142857142857,0.704,<0.4
CHEBI:84082,CCCCCCCCCCCCCC(=O)O[C@H](CCCCCCCCCCC)CC(=O)O[C@@H]1[C@@H](NC(=O)C[C@@H](CCCCCCCCCCC)OC(=O)CCCCCCCCCCC)[C@H](OC[C@H]2O[C@H](OP(=O)(O)OP(=O)(O)OCCN)[C@H](NC(=O)C[C@H](O)CCCCCCCCCCC)[C@@H](OC(=O)C[C@H](O)CCCCCCCCCCC)[C@@H]2O)O[C@H](CO[C@]2(C(=O)O)C[C@@H](O)[C@@H](O[C@H]3O[C@H]([C@@H](O)CO)[C@@H](O)[C@H](O[C@H]4O[C@H]([C@@H](O)CO)[C@@H](O)[C@H](OP(=O)(O)OCCN)[C@@H]4O[C@H]4O[C@H](CO)[C@@H](O)[C@H](O)[C@H]4NC(C)=O)[C@@H]3O)[C@@H]([C@H](O)CO)O2)[C@H]1OP(=O)(O)OP(=O)(O)O,0,0.8880597014925373,0.068,0.8-0.9
CHEBI:71945,CC(=O)N[C@@H]1[C@@H](O)[C@H](O[C@@H]2O[C@H](CO[C@@]3(C(=O)O)C[C@H](O)[C@@H](NC(C)=O)[C@H]([C@H](O)[C@H](O)CO)O3)[C@H](O)[C@H](O)[C@H]2O)[C@@H](CO)O[C@H]1O,0,0.8461538461538461,0.005,0.8-0.9
758,O=P1(N(CCCl)CCCl)NCCCO1,1,0.21875,0.659,<0.4
CHEBI:217099,CC1=C[C@@H](C)[C@@H](c2cc(O)cc(O)c2)OC(=O)[C@H](C)[C@H](O)[C@H](C)C1=O,0,0.2982456140350877,0.1413333333333333,<0.4
CHEBI:73410,CNCCC(Oc1ccccc1OC)c1ccccc1,0,0.36585365853658536,0.905,<0.4
1768,C[C@H]1C[C@@H]2[C@H]([C@@H](O)C[C@@]3(C)[C@H]2CC[C@]3(O)C(=O)CO)[C@@]2(C)C=CC(=O)C=C12,1,0.5970149253731343,0.63,0.5-0.6
CHEBI:185716,CCCCC[C@H](O)/C=C/[C@@H]1C(SC[C@@H](NC(=O)CC[C@@H](N)C(=O)O)C(=O)NCC(=O)O)CC(O)[C@@H]1CCCCCCC(=O)O,0,0.4520547945205479,0.3436761904761904,0.4-0.5
CHEBI:38666,C[C@@H](C(=O)O)c1ccc(-c2ccccc2)c(F)c1,0,0.5686274509803921,0.745,0.5-0.6
4895,Cc1cc(N2CCN([C@@H]3CN[C@H](C(=O)N4CCSC4)C3)CC2)n(-c2ccccc2)n1,1,0.23333333333333334,0.576,<0.4
CHEBI:171904,C=CC(C)(O)CCC1=C(C)C(OC(C)=O)C(OC(C)=O)C2C(C)(C)CCCC12C,0,0.2962962962962963,0.3085,<0.4
1601,Cc1cccc(C)c1OCC(=O)N[C@@H](Cc1ccccc1)[C@@H](O)C[C@H](Cc1ccccc1)NC(=O)[C@H](C(C)C)N1CCCNC1=O,1,0.3119266055045872,0.6375,<0.4
3179,O=S(=O)(O)c1ccc2[nH]c(-c3ccccc3)nc2c1,1,0.32786885245901637,0.866,<0.4
CHEBI:49267,c1cc2cc3cccc4c5cccc6cc7cccc8c(c1)c2c(c34)c(c78)c65,0,0.375,0.506,<0.4
1686,O=[N+]([O-])c1cc(Cl)cc(-c2cc(Cl)cc([N+](=O)[O-])c2O)c1O,1,0.35714285714285715,0.656,<0.4
CHEBI:218628,CC(C)[C@@H](C)/C=C/C(C)[C@@H]1CC[C@@]2(O)C3C(=O)CC4C[C@@H](O)CC[C@]4(C)[C@@]3(O)CC[C@]12C,0,0.375,0.36366666666666664,<0.4
CHEBI:105114,COc1ccccc1N1CCN(C(=O)C2CCN(S(=O)(=O)c3ccc4c(c3)CC(C)N4C(=O)C3CC3)CC2)CC1,0,0.3181818181818182,0.5728,<0.4
CHEBI:8889,CCCN(CCC)CCc1cccc2c1CC(=O)N2.Cl,0,0.2549019607843137,0.6632,<0.4
1313,CCC1(c2ccccc2)CCC(=O)NC1=O,1,0.46153846153846156,0.835,0.4-0.5
CHEBI:77659,Cc1cc(O)c2c(c1)C(=O)c1cc([O-])cc(O)c1C2=O,0,0.3448275862068966,0.286,<0.4
CHEBI:220914,CCC(C)/C=C(C)/C=C/C1=CC2=C(Cl)C(=O)C3(C)OC4(O)CC(C)OC(=O)C4C3C2=CO1,0,0.45454545454545453,0.22133333333333333,0.4-0.5
CHEBI:218648,CC(C)C[C@@H]1NC(=O)[C@H](CC(N)=O)NC(=O)[C@H](CC(N)=O)NC(=O)[C@H](C(C)C)NC(=O)[C@@H](NC(=O)/C=C/C=C/C=C/C=C/C=C/c2cc(Br)c(O)c(Br)c2)[C@@H](C)OC1=O,0,0.36893203883495146,0.2532,<0.4
2396,C=CC[N+]1([C@H]2C[C@H]3[C@@H]4CC[C@H]5C[C@H](O)[C@@H](N6CCOCC6)C[C@]5(C)[C@H]4CC[C@]3(C)[C@H]2OC(C)=O)CCCC1,1,0.6867469879518072,0.5831000000000001,0.6-0.7
679,CCCCCCCCCCCCCCCC(=O)O[C@@H]1[C@@H](O)[C@@H](O)[C@@H]([C@H](NC(=O)[C@@H]2C[C@@H](CCC)CN2C)[C@H](C)Cl)O[C@@H]1SC,1,0.3176470588235294,0.27025,<0.4
CHEBI:209820,Cc1cc(O)cc2c1C(=O)[C@@H](O)[C@H](C)O2,0,0.3559322033898305,0.099,<0.4
1610,CCCCc1nc(Cl)c(CO)n1Cc1ccc(-c2ccccc2-c2nnn[nH]2)cc1,1,0.6027397260273972,0.7982,0.6-0.7
1354,CC(=O)OCC(=O)[C@@]1(OC(C)=O)CC[C@H]2[C@@H]3C[C@@H](F)C4=CC(=O)C(Br)=C[C@]4(C)[C@@]3(F)[C@@H](O)C[C@@]21C,1,0.49411764705882355,0.7733333333333333,0.4-0.5
5251,CC(C)(O)CNc1nc(Nc2ccnc(C(F)(F)F)c2)nc(-c2cccc(C(F)(F)F)n2)n1,1,0.2753623188405797,0.628,<0.4
1526,CCC(=O)C1(c2cccc(O)c2)CCN(C)CC1,1,0.5208333333333334,0.758,0.5-0.6
942,CN(CCOc1ccc(NS(C)(=O)=O)cc1)CCc1ccc(NS(C)(=O)=O)cc1,1,0.32786885245901637,0.876,<0.4
CHEBI:214437,C[C@H]1[C@H]([C@](C)(O)CCCC(C)(C)O)CC[C@@]1(C)O,0,0.3076923076923077,0.4106166666666667,<0.4
382,CC(=O)Oc1ccc(C2(c3ccc(OC(C)=O)cc3)Oc3ccccc3NC2=O)cc1,1,0.33962264150943394,0.6337619047619049,<0.4
CHEBI:118139,CC(=O)N[C@H]1CC[C@H](CCNC(=O)C2CC2)O[C@@H]1CO,0,0.5666666666666667,0.17966666666666664,0.5-0.6
CHEBI:113651,C[C@@H]1CN([C@@H](C)CO)C(=O)c2cccc(NC(=O)c3ccncc3)c2O[C@H]1CN(C)C(=O)NC1CCCCC1,0,0.7530864197530864,0.002,0.7-0.8
3204,C=C[C@]1(O)CC[C@H]2[C@@H]3CCC4=C(CCC(=O)C4)[C@H]3CC[C@@]21C,1,0.5172413793103449,0.56,0.5-0.6
1198,C[C@@H]1C[C@H]2[C@@H]3C[C@H](F)C4=CC(=O)C=C[C@]4(C)[C@@]3(F)[C@@H](O)C[C@]2(C)[C@@]1(O)C(=O)COC(=O)C(C)(C)C,1,0.575,0.6353333333333334,0.5-0.6
1780,CN1CCCC(CC2c3ccccc3Sc3ccccc32)C1,1,0.5909090909090909,0.89,0.5-0.6
1771,C[C@H]1C[C@@H]2[C@H]([C@@H](O)C[C@@]3(C)[C@H]2CC[C@]3(O)C(=O)COC(=O)CCC(=O)O)[C@@]2(C)C=CC(=O)C=C12,1,0.5974025974025974,0.6166666666666667,0.5-0.6
215,C[C@]12CCC(=O)C=C1CC[C@@H]1[C@@H]2CC[C@]2(C)C(=O)CC[C@@H]12,1,0.6744186046511628,0.83,0.6-0.7
2249,CCCCCCCCCCCCCCCCCC(=O)OCC(=O)OCC(=O)[C@@]1(O)CC[C@H]2[C@@H]3CCC4=CC(=O)C=C[C@]4(C)[C@H]3[C@@H](O)C[C@@]21C,1,0.6823529411764706,0.7733333333333333,0.6-0.7
CHEBI:143458,CC12CCC(=O)C=C1C(O)C(S(C)(=O)=O)C1C2CCC2(C)C1CCC21CCC(=O)O1,0,0.5161290322580645,0.49579999999999996,0.5-0.6
CHEBI:122263,O=C(C[C@@H]1CC[C@@H](NS(=O)(=O)c2cccc(F)c2)[C@H](CO)O1)NCc1ccc2c(c1)OCO2,0,0.5432098765432098,0.078,0.5-0.6
CHEBI:108349,CC1=CC2=c3ccccc3=NC(c3ccsc3)N2N1,0,0.19298245614035087,0.667,<0.4
4161,CO[C@H]1C[C@@H]2CC[C@@H](C)[C@@](O)(O2)C(=O)C(=O)N2CCCC[C@H]2C(=O)O[C@H]([C@H](C)C[C@@H]2CC[C@@H](OC(=O)C(C)(CO)CO)[C@H](OC)C2)CC(=O)[C@H](C)/C=C(\C)[C@@H](O)[C@@H](OC)C(=O)[C@H](C)C[C@H](C)/C=C/C=C/C=C/1C,1,0.3310810810810811,0.39890000000000003,<0.4
1298,Cc1ccc(S(=O)(=O)NC(=O)N[C@H]2[C@H]3CC[C@@](C)([C@H]2O)C3(C)C)cc1,1,0.54,0.6393333333333334,0.5-0.6
CHEBI:218586,CC[C@@H](C)[C@@H]1NC(=O)[C@H](CC(N)=O)NC(=O)[C@H](CC(N)=O)NC(=O)[C@H](C(C)C)NC(=O)[C@@H](NC(=O)/C=C/C=C/C=C/C=C/C=C/c2ccc(O)cc2)[C@@H](C)OC1=O,0,0.3853211009174312,0.2704,<0.4
CHEBI:30675,CN(C)C(=O)[C]12[CH]3[CH]4[CH]5[CH]1[Fe]45321678[CH]2[CH]1[CH]6[CH]7[CH]28,0,0.2,0.8483333333333334,<0.4
3137,N=C(N)c1ccc(OCCCOc2ccc(C(=N)N)cc2Br)c(Br)c1,1,0.4722222222222222,0.857,0.4-0.5
CHEBI:96222,C[C@H](CO)N1C[C@H](C)[C@@H](CN(C)C(=O)c2ccc3c(c2)OCO3)Oc2cc(-c3ccccc3)ccc2S1(=O)=O,0,0.7142857142857143,0.032,0.7-0.8
CHEBI:152388,CC(=O)N[C@H]1[C@H](O[C@H]2[C@@H](O)[C@@H](CO[C@@H]3O[C@H](CO)[C@@H](O[C@@H]4O[C@H](CO)[C@H](O)[C@H](O)[C@H]4O)[C@@H](O)[C@H]3NC(C)=O)OC(O[C@@H]([C@@H](O)[C@H](O)CO)[C@H](CO)NC(C)=O)[C@@H]2O)O[C@H](CO)[C@@H](O[C@@H]2O[C@H](CO)[C@H](O)[C@@H](O)[C@H]2O)[C@@H]1O,0,0.8285714285714286,0.006,0.8-0.9
1352,C[C@@H]1C[C@H]2[C@@H]3C[C@H](F)C4=CC(=O)C(Cl)=C[C@]4(C)[C@@]3(F)[C@@H](O)C[C@]2(C)[C@@]1(O)C(=O)CO,1,0.5131578947368421,0.574,0.5-0.6
3253,CO[C@@H]1[C@H](OC(=O)/C=C/C=C/C=C/C=C/C(=O)O)CC[C@]2(CO2)[C@H]1[C@@]1(C)O[C@@H]1CC=C(C)C,1,0.22972972972972974,0.18833333333333335,<0.4
3649,CC[C@@H](C)C(=O)O[C@@H]1[C@H](OC(C)=O)c2c(ccc3ccc(=O)oc23)OC1(C)C,1,0.2698412698412698,0.356,<0.4
226,O=C1c2c(O)cccc2Cc2cccc(O)c21,1,0.5333333333333333,0.324,0.5-0.6
CHEBI:129869,COc1ccc2c3c(n(C)c2c1)[C@@H](CO)N(Cc1ccc(F)cc1)CC31CCN(C)CC1,0,0.5789473684210527,0.3083333333333333,0.5-0.6
1841,COc1cc(C(=O)c2ccc(Cl)cc2)cc(OC)c1OCCN1CCOCC1,1,0.4727272727272727,0.838,0.4-0.5
388,CCN1CCN(c2cc(-c3ccc(F)cc3)c3c(n2)CCCCCC3)CC1,1,0.26153846153846155,0.6773333333333333,<0.4
4340,Cn1c(=O)cc(N2CCC[C@@H](N)C2)n(Cc2ccccc2C#N)c1=O,1,0.2903225806451613,0.71,<0.4
CHEBI:150833,CC(=O)N[C@H]1[C@H]([C@H](O)[C@H](O)CO)O[C@@](O[C@H]2[C@H](O[C@@H]3O[C@H](CO)[C@H](O)[C@H](O)[C@H]3O)[C@@H](CO)OC(O)[C@@H]2O)(C(=O)O)C[C@@H]1O,0,0.8513513513513513,0.006333333333333333,0.8-0.9
CHEBI:126321,CCC(=O)N1[C@H](CO)[C@H](c2ccccc2)C12CN(C(=O)CN1CCOCC1)C2,0,0.42857142857142855,0.346,0.4-0.5
299,CCOC(=O)[C@H](CCc1ccccc1)N[C@H]1CCc2ccccc2N(CC(=O)O)C1=O,1,0.5507246376811594,0.842,0.5-0.6
3224,O=C(O)c1cc(-n2c(-c3ccccc3)cc3c2CCc2ccccc2-3)ccc1O,1,0.3137254901960784,0.696,<0.4
3430,O=[P@]1(N(CCCl)CCCl)N[C@H](OO)CCO1,1,0.23076923076923078,0.628,<0.4
CHEBI:34225,Clc1ccc(Cl)c(-c2ccccc2)c1Cl,0,0.2631578947368421,0.8423333333333333,<0.4
CHEBI:183835,N[C@@H](Cc1ccc(OCc2ccccc2)cc1)C(=O)O,0,0.43137254901960786,0.766,0.4-0.5
CHEBI:99958,CCNC(=O)C[C@H]1CC[C@@H]2[C@H](COC[C@H](O)CN2C(=O)c2ccccn2)O1,0,0.5569620253164557,0.132,0.5-0.6
CHEBI:174530,COc1cc(C)cc2c1C(=O)c1c(O)cccc1C2=O,0,0.5740740740740741,0.21,0.5-0.6
CHEBI:235031,*C(=O)N[C@@H](CO[C@@H]1O[C@H](CO)[C@@H](O[C@@H]2O[C@H](CO)[C@H](O)[C@H](O[C@@H]3O[C@H](CO)[C@@H](O[C@@H]4O[C@H](CO[C@@H]5O[C@H](CO)[C@@H](O[C@@H]6O[C@H](CO[C@@H]7O[C@H](CO)[C@@H](O[C@@H]8O[C@H](CO[C@@H]9O[C@H](CO)[C@@H](O)[C@H](O)[C@H]9NC(C)=O)[C@H](O)[C@H](O[C@@H]9O[C@H](CO)[C@@H](O[C@@H]%10O[C@H](CO)[C@H](O)[C@H](O[C@]%11(C(=O)[O-])C[C@H](O)[C@@H](NC(C)=O)[C@H]([C@H](O)[C@H](O)CO)O%11)[C@H]%10O)[C@H](O)[C@H]9NC(C)=O)[C@H]8O)[C@H](O)[C@H]7NC(C)=O)[C@H](O)[C@H](O[C@@H]7O[C@H](CO)[C@@H](O[C@@H]8O[C@H](CO)[C@H](O)[C@H](O)[C@H]8O)[C@H](O)[C@H]7NC(C)=O)[C@H]6O)[C@H](O)[C@H]5NC(C)=O)[C@H](O)[C@H](O)[C@H]4O)[C@H](O)[C@H]3NC(C)=O)[C@H]2O)[C@H](O)[C@H]1O)[C@@H](*)O,0,0.9111111111111111,0.0,>=0.9
CHEBI:105689,O=C(COc1ccc(Br)cc1Br)NC(=S)Nc1cccc(CO)c1,0,0.2878787878787879,0.5646666666666668,<0.4
CHEBI:49299,O=P([O-])([O-])OC[C@H]1OC(O)(COP(=O)([O-])[O-])[C@@H](O)[C@@H]1O,0,0.4318181818181818,0.188,0.4-0.5
CHEBI:180922,C[C@]12C=CC(=O)C=C1[C@@H](O)C[C@@H]1[C@@H]2[C@@H](O)C[C@@]2(C)[C@H]1CC[C@]2(O)[C@H](O)CO,0,0.47368421052631576,0.458,0.4-0.5
CHEBI:150457,CC(=O)N[C@@H]1[C@@H](O[C@@H]2O[C@H](CO)[C@H](O)[C@H](O)[C@H]2O[C@@H]2O[C@@H](C)[C@@H](O)[C@@H](O)[C@@H]2O)[C@@H](O)[C@@H](CO[C@@H]2O[C@H](CO)[C@H](O)[C@H](O)[C@H]2O)O[C@@H]1O,0,0.8771929824561403,0.0,0.8-0.9
3141,C[C@@H]1C[C@H]2[C@@H]3C[C@H](F)C4=CC(=O)C=C[C@]4(C)[C@@]3(F)[C@@H](O)C[C@]2(C)[C@H]1C(=O)CO,1,0.5555555555555556,0.5271428571428571,0.5-0.6
CHEBI:129834,COc1ccc(NC(=O)N2CC(=O)N3[C@@H](CO)[C@@H](c4ccc(Br)cc4)[C@@H]3C2)cc1,0,0.5857142857142857,0.11866666666666666,0.5-0.6
1690,CCOC(=O)C1(c2ccccc2)CCN(C)CC1,1,0.6458333333333334,0.904,0.6-0.7
1225,CCC(=O)O[C@]1(C(=O)SCF)[C@H](C)C[C@H]2[C@@H]3C[C@H](F)C4=CC(=O)C=C[C@]4(C)[C@@]3(F)[C@@H](O)C[C@@]21C,1,0.5,0.614,0.5-0.6
350,CC(=O)OCC(=O)[C@@]1(OC(=O)C(C)C)[C@@H](C)C[C@H]2[C@@H]3CCC4=CC(=O)C=C[C@]4(C)[C@@]3(F)[C@@H](O)C[C@@]21C,1,0.6455696202531646,0.6966666666666668,0.6-0.7
CHEBI:117677,C[C@@H]1CCCCO[C@H](CN(C)C(=O)CCC(F)(F)F)[C@@H](C)CN([C@@H](C)CO)C(=O)c2cc(NS(C)(=O)=O)ccc2O1,0,0.7840909090909091,0.012,0.7-0.8
CHEBI:79796,CC(C)CCC[C@@H](C)[C@H]1CC[C@H]2[C@@H]3CC[C@H]4Cc5c(c6ccccc6n5C)C[C@]4(C)[C@H]3CC[C@]12C,0,0.5,0.581,0.5-0.6
CHEBI:64601,*C(=O)N[C@@H](CO[C@@H]1O[C@H](CO)[C@@H](O[C@@H]2O[C@H](CO)[C@H](O)[C@H](O[C@H]3O[C@H](CO)[C@H](O[C@@H]4O[C@H](CO)[C@H](O)[C@H](O[C@H]5O[C@H](CO)[C@H](O)[C@H](O)[C@H]5O)[C@H]4O[C@@H]4O[C@@H](C)[C@@H](O)[C@@H](O)[C@@H]4O)[C@H](O)[C@H]3NC(C)=O)[C@H]2O)[C@H](O)[C@H]1O)[C@H](O)/C=C/CCCCCCCCCCCCC,0,0.927710843373494,0.008,>=0.9
179,CCN1CCCC1CNC(=O)c1cc(S(=O)(=O)CC)c(N)cc1OC,1,0.4861111111111111,0.702,0.4-0.5
4454,C[C@]12CC[C@H]3[C@@H](CCC4=CC(=O)CC[C@@]43C)[C@@H]1CC[C@@H]2OC(=O)CCC1CCCC1,1,0.7586206896551724,0.924,0.7-0.8
CHEBI:17532,CN1CCC[C@H]1c1ccc(O)nc1,0,0.47619047619047616,0.663,0.4-0.5
573,O=C(Cc1cccs1)N[C@@H]1C(=O)N2C(C(=O)[O-])=C(C[n+]3ccccc3)CS[C@H]12,1,0.6086956521739131,0.731,0.6-0.7
885,CC(C)C[C@H]1C(=O)N2CCC[C@H]2[C@]2(O)O[C@](NC(=O)[C@@H]3C=C4c5cccc6[nH]cc(c56)C[C@H]4N(C)C3)(C(C)C)C(=O)N12,1,0.7142857142857143,0.886,0.7-0.8
CHEBI:203907,CC(=CCO)CCC=C(C)CCC=C(C)CCC=C(C)CCCC(C)(O)CCCC(C)(O)CCCC(C)(O)CCCC1(C)CCC(C(C)(C)O)O1,0,0.4098360655737705,0.2737428571428571,0.4-0.5
5270,CCOc1ccc(Cc2cc([C@]34OC[C@](CO)(O3)[C@@H](O)[C@H](O)[C@H]4O)ccc2Cl)cc1,1,0.4852941176470588,0.6540346320346321,0.4-0.5
951,CN(C)CC/C=C1\c2ccccc2CSc2ccccc21,1,0.6888888888888889,0.964,0.6-0.7
CHEBI:2150,C[C@]12CCC(=O)C[C@H]1CC[C@@H]1[C@@H]2CC[C@]2(C)[C@@H](O)CC[C@@H]12,0,0.5714285714285714,0.5777380952380953,0.5-0.6
1208,CC(=O)[C@@]1(O)CC[C@H]2[C@@H]3C[C@H](C)C4=CC(=O)C=C[C@]4(C)[C@@]3(F)[C@@H](O)C[C@@]21C,1,0.4666666666666667,0.6123333333333334,0.4-0.5
2767,Cc1c(C)c2c(c(C)c1O)CCC(C)(COc1ccc(CC3SC(=O)NC3=O)cc1)O2,1,0.4225352112676056,0.5396,0.4-0.5
1123,CC[C@H](C)[C@H](NC(=O)[C@H](Cc1ccccc1)NC(=O)[C@H](CC(C)C)NC(=O)[C@H](CCCNC(=N)N)NC(=O)[C@@H](NC(=O)[C@H](C)NC(=O)[C@H](CCC(=O)O)NC(=O)[C@H](CCC(=O)O)NC(=O)[C@H](CCC(=O)O)NC(=O)[C@H](CCSC)NC(=O)[C@H](CCC(N)=O)NC(=O)[C@H](CCCCN)NC(=O)[C@H](CO)NC(=O)[C@H](CC(C)C)NC(=O)[C@H](CC(=O)O)NC(=O)[C@H](CO)NC(=O)[C@@H](NC(=O)[C@H](Cc1ccccc1)NC(=O)[C@@H](NC(=O)CNC(=O)[C@H](CCC(=O)O)NC(=O)CNC(=O)[C@@H](N)Cc1c[nH]cn1)[C@@H](C)O)[C@@H](C)O)C(C)C)C(=O)N[C@@H](CCC(=O)O)C(=O)N[C@@H](Cc1c[nH]c2ccccc12)C(=O)N[C@@H](CC(C)C)C(=O)N[C@@H](CCCCN)C(=O)N[C@@H](CC(N)=O)C(=O)NCC(=O)NCC(=O)N1CCC[C@H]1C(=O)N[C@@H](CO)C(=O)N[C@@H](CO)C(=O)NCC(=O)N[C@@H](C)C(=O)N1CCC[C@H]1C(=O)N1CCC[C@H]1C(=O)N1CCC[C@H]1C(=O)N[C@@H](CO)C(N)=O,1,0.9877300613496932,0.984,>=0.9
CHEBI:80123,CC(=CC(C)C(O[C@H]1C[C@H](O)[C@H](O)[C@@H](C)O1)C(C)C)/C=C/C=C/C=C/C=C/C(=O)C1=C(O)C(CCC(=O)O)N(C)C1=O,0,0.2558139534883721,0.298,<0.4
4451,C[C@]12C=CC(=O)C=C1CC[C@@H]1[C@@H]2[C@@H](O)C[C@@]2(C)[C@H]1CC[C@]2(O)C(=O)COP(=O)(O)O,1,0.7164179104477612,0.8266666666666668,0.7-0.8
200,CC(C)CN(C[C@@H](O)[C@H](Cc1ccccc1)NC(=O)O[C@H]1CCOC1)S(=O)(=O)c1ccc(N)cc1,1,0.7236842105263158,0.766,0.7-0.8
1757,C[N+]1(C)[C@@H]2C[C@@H](OC(=O)[C@H](CO)c3ccccc3)C[C@H]1[C@@H]1O[C@@H]12,1,0.7647058823529411,0.911,0.7-0.8
2243,CCOC(=O)O[C@]1(C(=O)COC(=O)CC)CC[C@H]2[C@@H]3CCC4=CC(=O)C=C[C@]4(C)[C@H]3[C@@H](O)C[C@@]21C,1,0.6282051282051282,0.812,0.6-0.7
5250,CCCN1CC(c2ccc(S(C)(=O)=O)cc2)=C(c2ccc(C)cc2)C1=O,1,0.42,0.6598333333333333,0.4-0.5
1875,CCn1cc(C(=O)O)c(=O)c2ccc(C)nc21,1,0.5490196078431373,0.806,0.5-0.6
67,CC(=O)O[C@H]1C[C@H](O[C@H]2[C@@H](O)C[C@H](O[C@H]3[C@@H](O)C[C@H](O[C@H]4CC[C@@]5(C)[C@H](CC[C@@H]6[C@@H]5CC[C@]5(C)[C@@H](C7=CC(=O)OC7)CC[C@]65O)C4)O[C@@H]3C)O[C@@H]2C)O[C@H](C)[C@H]1O,1,0.673469387755102,0.4513333333333333,0.6-0.7
317,CCc1oc2ccccc2c1C(=O)c1ccc(O)cc1,1,0.36538461538461536,0.5985,<0.4
CHEBI:217592,C[C@@H]1[C@H](O)C[C@@H](CO)C(COC(=O)[C@H]2CCC(=O)N2)=C2CC(C)(C)C[C@@H]21,0,0.3709677419354839,0.276,<0.4
2145,CCCCC1C(=O)N(c2ccccc2)N(c2ccccc2)C1=O,1,0.5526315789473685,0.887,0.5-0.6
CHEBI:184244,CCC1=C(/C=C/[C@H](O)CCCCCCCC(=O)O)CCC1=O,0,0.4583333333333333,0.20433333333333334,0.4-0.5
CHEBI:127915,C[C@@H]1CN([C@@H](C)CO)C(=O)c2cc(NC(=O)C3CCCCC3)ccc2O[C@@H]1CN(C)C(=O)Nc1ccc(F)cc1,0,0.8266666666666667,0.0,0.8-0.9
CHEBI:108338,CCOc1ccc(N2C(=O)C3C(c4ccccc4)=NN(c4ccccc4)C3C2=O)cc1,0,0.27586206896551724,0.7257333333333333,<0.4
CHEBI:137958,COC(=N)CS[C@H]1O[C@H](CO[C@H]2O[C@H](CO)[C@@H](O)[C@@H]2O)[C@@H](O)[C@H](O)[C@@H]1O,0,0.5454545454545454,0.114,0.5-0.6
CHEBI:128931,CN(C)CC#Cc1ccc([C@@H]2[C@H](CO)N3CCCCN(C(=O)C4CC4)C[C@@H]23)cc1,0,0.5303030303030303,0.187,0.5-0.6
2796,COc1ccccc1N1CCN(CCCNc2cc(=O)n(C)c(=O)n2C)CC1,1,0.36764705882352944,0.784,<0.4
CHEBI:204527,C[C@@H]1CC(=O)O[C@@H](C)[C@H](O)C=CC(=O)O[C@@H](C)CC=CC(=O)O1,0,0.6744186046511628,0.132,0.6-0.7
2127,CCN(CC)CCC1(c2ccccc2)CCC(=O)NC1=O,1,0.40384615384615385,0.842,0.4-0.5
1901,CC[C@H](C)[C@@H]1NC(=O)[C@H](CCCNC(=N)N)NC(=O)[C@H](CC(=O)O)NC(=O)[C@H](CCSC)NC(=O)[C@H](CCCCN)NC(=O)[C@H](CCCNC(=N)N)NC(=O)CNC(=O)[C@H](Cc2ccccc2)NC(=O)[C@@H](NC(=O)CNC(=O)[C@H](CO)NC(=O)CNC(=O)[C@H](CCC(N)=O)NC(=O)[C@@H](NC(=O)[C@H](CCSC)NC(=O)[C@H](CCCCN)NC(=O)[C@@H]2CCCN2C(=O)[C@@H](N)CO)C(C)C)CSSC[C@@H](C(=O)N[C@@H](CCCCN)C(=O)N[C@H](C(=O)N[C@@H](CC(C)C)C(=O)N[C@@H](CCCNC(=N)N)C(=O)N[C@@H](CCCNC(=N)N)C(=O)N[C@@H](Cc2c[nH]cn2)C(=O)O)C(C)C)NC(=O)CNC(=O)[C@H](CC(C)C)NC(=O)CNC(=O)[C@H](CO)NC(=O)[C@H](CO)NC(=O)[C@H](CO)NC(=O)[C@H](CO)NC1=O,1,0.6122448979591837,0.822,0.6-0.7
1926,CSCC1CN(/N=C/c2ccc([N+](=O)[O-])o2)C(=O)O1,1,0.6842105263157895,0.7751666666666669,0.6-0.7
CHEBI:230205,CCC1OC(=O)C(C)C(OC2CC(C)(OC)C(O)C(C)O2)C(C)C(OC2OC(C)CC(N(C)C)C2O)C(C)(O)CC(C)C(=NOC)C(C)C(OCOCCN(C)C)C1(C)O,0,0.7040816326530612,0.918,0.7-0.8
3027,CCN(CC)CCOC(=O)c1cccc(-c2ccccc2)c1O,1,0.5,0.7343333333333334,0.5-0.6
CHEBI:151797,OC[C@H]1O[C@H](O[C@H]2C(O)O[C@H](CO)[C@@H](O)[C@@H]2O[C@@H]2O[C@H](CO)[C@@H](O)[C@H](O)[C@H]2O)[C@H](O)[C@@H](O)[C@H]1O,0,0.8333333333333334,0.05900158730158729,0.8-0.9
1631,COC(=O)C1=C(C)NC(C)=C(C(=O)OCCN2CCN(C(c3ccccc3)c3ccccc3)CC2)C1c1cccc([N+](=O)[O-])c1,1,0.7027027027027027,0.948,0.7-0.8
CHEBI:120022,N#Cc1c(N)n(CCNC(=O)Nc2ccccc2)c2nc3ccccc3nc12,0,0.2926829268292683,0.68,<0.4
CHEBI:132814,CC(=O)N[C@H]1[C@H](O[C@@H]2[C@H](O)[C@@H](O)[C@H](O[C@H]3[C@H](O)[C@@H](O)C(O)O[C@@H]3CO)O[C@@H]2CO)O[C@H](CO)[C@H](O)[C@@H]1O[C@@H]1O[C@H](CO)[C@H](O)[C@H](O)[C@H]1O,0,0.9111111111111111,0.02201746031746032,>=0.9
965,CCC(=O)O[C@H]1CC[C@H]2[C@@H]3CC[C@H]4CC(=O)[C@H](C)C[C@]4(C)[C@H]3CC[C@]12C,1,0.532258064516129,0.5334285714285715,0.5-0.6
755,CNC(C)CC1CCCC1,1,0.9523809523809523,0.8706666666666666,>=0.9
CHEBI:95641,C[C@H]1CN([C@@H](C)CO)S(=O)(=O)c2ccc(C#CC3CCCC3)cc2O[C@@H]1CN(C)Cc1cncnc1,0,0.5697674418604651,0.038,0.5-0.6
849,CC(=O)Oc1cccc2c1C(=O)c1c(OC(C)=O)cc(C(=O)O)cc1C2=O,1,0.3829787234042553,0.5586666666666666,<0.4
626,O=c1[nH]c2cc(Cl)ccc2o1,1,0.35135135135135137,0.7309285714285715,<0.4
1257,O=C1OCCN1N=Cc1ccc([N+](=O)[O-])o1,1,0.6888888888888889,0.8234333333333335,0.6-0.7
CHEBI:148703,CC(=O)N[C@H]1[C@H]([C@H](O)[C@H](O)CO)O[C@@](OC[C@H]2OC(O[C@H]3[C@H](O)[C@@H](O)C(O)O[C@@H]3CO)[C@H](O)[C@@H](O)[C@H]2O)(C(=O)O)C[C@@H]1O,0,0.863013698630137,0.006166666666666666,0.8-0.9
CHEBI:151557,CC(=O)N[C@@H]1[C@@H](O[C@@H]2O[C@@H](C)[C@@H](O)[C@@H](O)[C@@H]2O)[C@H](O[C@@H]2O[C@H](CO)[C@H](O)[C@H](O)[C@H]2O)[C@@H](CO)O[C@@H]1O,0,0.9166666666666666,0.009300000000000001,>=0.9
CHEBI:120448,COCCNS(=O)(=O)c1ccc(-c2ccc(S(=O)(=O)NCCOC)cc2)cc1,0,0.38,0.82,<0.4
CHEBI:112434,CC(=NNc1ncc(Cl)cc1Cl)c1ccc(S(=O)(=O)NCc2ccco2)cc1,0,0.3287671232876712,0.542,<0.4
CHEBI:172500,CC(C)CC(=O)CC1(C)CCC(C(C)CCO)O1,0,0.23728813559322035,0.186,<0.4
CHEBI:99924,CO[C@H]1CN(C)C(=O)c2cc(NS(=O)(=O)Cc3ccccc3)ccc2OC[C@@H](C)NC[C@H]1C,0,0.631578947368421,0.066,0.6-0.7
CHEBI:756330,CC(=O)O[C@H]1[C@@H](OC(C)=O)C[C@H](O[C@H]2[C@@H](OC(C)=O)C[C@H](O[C@H]3[C@@H](OC(C)=O)C[C@H](O[C@H]4CC[C@@]5(C)[C@H](CC[C@@H]6[C@@H]5CC[C@]5(C)[C@@H](C7=CC(=O)OC7)[C@@H](OC(C)=O)C[C@]65O)C4)O[C@@H]3C)O[C@@H]2C)O[C@@H]1C,0,0.5784313725490197,0.4513333333333333,0.5-0.6
CHEBI:3524,OC[C@H]1O[C@@H](O[C@H]2[C@H](O)[C@@H](O)[C@H](O[C@H]3[C@H](O)[C@@H](O)[C@H](O[C@H]4[C@H](O)[C@@H](O)[C@H](O[C@H]5[C@H](O)[C@@H](O)[C@H](O[C@H]6[C@H](O)[C@@H](O)[C@H](O[C@H]7[C@H](O)[C@@H](O)[C@H](O)O[C@@H]7CO)O[C@@H]6CO)O[C@@H]5CO)O[C@@H]4CO)O[C@@H]3CO)O[C@@H]2CO)[C@H](O)[C@@H](O)[C@@H]1O,0,1.0,0.4189772449772452,>=0.9
CHEBI:184017,OC[C@@]1(O)CO[C@@H](OC[C@H]2O[C@@H](O[C@H](CCCCc3ccc(O)cc3)CCc3ccc(O)cc3)[C@H](O)[C@@H](O)[C@@H]2O)[C@@H]1O,0,0.3484848484848485,0.274,<0.4
CHEBI:30739,C[C]12[CH]3[CH]4[CH]5[CH]1[Fe]45321678[CH]2[CH]1[CH]6[C]7(C)[CH]28,0,0.14814814814814814,0.574,<0.4
3441,CCOC(=O)C1(c2ccccc2)CCN(CCC(O)c2ccccc2)CC1,1,0.6181818181818182,0.924,0.6-0.7
2060,CC(=O)OCC(=O)[C@@]1(O)[C@H](C)C[C@H]2[C@@H]3C[C@H](F)C4=CC(=O)C=C[C@]4(C)[C@H]3[C@@H](O)C[C@@]21C,1,0.684931506849315,0.506,0.6-0.7
2017,NC(=O)N1c2ccccc2CC(=O)c2ccccc21,1,0.4594594594594595,0.754,0.4-0.5
CHEBI:210622,CC[C@H](C)/C=C/C1=CC2=CC(=O)[C@@]3(C)O[C@]4(O)[C@H](C)[C@@H](C)OC(=O)[C@@H]4[C@H]3C2=CO1,0,0.2564102564102564,0.22466666666666668,<0.4
CHEBI:94454,CC1(C)SC2C(NC(=O)COc3ccccc3)C(=O)N2C1C(=O)O,0,0.7115384615384616,0.886,0.7-0.8
2247,CC(=O)OCC(=O)[C@@]1(O)CC[C@H]2[C@@H]3CCC4=CC(=O)C=C[C@]4(C)[C@H]3[C@@H](O)C[C@@]21C,1,0.7076923076923077,0.892,0.7-0.8
1577,CCN1CCC[C@H]1CNC(=O)c1cc(S(N)(=O)=O)ccc1OC,1,0.4722222222222222,0.73,0.4-0.5
4112,CCCCc1oc2ccc(NS(C)(=O)=O)cc2c1C(=O)c1ccc(OCCCN(CCCC)CCCC)cc1,1,0.2972972972972973,0.7515,<0.4
CHEBI:213390,C=C[C@]1(C)CC[C@@]2(C(C)C)O[C@H](c3ccc(O)cc3)[C@@H]1O2,0,0.2413793103448276,0.3556,<0.4
CHEBI:112029,COc1ccc(C(=O)Nc2ccc3c(c2)OC[C@@H](C)N(Cc2cocn2)C[C@@H](C)[C@@H](OC)CN(C)C3=O)cc1,0,0.6470588235294118,0.042,0.6-0.7
2732,CC(C)(C)C(=O)CCC1C(=O)N(c2ccccc2)N(c2ccccc2)C1=O,1,0.4883720930232558,0.7571666666666667,0.4-0.5
2073,Nc1nc(=O)c2c(CCc3ccc(C(=O)N[C@@H](CCC(=O)O)C(=O)O)cc3)c[nH]c2[nH]1,1,0.48,0.7946666666666666,0.4-0.5
CHEBI:209855,COc1cc(O)c2c(c1C)[C@H](C)C(O)(COC(=O)c1c(C)cc3c(c1O)C(=O)c1c(O)cc(O)cc1C3=O)OC2=O,0,0.2840909090909091,0.192,<0.4
CHEBI:147995,CC(=O)N[C@H]1[C@H](O[C@H]2[C@H](O)[C@@H](NC(C)=O)C(O)O[C@@H]2CO)O[C@H](CO)[C@@H](O[C@@H]2O[C@H](CO[C@H]3O[C@H](CO[C@H]4O[C@H](CO)[C@@H](O)[C@H](O)[C@@H]4O[C@H]4O[C@H](CO)[C@@H](O)[C@H](O)[C@@H]4O)[C@@H](O)[C@H](O)[C@@H]3O)[C@@H](O)[C@H](O[C@H]3O[C@H](CO)[C@@H](O)[C@H](O)[C@@H]3O[C@H]3O[C@H](CO)[C@@H](O)[C@H](O)[C@@H]3O)[C@@H]2O)[C@@H]1O,0,1.0,0.0,>=0.9
5060,C[C@H](C(=O)O)c1ccc(-c2ccccc2)c(F)c1,1,0.5686274509803921,0.745,0.5-0.6
1537,O=C(CS(=O)Cc1ccco1)NC/C=C\COc1cc(CN2CCCCC2)ccn1,1,0.49333333333333335,0.465,0.4-0.5
1111,CCc1nn(CCCN2CCN(c3cccc(Cl)c3)CC2)c(=O)n1CC,1,0.6101694915254238,0.824,0.6-0.7
880,O=C(O)c1cc(-c2ccc(F)cc2F)ccc1O,1,0.42105263157894735,0.6645,0.4-0.5
CHEBI:232622,CCN(CC)C/C(O)=N/c1cccc(OCc2ccccc2)c1,0,0.3220338983050847,0.842,<0.4
CHEBI:123455,O=C(C[C@H]1C=C[C@@H](NC(=O)CN2CCOCC2)[C@H](CO)O1)NCc1cccc(F)c1,0,0.5882352941176471,0.148,0.5-0.6
1409,CC(C)Cc1ccc(C(C)C(=O)OCc2ccccn2)cc1,1,0.5625,0.746,0.5-0.6
825,CC(=O)OCC(=O)[C@@]1(OC(=O)c2ccco2)[C@H](C)C[C@H]2[C@@H]3CCC4=CC(=O)C=C[C@]4(C)[C@@]3(F)[C@@H](O)C[C@@]21C,1,0.6707317073170732,0.67,0.6-0.7
5293,COc1cccc(-c2c(C)n(Cc3c(F)cccc3C(F)(F)F)c(=O)n(C[C@H](NCCCC(=O)O)c3ccccc3)c2=O)c1F,1,0.25274725274725274,0.6888666666666666,<0.4
1272,COc1ccc2c3c1O[C@H]1C[C@@H](O)C=C[C@@]31CCN(C)C2,1,0.4057971014492754,0.5945,0.4-0.5
CHEBI:193394,CC(=O)OC(C)(C)C1Oc2ccc3ccc(=O)oc3c2C1O,0,0.2857142857142857,0.296,<0.4
CHEBI:92470,CCOc1ccc(CCNC(=O)C2CCCCC2)cc1OCC,0,0.3561643835616438,0.764,<0.4
1734,C[C@]12C=CC(=O)C=C1CC[C@@H]1[C@@H]2CC[C@@]2(C)[C@H]1CC[C@]2(C)O,1,0.6041666666666666,0.918,0.6-0.7
CHEBI:69562,C=C(CCC=C(C)C)[C@H]1CC[C@@]2(C)CCC=C(C)[C@@H]2C1,0,0.2857142857142857,0.2786666666666667,<0.4
CHEBI:122904,O=C(C[C@@H]1C[C@@H]2c3cc(NC(=O)c4ccc5c(c4)OCO5)ccc3O[C@@H]2[C@@H](CO)O1)NCc1cccc(F)c1,0,0.7631578947368421,0.026,0.7-0.8
2251,CC(C)(C)CC(=O)OCC(=O)[C@@]1(O)CC[C@H]2[C@@H]3CCC4=CC(=O)C=C[C@]4(C)[C@H]3[C@@H](O)C[C@@]21C,1,0.6582278481012658,0.8726666666666667,0.6-0.7
1179,CO[C@@]1(NC(=O)CSC(F)F)C(=O)N2C(C(=O)O)=C(CSc3nnnn3CCO)CO[C@@H]21,1,0.5730337078651685,0.626,0.5-0.6
2766,O=P1(N(CCCl)CCCl)OCCCN1CCCl,1,0.20408163265306123,0.788,<0.4
CHEBI:142099,*C(=O)N[C@@H](CO[C@@H]1O[C@H](CO)[C@@H](O[C@@H]2O[C@H](CO)[C@H](O[C@@H]3O[C@H](CO)[C@H](O)[C@H](O[C@@H]4O[C@H](CO)[C@H](O)[C@H](O)[C@H]4O)[C@H]3NC(C)=O)[C@H](O[C@]3(C(=O)[O-])C[C@H](O)[C@@H](NC(=O)CO)[C@H]([C@H](O)[C@H](O)CO)O3)[C@H]2O)[C@H](O)[C@H]1O)[C@H](O)CCCCCCCCCCCCCCC,0,0.8446601941747572,0.006,0.8-0.9
751,CN(C)CCC=C1c2ccccc2C=Cc2ccccc21,1,0.6285714285714286,0.904,0.6-0.7
CHEBI:193514,O=C(O)C1OC(Oc2cc3c(c4oc5cccc(O)c5c(=O)c24)C2C=COC2O3)C(O)C(O)C1O,0,0.4125,0.12883333333333336,0.4-0.5
CHEBI:109403,CCc1ccc(-c2ccc3nnc(SC)n3n2)cc1,0,0.21428571428571427,0.596,<0.4
2539,CC1(C)S[C@@H]2[C@H](NC(=O)[C@H](N)c3ccccc3)C(=O)N2[C@H]1C(=O)OCOC(=O)[C@@H]1N2C(=O)C[C@H]2S(=O)(=O)C1(C)C,1,0.7083333333333334,0.91,0.7-0.8
CHEBI:71413,CC(=O)N[C@@H]1[C@@H](O)[C@H](O[C@@H]2O[C@H](CO[C@@H]3O[C@H](CO)[C@@H](O)[C@H](O)[C@H]3NC(C)=O)[C@H](O)[C@H](O)[C@H]2O)[C@@H](CO)O[C@H]1O,0,0.9183673469387755,0.001,>=0.9
CHEBI:217656,Cc1cc(O)c([C@@H]2C(=O)Oc3c(O)cc(O)cc32)c(O)c1,0,0.30434782608695654,0.22,<0.4
881,C[C@H]1O[C@@H](O[C@H]2[C@@H](O)C[C@H](O[C@H]3[C@@H](O)C[C@H](O[C@H]4CC[C@@]5(C)[C@H](CC[C@@H]6[C@@H]5CC[C@]5(C)[C@@H](C7=CC(=O)OC7)CC[C@]65O)C4)O[C@@H]3C)O[C@@H]2C)C[C@H](O)[C@@H]1O,1,0.6590909090909091,0.4473333333333333,0.6-0.7
CHEBI:7926,C[C@H]1CC=CC(=O)O1,0,0.425,0.231,0.4-0.5
CHEBI:213785,CCC(C)C(NC(=O)NC1CCCCNC(=O)C(CCSC)NC(=O)C(CCc2ccccc2)N(C)C(=O)C(CCc2ccccc2)NC(=O)C(C(C)C)NC1=O)C(=O)O,0,0.5576923076923077,0.30933333333333335,0.5-0.6
312,O=C(CCCN1CCC(n2c(=O)[nH]c3ccccc32)CC1)c1ccc(F)cc1,1,0.6779661016949152,0.9553333333333333,0.6-0.7
CHEBI:218255,C[C@@]12CCC[C@@]3(C)[C@@H](C1)[C@@](O)(CO)CC[C@@]23C,0,0.2830188679245283,0.41383333333333333,<0.4
CHEBI:96642,COCC(=O)N(C)C[C@@H]1Oc2cc(C#Cc3cccnc3)ccc2S(=O)(=O)N([C@H](C)CO)C[C@@H]1C,0,0.6206896551724138,0.02,0.6-0.7
4681,C[C@]12CC[C@H]3[C@@H](CCC4=C(O)C(=O)CC[C@@H]43)[C@@H]1CC[C@@H]2OC(=O)CCC1CCCC1,1,0.5797101449275363,0.732,0.5-0.6
CHEBI:200696,COc1cc2c(c3oc4cccc(O)c4c(=O)c13)[C@@H]1C[C@H](OC)O[C@@H]1O2,0,0.4788732394366197,0.12933333333333336,0.4-0.5
CHEBI:222857,CCCCC[C@H](OC)c1c(O)cc2c(c1O)C(=O)c1c(cc(OC)c(Br)c1O)C2=O,0,0.26744186046511625,0.3395,<0.4
CHEBI:221648,Cc1oc2nc1C(=O)NC(C)c1nc(cs1)C(=O)NC(C)c1nc(c(C)o1)-c1nc(C(N)=O)ccc1-c1nc(cs1)C(=O)NC(C(C)C)C(=O)NC2C,0,0.5735294117647058,0.363,0.5-0.6
1737,CN(C)CCN(Cc1cccs1)c1ccccc1,1,0.6341463414634146,0.936,0.6-0.7
CHEBI:216399,C[C@@H]1CNC(=O)[C@@H]2[C@H](C=C[C@@H]3C=CC=C[C@@H](O[C@H]4OC[C@H](O)[C@@H](O)[C@@H]4N)[C@@](C)(O)/C=C/[C@H]32)[C@@H](O)[C@H]1O,0,0.22535211267605634,0.40066666666666667,<0.4
CHEBI:87463,NC(=[NH2+])c1ccc(OCCCOc2ccc(C(N)=[NH2+])cc2)cc1,0,0.5862068965517241,0.84,0.5-0.6
CHEBI:176088,Cc1cc(O)c2c(c1)C(=O)c1cc(OC3OC(CO)C(O)C(O)C3O)cc(O)c1C2=O,0,0.6842105263157895,0.15580000000000002,0.6-0.7
CHEBI:94187,CCN(CC)Cc1ccc2cc(COC(=O)Nc3ccc(C(=O)NO)cc3)ccc2c1,0,0.3108108108108108,0.8053333333333332,<0.4
372,CC(C)(Oc1ccc(Cl)cc1)C(=O)OC(COC(=O)c1cccnc1)COC(=O)c1cccnc1,1,0.7358490566037735,0.9246666666666667,0.7-0.8
1582,CCC[C@@H]1C[C@@H](C(=O)N[C@@H]([C@H]2O[C@H](SC)[C@H](O)[C@@H](O)[C@H]2O)[C@@H](C)O)N(C)C1,1,0.2564102564102564,0.293,<0.4
CHEBI:103536,CC(C)NC(=O)Nc1ccc2c(c1)C(=O)N([C@@H](C)CO)C[C@@H](C)[C@H](CN(C)C(=O)CCC(F)(F)F)OCCCC[C@@H](C)O2,0,0.7865168539325843,0.016,0.7-0.8
CHEBI:156781,CC(=O)N[C@@H]1[C@H](O[C@@H]2[C@@H](O[C@@H]3[C@H](O)[C@H](O[C@H]4[C@H](O)[C@@H](NC(C)=O)[C@H](O[C@H]5[C@H](O)[C@@H](NC(C)=O)[C@H](O)O[C@@H]5CO[C@@H]5O[C@@H](C)[C@@H](O)[C@@H](O)[C@@H]5O)O[C@@H]4CO)O[C@H](CO[C@H]4O[C@H](CO)[C@@H](O)[C@H](O)[C@@H]4O[C@@H]4O[C@H](CO)[C@@H](O[C@@H]5O[C@H](CO)[C@H](O)[C@H](O[C@H]6O[C@H](CO)[C@H](O)[C@H](O)[C@H]6O)[C@H]5O)[C@H](O)[C@H]4NC(C)=O)[C@H]3O)O[C@H](CO)[C@@H](O[C@@H]3O[C@H](CO)[C@@H](O[C@@H]4O[C@H](CO)[C@H](O)[C@H](O[C@H]5O[C@H](CO)[C@H](O)[C@H](O)[C@H]5O)[C@H]4O)[C@H](O)[C@H]3NC(C)=O)[C@@H]2O)O[C@H](CO)[C@@H](O[C@@H]2O[C@H](CO)[C@H](O)[C@H](O)[C@H]2NC(C)=O)[C@@H]1O,0,0.9841269841269841,0.0,>=0.9
840,CC(COc1ccccc1)NC(C)Cc1ccccc1,1,0.475,0.92,0.4-0.5
CHEBI:101949,O=C(NCC1CC1)[C@@H]1[C@@H](CO)[C@@H]2Cn3c(ccc(C4=CCCC4)c3=O)[C@H]1N2CCC(F)(F)F,0,0.5679012345679012,0.228,0.5-0.6
CHEBI:207611,C[C@@H]1[C@@H](O)C[C@]2(O)[C@H](O)C3=CC(C)(C)C[C@H]3[C@]12C,0,0.2857142857142857,0.244,<0.4
707,Clc1ccc(C(OCCN2CCCCC2)c2ccccc2)cc1,1,0.5319148936170213,0.994,0.5-0.6
4485,CC(=O)OCC(=O)[C@@]1(OC(C)=O)[C@@H](C)C[C@H]2[C@@H]3C[C@H](F)C4=CC(=O)C=C[C@]4(C)[C@@]3(F)[C@@H](O)C[C@@]21C,1,0.6666666666666666,0.7166666666666668,0.6-0.7
CHEBI:751766,CN1C(=N)N(c2ccccc2)CC1=O,0,0.39473684210526316,0.9053333333333333,<0.4
CHEBI:210013,CC(C)[C@@H]1NC(=O)[C@H](C(C)C)N(C)C(=O)[C@H](C(C)C)NC(=O)[C@H](Cc2ccccc2)N(C)C(=O)[C@H](Cc2ccccc2)NC1=O,0,0.48717948717948717,0.364,0.4-0.5
4883,CCCc1ccc(OCC(=O)N2CCN(C(=O)COc3ccc(CCC)cc3OC)CC2)c(OC)c1,1,0.359375,0.627,<0.4
CHEBI:77931,O=C(/C=C/c1ccc(O)cc1)OC[C@H]1O[C@@H](OC[C@H]2O[C@@H](Oc3cc4c([O-])cc([O-])cc4[o+]c3-c3ccc(O)c(O)c3)[C@H](O[C@@H]3OC[C@@H](O)[C@H](O)[C@H]3O)[C@@H](O)[C@H]2O)[C@H](O)[C@@H](O)[C@@H]1O,0,0.6666666666666666,0.098,0.6-0.7
824,C[C@@H]1C[C@H]2[C@@H]3CCC4=CC(=O)C=C[C@]4(C)[C@@]3(F)[C@@H](O)C[C@]2(C)[C@@]1(O)C(=O)CO,1,0.7246376811594203,0.67,0.7-0.8
2161,COc1ccc(C(=O)NCc2cccnc2)cc1C(=O)NCc1cccnc1,1,0.4375,0.752,0.4-0.5
CHEBI:37486,O=C1c2ccc(O)cc2C(=O)c2c1ccc(O)c2O,0,0.30612244897959184,0.4266666666666667,<0.4
1907,O=C(CCNNC(=O)c1ccncc1)NCc1ccccc1,1,0.45652173913043476,0.724,0.4-0.5
1920,CN1CCC[C@H]1c1cccnc1,1,0.55,0.837,0.5-0.6
4408,CO[C@H]1C[C@H](O[C@H]2CC[C@]3(C=O)[C@H]4CC[C@]5(C)[C@@H](C6=CC(=O)OC6)CC[C@]5(O)[C@@H]4CC[C@]3(O)C2)O[C@H](C)[C@H]1O,1,0.5368421052631579,0.3986666666666666,0.5-0.6
CHEBI:93566,O=C(OCC#CCSc1nnc(-c2cccc3ccccc23)o1)c1ccc(F)nc1,0,0.25925925925925924,0.532,<0.4
CHEBI:108432,COc1ccc(CN(C(=O)CSc2nnc(-c3ccccc3F)o2)c2ccc(F)cc2)cc1,0,0.32941176470588235,0.484,<0.4
CHEBI:59208,CC(=O)N[C@H]1[C@H](O[C@@H]2[C@H](O[C@]3(C(=O)O)C[C@H](O)[C@@H](NC(C)=O)[C@H]([C@H](O)[C@H](O)CO)O3)[C@@H](O)[C@H](O[C@H]3[C@H](O)[C@@H](O)[C@H](O)O[C@@H]3CO)O[C@@H]2CO)O[C@H](CO)[C@H](O)[C@@H]1O[C@@H]1O[C@H](CO)[C@H](O)[C@H](O)[C@H]1O,0,0.9295774647887324,0.002857142857142857,>=0.9
2083,CC1(C)S[C@@H]2[C@H](NC(=O)COc3ccccc3)C(=O)N2[C@H]1C(=O)O,1,0.7115384615384616,0.886,0.7-0.8
CHEBI:217688,CC(C=O)=C[C@]1(C)O[C@H](C)[C@](C)(O)[C@H]1O,0,0.35384615384615387,0.172,<0.4
4878,CC[C@H](Nc1ncnc2nc[nH]c12)c1nc2cccc(F)c2c(=O)n1-c1ccccc1,1,0.3855421686746988,0.697,<0.4
80,CC[C@@]1(O)C[C@H](O[C@H]2C[C@H](N(C)C)[C@H](O[C@H]3C[C@H](O)[C@H](O[C@H]4CCC(=O)[C@H](C)O4)[C@H](C)O3)[C@H](C)O2)c2c(cc3c(c2O)C(=O)c2c(O)cccc2C3=O)[C@H]1C(=O)OC,1,0.6451612903225806,0.24273333333333336,0.6-0.7
CHEBI:186864,CC1(C)OC1Cc1cc(CC(O)C(=O)O)ccc1O,0,0.32608695652173914,0.388,<0.4
CHEBI:229877,CCCCCC=CC[C@@]1(O)C=C(I)C(=O)[C@@H]1[C@H](C=CCCCC(=O)OC)OC(C)=O,0,0.4098360655737705,0.1826666666666667,0.4-0.5
1548,CS(=O)(=O)CCNCc1ccc(-c2ccc3ncnc(Nc4ccc(OCc5cccc(F)c5)c(Cl)c4)c3c2)o1,1,0.31683168316831684,0.56,<0.4
CHEBI:215469,CC(=O)C[C@@]1(O)CC(=O)c2c(C)cc(O)cc2O1,0,0.40384615384615385,0.139,0.4-0.5
CHEBI:219232,O=C/C(=C/c1ccc(CO)o1)c1ccc(O)cc1,0,0.2857142857142857,0.412,<0.4
CHEBI:227122,CCCCCC[C@@H]1CC(=O)NCC(=O)N[C@@H](C(C)C)C(=O)N[C@H](Cc2ccccc2)C(=O)N[C@@H]([C@@H](C)O)C(=O)N[C@@H]([C@@H](C)CC)C(=O)O1,0,0.5294117647058824,0.204,0.5-0.6
CHEBI:147916,CC(=O)N[C@H]1[C@H](O[C@@H]([C@H](O)[C@H](CO)NC(C)=O)[C@H](O)CO)O[C@H](CO)[C@@H](O[C@@H]2O[C@H](CO[C@H]3O[C@H](CO)[C@@H](O)[C@H](O[C@H]4O[C@H](CO)[C@@H](O)[C@H](O)[C@@H]4O)[C@@H]3O)[C@@H](O)[C@H](O[C@H]3O[C@H](CO)[C@@H](O)[C@H](O)[C@@H]3O[C@@H]3O[C@H](CO)[C@@H](O[C@@H]4O[C@H](CO)[C@H](O)[C@H](O)[C@H]4O)[C@H](O)[C@H]3NC(C)=O)[C@@H]2O)[C@@H]1O,0,0.9850746268656716,0.0,>=0.9
CHEBI:133823,O=C(Nc1ccc(Cl)c(-c2nc3ncccc3o2)c1)c1ccco1,0,0.3125,0.498,<0.4
1141,O=C(O)Cc1ccc(-c2ccccc2)cc1,1,0.5,0.892,0.5-0.6
1349,CCC(=O)O[C@]1(C(=O)CCl)[C@@H](C)C[C@H]2[C@@H]3C[C@H](F)C4=CC(=O)C=C[C@]4(C)[C@@]3(F)[C@@H](O)C[C@@]21C,1,0.5432098765432098,0.717,0.5-0.6
3139,CC(=O)OCC(=O)[C@@]1(O)CC[C@H]2[C@@H]3CCC4=CC(=O)C=C[C@]4(C)[C@@]3(Cl)[C@@H](Cl)C[C@@]21C,1,0.527027027027027,0.84,0.5-0.6
348,C[C@H]1C[C@H]2[C@@H]3CCC4=CC(=O)C=C[C@]4(C)[C@@]3(F)[C@@H](O)C[C@]2(C)[C@@]1(O)C(=O)CO,1,0.7246376811594203,0.67,0.7-0.8
CHEBI:28603,COc1cc([C@H]2OC[C@H]3[C@@H]2CO[C@@H]3c2cc(OC)c(O[C@@H]3O[C@H](CO)[C@@H](O)[C@H](O)[C@H]3O)c(OC)c2)cc(OC)c1O,0,0.47058823529411764,0.1388761904761905,0.4-0.5
819,C[C@@H]1C[C@H]2[C@@H]3CCC4=CC(=O)C=C[C@]4(C)[C@@]3(F)[C@@H](O)C[C@]2(C)[C@H]1C(=O)CO,1,0.5735294117647058,0.589,0.5-0.6
4665,CCN(CC)c1ccc(C(=C2C=CC(=[N+](CC)CC)C=C2)c2ccccc2)cc1,1,0.2903225806451613,0.7823333333333332,<0.4
1761,CO[C@H]1[C@@H](O)C[C@H](O[C@H]2[C@@H](O)C[C@H](O[C@H]3[C@@H](O)C[C@H](O[C@H]4CC[C@@]5(C)[C@H](CC[C@@H]6[C@@H]5C[C@@H](O)[C@]5(C)[C@@H](C7=CC(=O)OC7)CC[C@]65O)C4)O[C@@H]3C)O[C@@H]2C)O[C@@H]1C,1,0.7804878048780488,0.452,0.7-0.8
CHEBI:151103,CC(=O)N[C@H]1[C@H](O[C@H]2[C@@H](O)[C@@H](CO)O[C@@H](O[C@@H]3[C@H](O)[C@@H](O)[C@H](O[C@H]4[C@H](O)[C@@H](O)[C@H](O)O[C@@H]4CO)O[C@@H]3CO)[C@@H]2O)O[C@H](CO)[C@H](O)[C@@H]1O,0,1.0,0.002333333333333333,>=0.9
2269,CC(C)(Sc1cc(C(C)(C)C)c(O)c(C(C)(C)C)c1)Sc1cc(C(C)(C)C)c(O)c(C(C)(C)C)c1,1,0.2826086956521739,0.6415,<0.4
CHEBI:140788,CC(CCC(=O)O)O[C@@H]1OC(C)[C@H](OC(=O)CCC(=O)NC[C@H](O)c2ccc(O)cc2)CC1O,0,0.4225352112676056,0.3693333333333333,0.4-0.5
CHEBI:126109,CCC(=O)N1[C@@H](CO)[C@@H](c2ccccc2)C12CN(C(=O)c1ccc3c(c1)OCO3)C2,0,0.43243243243243246,0.1984,0.4-0.5
5344,O=[N+]([O-])c1cn2c(n1)OC[C@@H](OCc1ccc(OC(F)(F)F)cc1)C2,1,0.45,0.638,0.4-0.5
CHEBI:175938,CCC(C)C(=O)OC1c2c(ccc3ccc(=O)oc23)OC1C(C)(C)OC(C)=O,0,0.27835051546391754,0.377,<0.4
4912,COC(=O)N[C@H](C(=O)N1CCC[C@H]1C(=O)Nc1ccc([C@@H]2CC[C@@H](c3ccc(NC(=O)[C@@H]4CCCN4C(=O)[C@@H](NC(=O)OC)C(C)C)cc3)N2c2ccc(C(C)(C)C)cc2)cc1)C(C)C,1,0.4125,0.604,0.4-0.5
132,CCC(=O)O[C@]1(c2ccccc2)CCN(C)C[C@@H]1C,1,0.3442622950819672,0.7226666666666668,<0.4
121,Nc1ccc(S(=O)(=O)C(CC(=O)c2ccccc2)c2ccccc2)cc1,1,0.45454545454545453,0.742,0.4-0.5
3433,O=C1C(=O)c2ncccc2-c2cccnc21,1,0.45161290322580644,0.833,0.4-0.5
CHEBI:95087,O=C(O)CNC(=O)c1c(O)c2ccccc2n(Cc2ccccc2)c1=O,0,0.5344827586206896,0.656,0.5-0.6
2319,C[C@H]1CC[C@@H]2N(C1)C[C@@H]1[C@H]([C@@H](O)[C@H](O)[C@]3(O)[C@H]1C[C@@]14O[C@@]5(O)[C@@H]([C@@H](O)[C@@H](O)[C@@H]31)[C@]4(C)CC[C@@H]5O)[C@]2(C)O,1,0.21348314606741572,0.33133333333333326,<0.4
CHEBI:127712,COCC(=O)N1CC[C@@H]2[C@@H](CO)N(C)c3ccc(-c4ccc(F)cc4)cc3[C@@H]21,0,0.5,0.2765,0.5-0.6
5460,NC(=O)c1ccc2c(c1O)C13CCN(CC4CC4)C(C2)C1(O)CCC(=O)C3,1,0.4861111111111111,0.6492,0.4-0.5
CHEBI:223525,Cc1cc(O)c2c3c(ccc2c1)C(=O)c1c(ccc([C@H]2C[C@H]4O[C@H]5CC(=O)[C@H](C)O[C@H]5O[C@@H]4[C@@H](C)O2)c1O)C3=O,0,0.39603960396039606,0.20133333333333334,<0.4
CHEBI:186601,OC[C@H]1O[C@H](OC[C@H]2O[C@H](O[C@H]3[C@H](O)[C@@H](O)[C@@H](O[C@H]4[C@H](O)[C@@H](O)[C@@H](O[C@H]5[C@H](O)[C@@H](O)C(O)O[C@@H]5CO)O[C@@H]4CO)O[C@@H]3CO)[C@H](O)[C@@H](O)[C@@H]2O)[C@H](O)[C@@H](O)[C@@H]1O,0,1.0,0.01802857142857143,>=0.9
2548,CC(C)C[C@H](NC(=O)CNC(=O)[C@H](CCC(N)=O)NC(=O)[C@H](CC(C)C)NC(=O)[C@H](CC(C)C)NC(=O)[C@H](CCCNC(=N)N)NC(=O)[C@H](CCC(N)=O)NC(=O)[C@H](CC(C)C)NC(=O)[C@H](CCCNC(=N)N)NC(=O)[C@H](C)NC(=O)CNC(=O)[C@H](CCC(=O)O)NC(=O)[C@H](CCCNC(=N)N)NC(=O)[C@H](CC(C)C)NC(=O)[C@H](CCCNC(=N)N)NC(=O)[C@H](CO)NC(=O)[C@H](CC(C)C)NC(=O)[C@H](CCC(=O)O)NC(=O)[C@H](CO)NC(=O)[C@@H](NC(=O)[C@H](Cc1ccccc1)NC(=O)[C@@H](NC(=O)CNC(=O)[C@H](CC(=O)O)NC(=O)[C@H](CO)NC(=O)[C@@H](N)Cc1c[nH]cn1)[C@@H](C)O)[C@@H](C)O)C(=O)N[C@H](C(N)=O)C(C)C,1,0.7164179104477612,0.891,0.7-0.8
5240,CC1(C)OC(c2ccc(S(N)(=O)=O)cc2)=C(c2cccc(F)c2)C1=O,1,0.3508771929824561,0.556,<0.4
1019,C=C1[C@H](CO)[C@@H](O)C[C@@H]1n1cnc2c(=O)[nH]c(N)nc21,1,0.4406779661016949,0.7604238095238095,0.4-0.5
CHEBI:181815,COc1cc2c(cc1OC)C1CCC3=C([C@H](C)OC3=O)N1CC2,0,0.4032258064516129,0.518,0.4-0.5
339,O=c1cc(Cc2ccccc2)[nH]c(=S)[nH]1,1,0.5142857142857142,0.902,0.5-0.6
723,COC(=O)[C@H]1[C@@H](OC(=O)c2ccccc2)C[C@@H]2CC[C@H]1N2C,1,0.4,0.8635,0.4-0.5
1763,CN(C)c1ccc2nc3ccc(N(C)C)cc3[s+]c2c1,1,0.3409090909090909,0.7453333333333334,<0.4
CHEBI:145337,CCCCCCCCCCCCC/C=C/[C@@H](O)[C@H](CO[C@@H]1O[C@H](CO)[C@@H](O[C@@H]2O[C@H](CO)[C@H](O[C@@H]3O[C@H](CO)[C@H](O)[C@H](O[C@@H]4O[C@H](CO)[C@H](O)[C@H](O)[C@H]4O)[C@H]3NC(C)=O)[C@H](O[C@]3(CO)C[C@H](O)[C@@H](NC(C)=O)[C@H]([C@H](O)[C@H](O)CO)O3)[C@H]2O)[C@H](O)[C@H]1O)NC(=O)CCCCCCCCCCCCCCCCC,0,0.8113207547169812,0.016,0.8-0.9
4546,C[C@]12C=CC(=O)C=C1[C@@H](F)C[C@H]1[C@@H]3C[C@@H](O)[C@](O)(C(=O)CO)[C@@]3(C)C[C@H](Cl)[C@@]12Cl,1,0.6666666666666666,0.661,0.6-0.7
3705,O=c1[nH]c(=O)c2ccccc2o1,1,0.42424242424242425,0.762,0.4-0.5
1923,Cn1c(NCCN(CCO)CCCc2ccc([N+](=O)[O-])cc2)cc(=O)n(C)c1=O,1,0.323943661971831,0.762,<0.4
3920,C[C@@H]1C[C@H]2[C@@H]3CCC4=CC(=O)C=C[C@]4(C)[C@@]3(F)[C@@H](O)C[C@]2(C)[C@@]1(O)C(=O)COP(=O)(O)O,1,0.726027397260274,0.572,0.7-0.8
CHEBI:216451,Cc1cc2c(c(C)c1O)O[C@H](C)CC2=O,0,0.35185185185185186,0.109,<0.4
2349,CC[C@H]1NC(=O)[C@@H](NC(=O)c2ncccc2O)[C@@H](C)OC(=O)[C@H](c2ccccc2)NC(=O)[C@@H]2CC(=O)[C@H](CS[C@@H]3CN4CCC3CC4)CN2C(=O)[C@H](Cc2ccc(N(C)C)cc2)N(C)C(=O)[C@@H]2CCCN2C1=O,1,0.3591549295774648,0.511,<0.4
1182,Cn1cc(S(C)=O)c(=O)c2ccc(F)cc21,1,0.2549019607843137,0.6536666666666666,<0.4
3735,OCCN1CCCCC1C(c1ccccc1)c1ccccc1,1,0.4146341463414634,0.8476666666666667,0.4-0.5
1553,Cc1oc(=O)oc1COC(=O)[C@@H]1N2C(=O)[C@@H](NC(=O)[C@H](N)c3ccccc3)[C@H]2SC1(C)C,1,0.6712328767123288,0.83,0.6-0.7
CHEBI:151202,OC[C@H]1O[C@H](OC[C@H]2O[C@H](O[C@H]3C(O)O[C@H](CO)[C@@H](O)[C@@H]3O)[C@H](O)[C@@H](O)[C@@H]2O)[C@H](O)[C@@H](O)[C@@H]1O,0,0.8611111111111112,0.003142857142857143,0.8-0.9
1118,CO[C@H]1C[C@@H]2CC[C@@H](C)[C@@](O)(O2)C(=O)C(=O)N2CCCC[C@H]2C(=O)O[C@H]([C@H](C)C[C@@H]2CC[C@@H](OCCO)[C@H](OC)C2)CC(=O)[C@H](C)/C=C(\C)[C@@H](O)[C@@H](OC)C(=O)[C@H](C)C[C@H](C)/C=C/C=C/C=C/1C,1,0.3402777777777778,0.4090666666666667,<0.4
CHEBI:109267,CCOC(=O)COc1cccc2c(=O)n(CC(=O)N3CCc4ccccc43)ccc12,0,0.38095238095238093,0.6908,<0.4
CHEBI:203189,CC=C(C)C(=O)C(C)C(O)C(C)C(=O)O[C@H]1C=COC=C2C[C@@]3(SC)C(=O)N4[C@H]5C(=CC=C[C@@H]5O)[C@@H](O)[C@@]4(SC)C(=O)N3[C@@H]21,0,0.3516483516483517,0.3681904761904762,<0.4
4768,Oc1ccccc1-c1ccccc1,1,0.4,0.708,0.4-0.5
1238,C[C@]12CCC(=O)C(O)=C1CC[C@@H]1[C@@H]2CC[C@]2(C)C(=O)CC[C@@H]12,1,0.6904761904761905,0.739,0.6-0.7
2535,Cc1cccc2c1NC(=O)C2(c1ccc(OS(=O)(=O)O)cc1)c1ccc(OS(=O)(=O)O)cc1,1,0.3076923076923077,0.7575,<0.4
CHEBI:227481,C=C1C[C@H](O)CC(C)(C)[C@H]1/C=C/C(C)=CC(=O)O,0,0.3384615384615385,0.32733333333333337,<0.4
2814,C=CCN1CCCC1CNC(=O)c1cc(S(N)(=O)=O)cc(OC)c1OC,1,0.5774647887323944,0.7116,0.5-0.6
CHEBI:203134,COC(=O)[C@H]1C2C(=O)c3c(O)cccc3OC2OC=C(C)[C@H]1O,0,0.3333333333333333,0.1995,<0.4
CHEBI:197852,CCCCCCCCC1CC(=O)N[C@@H](CC(N)=O)C(=O)N[C@H](Cc2ccc(O)cc2)C(=O)N[C@@H](CC(N)=O)C(=O)N[C@@H](CCC(N)=O)C(=O)N[C@@H](CO)C(=O)N[C@@H](CC(N)=O)C(=O)N2CCC[C@@H]2C(=O)N1,0,0.5333333333333333,0.4048,0.5-0.6
2701,Cc1cc2nc3ccc(N(C)C)cc3[s+]c2cc1N,1,0.3050847457627119,0.656,<0.4
5198,CC(C)C[C@H](NC(=O)CNC(=O)[C@H](CCC(N)=O)NC(=O)[C@H](CC(C)C)NC(=O)[C@H](CC(C)C)NC(=O)[C@H](CCCNC(=N)N)NC(=O)[C@H](CCC(N)=O)NC(=O)[C@H](CC(C)C)NC(=O)[C@H](CCCNC(=N)N)NC(=O)[C@H](C)NC(=O)[C@H](CO)NC(=O)[C@H](CC(=O)O)NC(=O)[C@H](CCCNC(=N)N)NC(=O)[C@H](CC(C)C)NC(=O)[C@H](CCCNC(=N)N)NC(=O)[C@H](CO)NC(=O)[C@H](CC(C)C)NC(=O)[C@H](CCC(=O)O)NC(=O)[C@H](CO)NC(=O)[C@@H](NC(=O)[C@H](Cc1ccccc1)NC(=O)[C@@H](NC(=O)CNC(=O)[C@H](CC(=O)O)NC(=O)[C@H](CO)NC(=O)[C@@H](N)Cc1c[nH]cn1)[C@@H](C)O)[C@@H](C)O)C(=O)N[C@H](C(N)=O)C(C)C,1,0.7293233082706767,0.897,0.7-0.8
CHEBI:232407,COc1ccc(Cn2cc(C(=O)O)c(=O)c3ccccc32)cc1,0,0.41509433962264153,0.6048333333333333,0.4-0.5
CHEBI:67217,C[N+]1(Cc2ccc(C(=O)NCCO)cc2)CCCCC1.[Cl-],0,0.3333333333333333,0.774,<0.4
CHEBI:231049,CCCCCCCCCCCCCCCCCC(=O)OC[C@H](CO)OC(=O)CCCCC(=O)C[C@@H]1[C@@H](/C=C/[C@@H](O)CCCCC)[C@H](O)C[C@@H]1O,0,0.5357142857142857,0.18327619047619045,0.5-0.6
2540,NS(=O)(=O)c1ccc(N2CCCCS2(=O)=O)cc1,1,0.3148148148148148,0.78,<0.4
CHEBI:202041,CO[C@]1(C)Cc2ccc3c(c2CO1)OC(=C(C)C)C3=O,0,0.296875,0.399,<0.4
3495,O=C1CCO1,1,0.4090909090909091,0.434,0.4-0.5
4823,CCC(CC)[C@H](NC(C)=O)[C@@H]1[C@H](O)[C@@H](C(=O)O)C[C@H]1NC(=N)N,1,0.25925925925925924,0.43333333333333335,<0.4
5347,Cc1cnc(Nc2ccc(OCCN3CCCC3)cc2)nc1Nc1cccc(S(=O)(=O)NC(C)(C)C)c1,1,0.325,0.7473333333333333,<0.4
47,COc1ccc2c(c1)c(CC(=O)OCC(=O)O)c(C)n2C(=O)c1ccc(Cl)cc1,1,0.7301587301587301,0.789,0.7-0.8
799,CC(C)Nc1cccnc1N1CCN(C(=O)c2cc3cc(NS(C)(=O)=O)ccc3[nH]2)CC1,1,0.25925925925925924,0.766,<0.4
4667,C[C@H]1C[C@H]2[C@@H]3CCC4=CC(=O)C=C[C@]4(C)[C@@]3(F)[C@@H](O)C[C@]2(C)[C@@]1(O)C(=O)COP(=O)(O)O,1,0.726027397260274,0.572,0.7-0.8
CHEBI:208199,C[C@@H]1[C@@H](C(C)(O)CCC(O)C(C)(C)O)CC[C@]1(C)O,0,0.3018867924528302,0.3421666666666666,<0.4
CHEBI:111070,C[C@@H]1CN([C@@H](C)CO)C(=O)c2cc(NC(=O)CCC(F)(F)F)ccc2O[C@@H](C)CCCCO[C@@H]1CN(C)C,0,0.8333333333333334,0.004,0.8-0.9
CHEBI:178576,CC(C)=CCc1c(O)cc2oc3oc4c(CC=C(C)C)c(O)ccc4c3c(=O)c2c1O,0,0.5789473684210527,0.08466666666666667,0.5-0.6
CHEBI:36804,C[NH+](C)CC/C=C1/c2ccccc2CSc2ccccc21.[Cl-],0,0.46153846153846156,0.8193333333333332,0.4-0.5
CHEBI:219894,CC(C)Oc1c(NC(=O)c2ccc(N)cc2)ccc(C(=O)Nc2ccc(C(=O)O)cc2)c1O,0,0.5263157894736842,0.748,0.5-0.6
3209,CCOC(=O)[C@@]1(OC(=O)C(Cl)Cl)CC[C@H]2[C@@H]3CCC4=CC(=O)C=C[C@]4(C)[C@H]3[C@@H](O)C[C@@]21C,1,0.5921052631578947,0.739,0.5-0.6
CHEBI:139983,C[C@@H]1O[C@@H](OCCCCCCCCCC(=O)SCCNC(=O)CCNC(=O)[C@H](O)C(C)(C)COP(=O)([O-])OP(=O)([O-])OC[C@H]2O[C@@H](n3cnc4c(N)ncnc43)[C@H](O)[C@@H]2OP(=O)([O-])[O-])[C@H](O)C[C@H]1O,0,0.9272727272727272,0.004,>=0.9
CHEBI:230317,CN(Cc1cc(C(C)(C)C)c(O)c(C(C)(C)C)c1)Cc1cc(C(C)(C)C)c(O)c(C(C)(C)C)c1,0,0.3191489361702128,0.8335,<0.4
3015,N=C(N)NC[C@H]1CC[C@H](C(=O)Oc2ccccc2C(=O)OCc2ccccc2)CC1,1,0.35185185185185186,0.7025,<0.4
CHEBI:128042,CC=Cc1ccc([C@@H]2[C@H](CO)N3C(=O)CN(Cc4ccccc4)C[C@@H]23)cc1,0,0.5205479452054794,0.16185714285714287,0.5-0.6
1611,CCOC(=O)O[C@]1(C(=O)OCCl)CC[C@H]2[C@@H]3CCC4=CC(=O)C=C[C@]4(C)[C@H]3[C@@H](O)C[C@@]21C,1,0.5844155844155844,0.754,0.5-0.6
CHEBI:101620,CO[C@H]1CN(C)C(=O)c2cc(NS(=O)(=O)c3cn(C)cn3)ccc2OC[C@@H](C)N(CC2CC2)C[C@@H]1C,0,0.6265060240963856,0.064,0.6-0.7
3334,Cc1nc2ccccc2c(=O)n1-c1ccccc1Cl,1,0.3333333333333333,0.79,<0.4
1902,CCCCCOc1ccccc1/C(=C\SC)n1ccnc1,1,0.38461538461538464,0.7343333333333333,<0.4
5144,O=C1O[C@H](CO)[C@@H](O)[C@H](O)[C@H]1O,1,0.4117647058823529,0.2965079365079365,0.4-0.5
2124,CC(Oc1ccccc1)C(=O)N[C@@H]1C(=O)N2[C@@H]1SC(C)(C)[C@@H]2C(=O)O,1,0.7777777777777778,0.902,0.7-0.8
CHEBI:224066,CC(=O)[C@@]12SS[C@]3(C(=O)N1C)[C@@H](O)C1([C@@]45c6ccccc6N[C@@H]4N4C(=O)[C@]6(C(C)=O)SS[C@]4(C(=O)N6C)[C@H]5O)c4ccccc4N[C@@H]1N3C2=O,0,0.6440677966101694,0.38431111111111105,0.6-0.7
2852,CCOC(=O)CN[C@@H](C(=O)N1CC[C@H]1C(=O)NCc1ccc(C(=N)NO)cc1)C1CCCCC1,1,0.3023255813953488,0.6285,<0.4
CHEBI:70340,C=C1C[C@H]2O[C@H]([C@@H]3[C@@H]([C@@H](C)COC(=O)CCC)CC=C(C)[C@@H]32)[C@](C)(OC(=O)[C@H](O)CC)CC[C@@H]1O,0,0.27722772277227725,0.26083333333333336,<0.4
3142,CCCC(=O)O[C@]1(C(=O)COC(C)=O)CC[C@H]2[C@@H]3C[C@H](F)C4=CC(=O)C=C[C@]4(C)[C@@]3(F)[C@@H](O)C[C@@]21C,1,0.5975609756097561,0.774,0.5-0.6
3183,CC[C@H](C)[C@H]1C(=O)N2CCC[C@H]2[C@]2(O)O[C@](NC(=O)[C@@H]3C=C4c5cccc6[nH]cc(c56)C[C@H]4N(C)C3)(C(C)C)C(=O)N12,1,0.696969696969697,0.901,0.6-0.7
321,CCc1oc2ccccc2c1C(=O)c1cc(I)c(O)c(I)c1,1,0.37037037037037035,0.6305,<0.4
3234,CCCCOC(=O)C(=O)[C@H]1[C@H](C)C[C@H]2[C@@H]3C[C@H](F)C4=CC(=O)C=C[C@]4(C)[C@H]3[C@@H](O)C[C@@]21C,1,0.46511627906976744,0.4986666666666667,0.4-0.5
CHEBI:102653,O=C(O)C[C@@H]1C[C@H]2c3cc(NC(=O)Nc4ccc(C(F)(F)F)cc4)ccc3O[C@H]2[C@@H](CO)O1,0,0.625,0.044,0.6-0.7
CHEBI:145094,COC(=O)[C@]1(O)C[C@@H](O)[C@@H](O)[C@H](OC(=O)/C=C/c2ccc(O)c(O)c2)C1,0,0.6491228070175439,0.416,0.6-0.7
CHEBI:189942,C=C1CC=CC(C)(C)C/C=C(/C)CC[C@H]1O,0,0.3148148148148148,0.271,<0.4
1996,CCCCCCCCCCC[C@@H](C[C@@H]1OC(=O)[C@H]1CCCCCC)OC(=O)[C@H](CC(C)C)NC=O,1,0.30303030303030304,0.18883333333333333,<0.4
CHEBI:224804,CC=C(C)[C@]1(O)C=C[C@@H]2CC(C)=CC[C@H]2[C@]1(O)/C=C/C=CC=CC=CC(=O)O,0,0.25,0.354,<0.4
4180,CCc1c(Cl)c(O)c(Cl)c(O)c1C(=O)O[C@H]1[C@H](O)[C@H](OC)[C@H](OC/C2=C\C=C\C[C@H](O)/C(C)=C/[C@H](CC)[C@@H](O[C@@H]3OC(C)(C)[C@@H](OC(=O)C(C)C)[C@H](O)[C@@H]3O)/C(C)=C/C(C)=C/C[C@@H]([C@@H](C)O)OC2=O)O[C@@H]1C,1,0.23780487804878048,0.32366666666666666,<0.4
1209,CNCCC(Oc1ccc(C(F)(F)F)cc1)c1ccccc1,1,0.3333333333333333,0.936,<0.4
1781,COc1ccc(C=CC(=O)c2ccc(OC)cc2OC)cc1,1,0.3958333333333333,0.3588571428571428,<0.4
4452,CCC(=O)O[C@]1(C(=O)CCl)[C@@H](C)C[C@H]2[C@@H]3CCC4=CC(=O)C=C[C@]4(C)[C@@]3(F)[C@@H](O)C[C@@]21C,1,0.6933333333333334,0.792,0.6-0.7
CHEBI:104298,CO[C@@H]1CN(C)C(=O)c2cc(NC(C)=O)ccc2OC[C@H](C)N(Cc2cccnc2)C[C@H]1C,0,0.7763157894736842,0.016,0.7-0.8
CHEBI:37572,*O[C@@H]1O[C@@H](CO)[C@H](O)[C@H]1O,0,0.53125,0.22332619047619057,0.5-0.6
CHEBI:148830,CC(=O)N[C@H]1[C@H](O[C@@H]2[C@H](O)[C@@H](O)[C@H](O[C@H]3[C@H](O)[C@@H](O)[C@H](O)O[C@@H]3CO)O[C@@H]2CO[C@]2(C(=O)O)C[C@H](O)[C@@H](NC(C)=O)[C@H]([C@H](O)[C@H](O)CO)O2)O[C@H](CO)[C@H](O)[C@@H]1O,0,0.9041095890410958,0.0006666666666666666,>=0.9
2590,COc1cc([C@@H]2c3cc4c(cc3[C@@H](O[C@@H]3O[C@@H]5CO[C@@H](c6cccs6)O[C@H]5[C@H](O)[C@H]3O)[C@H]3COC(=O)[C@H]23)OCO4)cc(OC)c1O,1,0.7530864197530864,0.4519333333333333,0.7-0.8
2410,CC[C@H]1OC(=O)[C@H](C)[C@@H](O[C@H]2C[C@@](C)(OC)[C@@H](O)[C@H](C)O2)[C@H](C)[C@@H](O[C@@H]2O[C@H](C)C[C@H](N(C)C)[C@H]2O)[C@](C)(O)C[C@@H](C)/C(=N\OCOCCOC)[C@H](C)[C@@H](O)[C@]1(C)O,1,0.7634408602150538,0.968,0.7-0.8
2563,O=C1[C@@H]2[C@H]3CC[C@H](C3)[C@@H]2C(=O)N1CCCCN1CCN(c2ncccn2)CC1,1,0.56,0.834,0.5-0.6
