smiles,canonical_smiles,FDA_APPROVED,CT_TOX,predicted_probability,predicted_label,correct
[H]/[NH+]=C(/C1=CC(=O)/C(=C\C=c2ccc(=C([NH3+])N)cc2)/C=C1)\N,[H]/[NH+]=C(\N)C1=CC(=O)/C(=C\C=c2ccc(=C(N)[NH3+])cc2)C=C1,1,0,0.473,0,False
[H]/[NH+]=C(\N)/c1ccc(cc1)OCCCCCOc2ccc(cc2)/C(=[NH+]/[H])/N,[H]/[NH+]=C(\N)c1ccc(OCCCCCOc2ccc(/C(N)=[NH+]/[H])cc2)cc1,1,0,0.818,1,True
[O-][99Tc](=O)(=O)=O,[O]=[99Tc](=[O])(=[O])[O-],1,0,0.43,0,False
[O-]P(=O)([O-])F,O=P([O-])([O-])F,1,0,0.448,0,False
[O-]S(=O)(=O)[O-],O=S(=O)([O-])[O-],1,0,0.154,0,False
[O-]S(=O)(=S)[O-],O=S([O-])([O-])=S,1,0,0.248,0,False
[Se],[Se],0,1,0.546,1,False
C#CC[NH2+][C@@H]1CCc2c1cccc2,C#CC[NH2+][C@@H]1CCc2ccccc21,1,0,0.814,1,True
C#CCC(Cc1cnc2c(n1)c(nc(n2)N)N)c3ccc(cc3)C(=O)N[C@@H](CCC(=O)[O-])C(=O)[O-],C#CCC(Cc1cnc2nc(N)nc(N)c2n1)c1ccc(C(=O)N[C@@H](CCC(=O)[O-])C(=O)[O-])cc1,1,0,0.572,1,True
C#N,C#N,1,0,0.25,0,False
C(#N)[Fe-2](C#N)(C#N)(C#N)(C#N)N=O,N#[C][Fe-2]([C]#N)([C]#N)([C]#N)([C]#N)[N]=O,1,0,0.392,0,False
C([C@@H]([C@@H]1C(=C(C(=O)O1)O)[O-])O)O,O=C1O[C@H]([C@@H](O)CO)C([O-])=C1O,1,0,0.38016666666666665,0,False
C([C@@H](C(=O)[O-])[NH3+])S,[NH3+][C@@H](CS)C(=O)[O-],1,0,0.026,0,False
C([C@@H]1[C@@H]([C@@H]([C@H]([C@@H](O1)O[C@@H]2[C@H](O[C@@]([C@H]2O)(CO)O)CO)O)O)O)O,OC[C@H]1O[C@@H](O[C@@H]2[C@@H](CO)O[C@](O)(CO)[C@H]2O)[C@H](O)[C@@H](O)[C@H]1O,1,0,0.7192428571428571,1,True
C([C@@H]1[C@H]([C@@H]([C@H]([C@@H](O1)O[C@]2([C@H]([C@@H]([C@H](O2)OS(=O)(=O)O[Al](O)O)OS(=O)(=O)O[Al](O)O)OS(=O)(=O)O[Al](O)O)COS(=O)(=O)O[Al](O)O)OS(=O)(=O)O[Al](O)O)OS(=O)(=O)O[Al](O)O)OS(=O)(=O)O[Al](O)O)OS(=O)(=O)O[Al](O)O,O=S(=O)(OC[C@H]1O[C@@H](O[C@]2(COS(=O)(=O)[O][Al]([OH])[OH])O[C@H](OS(=O)(=O)[O][Al]([OH])[OH])[C@@H](OS(=O)(=O)[O][Al]([OH])[OH])[C@@H]2OS(=O)(=O)[O][Al]([OH])[OH])[C@H](OS(=O)(=O)[O][Al]([OH])[OH])[C@@H](OS(=O)(=O)[O][Al]([OH])[OH])[C@@H]1OS(=O)(=O)[O][Al]([OH])[OH])[O][Al]([OH])[OH],1,0,0.316,0,False
C([C@@H]1[C@H]([C@@H]([C@H]([C@H](O1)O)F)O)O)O,OC[C@H]1O[C@H](O)[C@H](F)[C@@H](O)[C@@H]1O,1,0,0.8195277777777775,1,True
C([C@H]([C@@H]([C@H](C=O)O)O)O)O,O=C[C@H](O)[C@@H](O)[C@H](O)CO,1,0,0.099,0,False
C([C@H]([C@H]([C@@H]([C@H](C(=O)[O-])O)O)O)O)O,O=C([O-])[C@H](O)[C@@H](O)[C@H](O)[C@H](O)CO,1,0,0.244,0,False
C(=[NH2+])(N)N,NC(N)=[NH2+],1,0,0.678,1,True
C(C(C(=O)[O-])O)(C(=O)[O-])O,O=C([O-])C(O)C(O)C(=O)[O-],1,0,0.042,0,False
C(C(C(=O)[O-])S)(C(=O)[O-])S,O=C([O-])C(S)C(S)C(=O)[O-],1,0,0.072,0,False
C(C(Cl)(Cl)Cl)OP(=O)([O-])[O-],O=P([O-])([O-])OCC(Cl)(Cl)Cl,1,0,0.604,1,True
C(C(CO)(CO)[NH3+])O,[NH3+]C(CO)(CO)CO,1,0,0.756,1,True
C(=C(F)F)(F)F,FC(F)=C(F)F,1,0,0.778,1,True
C(C(=O)[O-])[NH3+],[NH3+]CC(=O)[O-],1,0,0.044,0,False
C(C(=O)[O-])C(CC(=O)[O-])(C(=O)[O-])O,O=C([O-])CC(O)(CC(=O)[O-])C(=O)[O-],1,0,0.036,0,False
C(=C/C(=O)[O-])\C(=O)[O-],O=C([O-])/C=C/C(=O)[O-],1,0,0.064,0,False
C(C[C@@H](C(=O)[O-])[NH3+])C[NH+]=C(N)N,NC(N)=[NH+]CCC[C@H]([NH3+])C(=O)[O-],1,0,0.106,0,False
C(C[NH2+]CCNCC[NH2+]CCN)N,NCC[NH2+]CCNCC[NH2+]CCN,1,0,0.7412000000000001,1,True
C(C[NH3+])C(O)(P(=O)([O-])[O-])P(=O)([O-])[O-],[NH3+]CCC(O)(P(=O)([O-])[O-])P(=O)([O-])[O-],1,0,0.382,0,False
C(C[NH3+])C[NH2+]CCSP(=O)([O-])[O-],[NH3+]CCC[NH2+]CCSP(=O)([O-])[O-],1,0,0.214,0,False
C(CC(C(F)F)(C(=O)[O-])[NH3+])C[NH3+],[NH3+]CCCC([NH3+])(C(=O)[O-])C(F)F,1,0,0.258,0,False
C(CC(O)(P(=O)([O-])[O-])P(=O)([O-])[O-])C[NH3+],[NH3+]CCCC(O)(P(=O)([O-])[O-])P(=O)([O-])[O-],1,0,0.312,0,False
C(CC(=O)[O-])C(=O)[O-],O=C([O-])CCC(=O)[O-],1,0,0.062,0,False
C(CC(=O)[O-])C(=O)C[NH3+],[NH3+]CC(=O)CCC(=O)[O-],1,0,0.064,0,False
C(CC(=O)[O-])CO,O=C([O-])CCCO,1,0,0.11717142857142857,0,False
C(CC(=O)N)[C@@H](C(=O)[O-])[NH3+],NC(=O)CC[C@H]([NH3+])C(=O)[O-],1,0,0.064,0,False
C(CC(=O)N[C@@H](CSSC[C@@H](C(=O)NCC(=O)[O-])NC(=O)CC[C@@H](C(=O)[O-])[NH3+])C(=O)NCC(=O)[O-])[C@@H](C(=O)[O-])[NH3+],[NH3+][C@@H](CCC(=O)N[C@@H](CSSC[C@H](NC(=O)CC[C@H]([NH3+])C(=O)[O-])C(=O)NCC(=O)[O-])C(=O)NCC(=O)[O-])C(=O)[O-],1,0,0.148,0,False
C(CCC(=O)[O-])CC[NH3+],[NH3+]CCCCCC(=O)[O-],1,0,0.041666666666666664,0,False
C(CCCC(=O)[O-])CCCC(=O)[O-],O=C([O-])CCCCCCCC(=O)[O-],1,0,0.038,0,False
C(CN(CC(=O)[O-])CC(=O)[O-])[NH+](CC(=O)[O-])CC(=O)[O-],O=C([O-])CN(CC[NH+](CC(=O)[O-])CC(=O)[O-])CC(=O)[O-],1,0,0.426,0,False
C(CN(CC[NH+](CC(=O)[O-])CC(=O)[O-])CC(=O)[O-])[NH+](CC(=O)[O-])CC(=O)[O-],O=C([O-])CN(CC[NH+](CC(=O)[O-])CC(=O)[O-])CC[NH+](CC(=O)[O-])CC(=O)[O-],1,0,0.424,0,False
C(CNCC[NH2+]CCN)[NH3+],NCC[NH2+]CCNCC[NH3+],1,0,0.5552,1,True
C(CS(=O)(=O)[O-])S,O=S(=O)([O-])CCS,1,0,0.352,0,False
C(CS)[NH3+],[NH3+]CCS,1,0,0.52,1,True
C(=O)([O-])[O-],O=C([O-])[O-],1,0,0.082,0,False
C(=O)([O-])P(=O)([O-])[O-],O=C([O-])P(=O)([O-])[O-],1,0,0.108,0,False
C/[NH+]=C\1/CN(C(=c2cc(ccc2=N1)Cl)c3ccccc3)[O-],C/[NH+]=C1/CN([O-])C(c2ccccc2)=c2cc(Cl)ccc2=N1,1,0,0.7516666666666666,1,True
C/C=C/C1=C(N2[C@@H]([C@@H](C2=O)NC(=O)[C@@H](c3ccc(cc3)O)[NH3+])SC1)C(=O)[O-],C/C=C/C1=C(C(=O)[O-])N2C(=O)[C@@H](NC(=O)[C@H]([NH3+])c3ccc(O)cc3)[C@H]2SC1,1,0,0.6582,1,True
c1(c(nc(c(n1)Cl)N)N)C(=O)NC(=[NH2+])N,NC(=[NH2+])NC(=O)c1nc(Cl)c(N)nc1N,1,0,0.73,1,True
C1[C@@H]([C@H]([C@@H]([C@H]([C@@H]1[NH3+])O[C@@H]2[C@@H]([C@H]([C@@H]([C@H](O2)CO)O)[NH3+])O)O)O[C@@H]3[C@@H](C[C@@H]([C@H](O3)C[NH3+])O)[NH3+])[NH3+],[NH3+]C[C@H]1O[C@H](O[C@H]2[C@H](O)[C@@H](O[C@H]3O[C@H](CO)[C@@H](O)[C@H]([NH3+])[C@H]3O)[C@H]([NH3+])C[C@@H]2[NH3+])[C@H]([NH3+])C[C@@H]1O,1,0,0.3588071428571429,0,False
C1[C@@H]([C@H]([C@@H]([C@H]([C@@H]1NC(=O)[C@H](CC[NH3+])O)O[C@@H]2[C@@H]([C@H]([C@@H]([C@H](O2)CO)O)[NH3+])O)O)O[C@@H]3[C@@H]([C@H]([C@@H]([C@H](O3)C[NH3+])O)O)O)[NH3+],[NH3+]CC[C@H](O)C(=O)N[C@@H]1C[C@H]([NH3+])[C@@H](O[C@H]2O[C@H](C[NH3+])[C@@H](O)[C@H](O)[C@H]2O)[C@H](O)[C@H]1O[C@H]1O[C@H](CO)[C@@H](O)[C@H]([NH3+])[C@H]1O,1,0,0.3086666666666667,0,False
C1[C@@H]([C@H]([C@@H]([C@H]([NH+]1CCO)CO)O)O)O,OCC[NH+]1C[C@H](O)[C@@H](O)[C@H](O)[C@H]1CO,1,0,0.5648571428571428,1,True
C1[C@@H](CC[C@H](C1)C(=O)[O-])C[NH3+],[NH3+]C[C@H]1CC[C@H](C(=O)[O-])CC1,1,0,0.2826666666666666,0,False
C1[C@@H](NC(=[NH+][C@H]1O)N)[C@H]2C(=O)NC[C@@H](C(=O)N[C@H](C(=O)N[C@H](C(=O)N/C(=C\\NC(=O)N)/C(=O)N2)CO)CO)NC(=O)C[C@H](CCC[NH3+])[NH3+],NC(=O)N/C=C1\NC(=O)[C@H](CO)NC(=O)[C@H](CO)NC(=O)[C@@H](NC(=O)C[C@@H]([NH3+])CCC[NH3+])CNC(=O)[C@H]([C@H]2C[C@H](O)[NH+]=C(N)N2)NC1=O,1,0,0.558,1,True
C1[C@@H]2C[C@@H]2N([C@@H]1C#N)C(=O)[C@H](C34CC5CC(C3)CC(C5)(C4)O)[NH3+],N#C[C@@H]1C[C@@H]2C[C@@H]2N1C(=O)[C@@H]([NH3+])C12CC3CC(CC(O)(C3)C1)C2,1,0,0.681,1,True
C1[C@@H]2N(C1=O)[C@H](/C(=C/CO)/O2)C(=O)[O-],O=C([O-])[C@H]1/C(=C/CO)O[C@@H]2CC(=O)N21,1,0,0.542,1,True
C1[C@H]([C@@H]([C@H]([C@@H]([C@H]1[NH3+])O[C@@H]2[C@@H]([C@H]([C@@H]([C@H](O2)C[NH3+])O)O)[NH3+])O[C@H]3[C@@H]([C@@H]([C@H](O3)CO)O[C@@H]4[C@@H]([C@H]([C@@H]([C@@H](O4)C[NH3+])O)O)[NH3+])O)O)[NH3+],[NH3+]C[C@@H]1O[C@H](O[C@H]2[C@@H](O)[C@H](O[C@@H]3[C@@H](O)[C@H]([NH3+])C[C@H]([NH3+])[C@H]3O[C@H]3O[C@H](C[NH3+])[C@@H](O)[C@H](O)[C@H]3[NH3+])O[C@@H]2CO)[C@H]([NH3+])[C@@H](O)[C@@H]1O,1,0,0.339797619047619,0,False
C1[C@H]([C@@H]([C@H]([C@@H]([C@H]1[NH3+])O[C@@H]2[C@@H]([C@H]([C@@H]([C@H](O2)C[NH3+])O)O)O)O)O[C@@H]3[C@@H]([C@H]([C@@H]([C@H](O3)CO)O)[NH3+])O)[NH3+],[NH3+]C[C@H]1O[C@H](O[C@H]2[C@H](O)[C@@H](O[C@H]3O[C@H](CO)[C@@H](O)[C@H]([NH3+])[C@H]3O)[C@H]([NH3+])C[C@@H]2[NH3+])[C@H](O)[C@@H](O)[C@@H]1O,1,0,0.2354976190476191,0,False
C1[C@H]([C@@H]([C@H]([C@@H]([C@H]1[NH3+])O[C@@H]2[C@@H]([C@H]([C@@H]([C@H](O2)CO)O)O)[NH3+])O[C@H]3[C@@H]([C@@H]([C@H](O3)CO)O[C@@H]4[C@@H]([C@H]([C@@H]([C@@H](O4)C[NH3+])O)O)[NH3+])O)O)[NH3+],[NH3+]C[C@@H]1O[C@H](O[C@H]2[C@@H](O)[C@H](O[C@@H]3[C@@H](O)[C@H]([NH3+])C[C@H]([NH3+])[C@H]3O[C@H]3O[C@H](CO)[C@@H](O)[C@H](O)[C@H]3[NH3+])O[C@@H]2CO)[C@H]([NH3+])[C@@H](O)[C@@H]1O,1,0,0.3383809523809524,0,False
C1[C@H]([C@@H]([C@H]([C@@H](O1)O[C@@H]2CO[C@H]([C@@H]([C@H]2OS(=O)(=O)[O-])OS(=O)(=O)[O-])O)OS(=O)(=O)[O-])OS(=O)(=O)[O-])O,O=S(=O)([O-])O[C@@H]1[C@@H](OS(=O)(=O)[O-])[C@H](O[C@@H]2CO[C@@H](O)[C@H](OS(=O)(=O)[O-])[C@H]2OS(=O)(=O)[O-])OC[C@H]1O,1,0,0.229,0,False
C1[C@H](C(=O)NO1)[NH3+],[NH3+][C@@H]1CONC1=O,1,0,0.631,1,True
C1[C@H]2[C@@H]([C@@H](S1)CCCCC(=O)[O-])NC(=O)N2,O=C([O-])CCCC[C@@H]1SC[C@@H]2NC(=O)N[C@@H]21,1,0,0.359,0,False
c1[nH]c2c(n1)[nH]c(nc2=S)N,Nc1nc(=S)c2[nH]cnc2[nH]1,1,0,0.926,1,True
c1c([nH]cn1)C[C@@H](C(=O)N2CCC[C@H]2C(=O)N)NC(=O)[C@@H]3CCC(=O)N3,NC(=O)[C@@H]1CCCN1C(=O)[C@H](Cc1cnc[nH]1)NC(=O)[C@@H]1CCC(=O)N1,1,0,0.8295,1,True
c1c([nH]cn1)CC[NH3+],[NH3+]CCc1cnc[nH]1,1,0,0.8,1,True
c1c(c([nH]c(=O)n1)N)F,Nc1[nH]c(=O)ncc1F,1,0,0.876,1,True
c1c(c(c(c(c1I)NC(=O)CCCCC(=O)Nc2c(cc(c(c2I)C(=O)[O-])I)I)I)C(=O)[O-])I,O=C(CCCCC(=O)Nc1c(I)cc(I)c(C(=O)[O-])c1I)Nc1c(I)cc(I)c(C(=O)[O-])c1I,1,0,0.5393333333333332,1,True
c1c(c(c(c(c1I)NC(=O)CCOCCOCCOCCOCCC(=O)Nc2c(cc(c(c2I)C(=O)[O-])I)I)I)C(=O)[O-])I,O=C(CCOCCOCCOCCOCCC(=O)Nc1c(I)cc(I)c(C(=O)[O-])c1I)Nc1c(I)cc(I)c(C(=O)[O-])c1I,1,0,0.5533333333333332,1,True
c1c(c(cc(c1F)F)F)C[C@H](CC(=O)N2CCn3c(nnc3C(F)(F)F)C2)[NH3+],[NH3+][C@@H](CC(=O)N1CCn2c(nnc2C(F)(F)F)C1)Cc1cc(F)c(F)cc1F,1,0,0.766,1,True
c1c(cc(c(c1Cl)NC2=[NH+]CCN2)Cl)N,Nc1cc(Cl)c(NC2=[NH+]CCN2)c(Cl)c1,1,0,0.8108,1,True
c1c(cc(c(c1I)Oc2cc(c(c(c2)I)[O-])I)I)C[C@@H](C(=O)[O-])[NH3+],[NH3+][C@@H](Cc1cc(I)c(Oc2cc(I)c([O-])c(I)c2)c(I)c1)C(=O)[O-],1,0,0.2355,0,False
c1c(cc(c(c1I)Oc2cc(c(c(c2)I)[O-])I)I)C[C@H](C(=O)[O-])[NH3+],[NH3+][C@H](Cc1cc(I)c(Oc2cc(I)c([O-])c(I)c2)c(I)c1)C(=O)[O-],1,0,0.2355,0,False
c1c(cc(c(c1NC(=O)C(=O)[O-])Cl)NC(=O)C(=O)[O-])C#N,N#Cc1cc(NC(=O)C(=O)[O-])c(Cl)c(NC(=O)C(=O)[O-])c1,1,0,0.4934666666666667,0,False
C1C(N(C2=C(N1)NC(=NC2=O)N)C=O)CNC3=CC=C(C=C3)C(=O)N[C@@H](CCC(=O)[O-])C(=O)[O-].[Ca+2],Nc1nc(=O)c2c([nH]1)NCC(CNc1ccc(C(=O)N[C@@H](CCC(=O)[O-])C(=O)[O-])cc1)N2C=O.[Ca+2],0,1,0.627,1,False
c1c(nc(s1)[NH+]=C(N)N)CSCCC(=NS(=O)(=O)N)N,NC(CCSCc1csc([NH+]=C(N)N)n1)=NS(N)(=O)=O,1,0,0.722,1,True
c1c(nc(s1)N)/C(=C/CC(=O)[O-])/C(=O)N[C@H]2[C@@H]3N(C2=O)C(=CCS3)C(=O)[O-],Nc1nc(/C(=C/CC(=O)[O-])C(=O)N[C@@H]2C(=O)N3C(C(=O)[O-])=CCS[C@H]23)cs1,1,0,0.7586666666666666,1,True
C1C(O1)CCl,ClCC1CO1,1,0,0.7886666666666666,1,True
c1c2c(c(c(c1[131I])[O-])[131I])Oc3c(cc(c(c3[131I])[O-])[131I])C24c5c(c(c(c(c5Cl)Cl)Cl)Cl)C(=O)O4,O=C1OC2(c3cc([131I])c([O-])c([131I])c3Oc3c2cc([131I])c([O-])c3[131I])c2c(Cl)c(Cl)c(Cl)c(Cl)c21,1,0,0.5363333333333333,1,True
c1c2c(c(c(c1F)N3CCCC[C@H](C3)[NH3+])Cl)n(cc(c2=O)C(=O)[O-])C4CC4,[NH3+][C@@H]1CCCCN(c2c(F)cc3c(=O)c(C(=O)[O-])cn(C4CC4)c3c2Cl)C1,1,0,0.6353333333333334,1,True
c1c2c(cc(c1F)N3CC[NH2+]CC3)n(cc(c2=O)C(=O)[O-])C4CC4,O=C([O-])c1cn(C2CC2)c2cc(N3CC[NH2+]CC3)c(F)cc2c1=O,1,0,0.6295,1,True
C1C2CC3CC1CC(C2)(C3)[NH3+],[NH3+]C12CC3CC(CC(C3)C1)C2,1,0,0.6528571428571429,1,True
c1c2=N/C(=C/3\C=CON3)/N=c2c4c(n1)CCOC4,C1=C/C(=C2\N=c3cnc4c(c3=N2)COCC4)NO1,1,0,0.5991666666666666,1,True
C1C[NH+]=C(N[C@H]1[C@H]2C(=O)NC[C@@H](C(=O)N[C@H](C(=O)N[C@H](C(=O)N/C(=C/NC(=O)N)/C(=O)N2)CNC(=O)C[C@H](CCC[NH3+])[NH3+])CO)[NH3+])N,NC(=O)N/C=C1/NC(=O)[C@H](CNC(=O)C[C@@H]([NH3+])CCC[NH3+])NC(=O)[C@H](CO)NC(=O)[C@@H]([NH3+])CNC(=O)[C@H]([C@H]2CC[NH+]=C(N)N2)NC1=O,1,0,0.49,0,False
c1c[nH+]ccc1N,Nc1cc[nH+]cc1,1,0,0.812,1,True
c1c[nH]nc1CC[NH3+],[NH3+]CCc1cc[nH]n1,1,0,0.764,1,True
c1cc(c(c(c1)C(=O)c2ccc(cc2)Br)N)CC(=O)[O-],Nc1c(CC(=O)[O-])cccc1C(=O)c1ccc(Br)cc1,1,0,0.6593333333333333,1,True
c1cc(c(c(c1)Cl)CC(=O)[NH+]=C(N)N)Cl,NC(N)=[NH+]C(=O)Cc1c(Cl)cccc1Cl,1,0,0.846,1,True
c1cc(c(c(c1)Cl)Cl)N2CC[NH+](CC2)CCCCOc3ccc4c(c3)NC(=O)CC4,O=C1CCc2ccc(OCCCC[NH+]3CCN(c4cccc(Cl)c4Cl)CC3)cc2N1,1,0,0.824,1,True
c1cc(c(c(c1)Cl)NC2=[NH+]CCN2)Cl,Clc1cccc(Cl)c1NC1=[NH+]CCN1,1,0,0.8108,1,True
c1cc(c(c2c1[NH+]=C3NC(=O)CN3C2)Cl)Cl,O=C1CN2Cc3c(ccc(Cl)c3Cl)[NH+]=C2N1,1,0,0.842,1,True
c1cc(c(c2c1nccn2)Br)NC3=[NH+]CCN3,Brc1c(NC2=[NH+]CCN2)ccc2nccnc12,1,0,0.83,1,True
c1cc(c(c2c1nsn2)NC3=[NH+]CCN3)Cl,Clc1ccc2nsnc2c1NC1=[NH+]CCN1,1,0,0.7614666666666666,1,True
c1cc(c(cc1/N=N/c2ccc(c(c2)C(=O)[O-])O)C(=O)[O-])O,O=C([O-])c1cc(/N=N/c2ccc(O)c(C(=O)[O-])c2)ccc1O,1,0,0.568,1,True
c1cc(c(cc1C(F)(F)F)[N+](=O)[O-])C(=O)[C-]2C(=O)CCCC2=O,O=C1CCCC(=O)[C-]1C(=O)c1ccc(C(F)(F)F)cc1[N+](=O)[O-],1,0,0.802,1,True
c1cc(c(cc1c2ccc(cc2F)F)C(=O)[O-])O,O=C([O-])c1cc(-c2ccc(F)cc2F)ccc1O,1,0,0.4665,0,False
c1cc(c(cc1C[C@@H](C(=O)[O-])[NH3+])O)O,[NH3+][C@@H](Cc1ccc(O)c(O)c1)C(=O)[O-],1,0,0.396,0,False
c1cc(c(cc1CC[NH3+])O)O,[NH3+]CCc1ccc(O)c(O)c1,1,0,0.696,1,True
C1=CC(=C(C=C1Cl)Cl)C(=O)NS(=O)(=O)C2=CC=C(S2)Br,O=C(NS(=O)(=O)c1ccc(Br)s1)c1ccc(Cl)cc1Cl,0,1,0.758,1,False
c1cc(c(cc1Cl)Cl)CO/N=C(/Cn2ccnc2)\c3ccc(cc3Cl)Cl,Clc1ccc(CO/N=C(/Cn2ccnc2)c2ccc(Cl)cc2Cl)c(Cl)c1,1,0,0.866,1,True
c1cc(c(cc1F)F)n2cc(c(=O)c3c2nc(c(c3)F)N4C[C@@H]5[C@H](C4)[C@H]5[NH3+])C(=O)[O-],[NH3+][C@@H]1[C@H]2CN(c3nc4c(cc3F)c(=O)c(C(=O)[O-])cn4-c3ccc(F)cc3F)C[C@@H]12,1,0,0.5693333333333334,1,True
c1cc(c(cc1N)C(=O)[O-])O,Nc1ccc(O)c(C(=O)[O-])c1,1,0,0.556,1,True
c1cc(c(cc1N)O)C(=O)[O-],Nc1ccc(C(=O)[O-])c(O)c1,1,0,0.576,1,True
c1cc(c(cc1Oc2c(cc(cc2I)C[C@@H](C(=O)[O-])[NH3+])I)I)O,[NH3+][C@@H](Cc1cc(I)c(Oc2ccc(O)c(I)c2)c(I)c1)C(=O)[O-],1,0,0.48,0,False
c1cc(c(cc1OCC(F)(F)F)C(=O)NCC2CCCC[NH2+]2)OCC(F)(F)F,O=C(NCC1CCCC[NH2+]1)c1cc(OCC(F)(F)F)ccc1OCC(F)(F)F,1,0,0.808,1,True
C1CC(C1)(C(=O)O)C(=O)O.N.N.[Pt],N.N.O=C(O)C1(C(=O)O)CCC1.[Pt],0,1,0.7028571428571428,1,False
c1cc(c2c(c1NCC[NH2+]CCO)C(=O)c3c(ccc(c3C2=O)[O-])[O-])NCC[NH2+]CCO,O=C1c2c([O-])ccc([O-])c2C(=O)c2c(NCC[NH2+]CCO)ccc(NCC[NH2+]CCO)c21,1,0,0.54,1,True
c1cc(c2c3c1C[C@@H]4[C@]5([C@]3(CC[NH+]4CC6CCC6)[C@@H](O2)[C@H](CC5)O)O)O,Oc1ccc2c3c1O[C@H]1[C@@H](O)CC[C@@]4(O)[C@@H](C2)[NH+](CC2CCC2)CC[C@]314,1,0,0.446,0,False
c1cc(cc(c1)[131I])C[NH+]=C(N)N,NC(N)=[NH+]Cc1cccc([131I])c1,1,0,0.758,1,True
c1cc(ccc1[C@@H]2CC[NH2+]C[C@H]2COc3ccc4c(c3)OCO4)F,Fc1ccc([C@@H]2CC[NH2+]C[C@H]2COc2ccc3c(c2)OCO3)cc1,1,0,0.6571666666666668,1,True
c1cc(ccc1[C@H]([C@@H](CO)NC(=O)[C-](Cl)Cl)O)[N+](=O)[O-],O=C(N[C@H](CO)[C@H](O)c1ccc([N+](=O)[O-])cc1)[C-](Cl)Cl,1,0,0.649,1,True
c1cc(ccc1[C@H]([C@@H](COC(=O)CCC(=O)[O-])NC(=O)[C-](Cl)Cl)O)[N+](=O)[O-],O=C([O-])CCC(=O)OC[C@@H](NC(=O)[C-](Cl)Cl)[C@H](O)c1ccc([N+](=O)[O-])cc1,1,0,0.4293333333333333,0,False
c1cc(ccc1C(CC(=O)[O-])C[NH3+])Cl,[NH3+]CC(CC(=O)[O-])c1ccc(Cl)cc1,1,0,0.558,1,True
c1cc(ccc1C(=O)CCC[NH+]2CCC(CC2)(c3ccc(cc3)Cl)O)F,O=C(CCC[NH+]1CCC(O)(c2ccc(Cl)cc2)CC1)c1ccc(F)cc1,1,0,0.7933333333333332,1,True
c1cc(ccc1C(=O)N[C@@H](CCC(=O)[O-])C(=O)[O-])NC[C@H]2CNc3c(c(=O)nc([nH]3)N)N2C=O,Nc1nc(=O)c2c([nH]1)NC[C@H](CNc1ccc(C(=O)N[C@@H](CCC(=O)[O-])C(=O)[O-])cc1)N2C=O,1,0,0.627,1,True
c1cc(ccc1C(=O)N[C@@H](CCC(=O)[O-])C(=O)[O-])NCC2CNc3c(c(=O)nc([nH]3)N)N2C=O,Nc1nc(=O)c2c([nH]1)NCC(CNc1ccc(C(=O)N[C@@H](CCC(=O)[O-])C(=O)[O-])cc1)N2C=O,1,0,0.627,1,True
c1cc(ccc1C(=O)N[C@@H](CCC(=O)[O-])C(=O)[O-])NCc2cnc3c(n2)c(=O)nc([nH]3)N,Nc1nc(=O)c2nc(CNc3ccc(C(=O)N[C@@H](CCC(=O)[O-])C(=O)[O-])cc3)cnc2[nH]1,1,0,0.568,1,True
c1cc(ccc1C(=O)NCC(=O)[O-])N,Nc1ccc(C(=O)NCC(=O)[O-])cc1,1,0,0.566,1,True
c1cc(ccc1C(=O)NCCC(=O)[O-])N/N=C\2/C=CC(=O)C(=C2)C(=O)[O-],O=C([O-])CCNC(=O)c1ccc(N/N=C2/C=CC(=O)C(C(=O)[O-])=C2)cc1,1,0,0.392,0,False
c1cc(ccc1c2c(c3ccc(cc3s2)O)C(=O)c4ccc(cc4)OCC[NH+]5CCCCC5)O,O=C(c1ccc(OCC[NH+]2CCCCC2)cc1)c1c(-c2ccc(O)cc2)sc2cc(O)ccc12,1,0,0.737,1,True
c1cc(ccc1C2C[NH2+]CCc3c2cc(c(c3Cl)O)O)O,Oc1ccc(C2C[NH2+]CCc3c2cc(O)c(O)c3Cl)cc1,1,0,0.7193333333333333,1,True
c1cc(ccc1C[C@@H](C(=O)[O-])[NH3+])N(CCCl)CCCl,[NH3+][C@@H](Cc1ccc(N(CCCl)CCCl)cc1)C(=O)[O-],1,0,0.528,1,True
c1cc(ccc1C[C@@H](C(=O)[O-])[NH3+])O,[NH3+][C@@H](Cc1ccc(O)cc1)C(=O)[O-],1,0,0.348,0,False
c1cc(ccc1C[NH+]2CCCNCC[NH2+]CCCNCC2)C[NH+]3CCCNCC[NH2+]CCCNCC3,c1cc(C[NH+]2CCCNCC[NH2+]CCCNCC2)ccc1C[NH+]1CCCNCC[NH2+]CCCNCC1,1,0,0.638,1,True
c1cc(ccc1C[NH3+])S(=O)(=O)N,NS(=O)(=O)c1ccc(C[NH3+])cc1,1,0,0.814,1,True
c1cc(ccc1CCc2c[nH]c3c2c(=O)nc([nH]3)N)C(=O)N[C@@H](CCC(=O)[O-])C(=O)[O-],Nc1nc(=O)c2c(CCc3ccc(C(=O)N[C@@H](CCC(=O)[O-])C(=O)[O-])cc3)c[nH]c2[nH]1,1,0,0.5106666666666667,1,True
c1cc(ccc1CCCC(=O)[O-])N(CCCl)CCCl,O=C([O-])CCCc1ccc(N(CCCl)CCCl)cc1,1,0,0.574,1,True
c1cc(ccc1CCCC[NH2+]C[C@@H](c2ccc(c(c2)O)O)O)O,Oc1ccc(CCCC[NH2+]C[C@H](O)c2ccc(O)c(O)c2)cc1,1,0,0.788,1,True
c1cc(ccc1CSC(Cn2ccnc2)c3ccc(cc3Cl)Cl)Cl,Clc1ccc(CSC(Cn2ccnc2)c2ccc(Cl)cc2Cl)cc1,1,0,0.956,1,True
c1cc(ccc1NC(=[NH2+])NC(=[NH2+])NCCCCCCNC(=[NH2+])NC(=[NH2+])Nc2ccc(cc2)Cl)Cl,[NH2+]=C(NCCCCCCNC(=[NH2+])NC(=[NH2+])Nc1ccc(Cl)cc1)NC(=[NH2+])Nc1ccc(Cl)cc1,1,0,0.783,1,True
c1cc(ccc1NCS(=O)[O-])S(=O)(=O)c2ccc(cc2)NCS(=O)[O-],O=S([O-])CNc1ccc(S(=O)(=O)c2ccc(NCS(=O)[O-])cc2)cc1,1,0,0.812,1,True
c1cc(ccc1SC(P(=O)([O-])[O-])P(=O)([O-])[O-])Cl,O=P([O-])([O-])C(Sc1ccc(Cl)cc1)P(=O)([O-])[O-],1,0,0.713,1,True
c1cc(cnc1)C(=O)[O-],O=C([O-])c1cccnc1,1,0,0.712,1,True
c1cc(cnc1)CC(O)(P(=O)([O-])[O-])P(=O)([O-])[O-],O=P([O-])([O-])C(O)(Cc1cccnc1)P(=O)([O-])[O-],1,0,0.8176,1,True
c1cc(oc1)CNc2cc(c(cc2C(=O)[O-])S(=O)(=O)N)Cl,NS(=O)(=O)c1cc(C(=O)[O-])c(NCc2ccco2)cc1Cl,1,0,0.682,1,True
c1cc(oc1/C=N/N2CCOC2=O)[N+](=O)[O-],O=C1OCCN1/N=C/c1ccc([N+](=O)[O-])o1,1,0,0.8234333333333335,1,True
C1CC2(C1)C(=O)O[Pt]OC2=O,O=C1[O][Pt][O]C(=O)C12CCC2,1,0,0.498,0,False
c1cc2c(c(c1)OCC(COc3cccc4c3c(=O)cc(o4)C(=O)[O-])O)c(=O)cc(o2)C(=O)[O-],O=C([O-])c1cc(=O)c2c(OCC(O)COc3cccc4oc(C(=O)[O-])cc(=O)c34)cccc2o1,1,0,0.722,1,True
c1cc2c(cc(nc2c(c1)C(F)(F)F)C(F)(F)F)C(C3CCCC[NH2+]3)O,OC(c1cc(C(F)(F)F)nc2c(C(F)(F)F)cccc12)C1CCCC[NH2+]1,1,0,0.7774,1,True
c1cc2c(cc1)C(=O)C(=C(C2=O)[C@H]3CC[C@@H](CC3)c4ccc(cc4)Cl)[O-],O=C1C([O-])=C([C@H]2CC[C@H](c3ccc(Cl)cc3)CC2)C(=O)c2ccccc21,1,0,0.764,1,True
c1cc2c(cc1C#N)c(c[nH]2)CCCC[NH+]3CCN(CC3)c4ccc5c(c4)cc(o5)C(=O)N,N#Cc1ccc2[nH]cc(CCCC[NH+]3CCN(c4ccc5oc(C(N)=O)cc5c4)CC3)c2c1,1,0,0.791,1,True
c1cc2c(cc1F)CCC(O2)C(C[NH2+]CC(C3CCc4cc(ccc4O3)F)O)O,OC(C[NH2+]CC(O)C1CCc2cc(F)ccc2O1)C1CCc2cc(F)ccc2O1,1,0,0.7403333333333334,1,True
c1cc2c(nc1)C(=C3CC[NH2+]CC3)c4ccc(cc4CC2)Cl,Clc1ccc2c(c1)CCc1cccnc1C2=C1CC[NH2+]CC1,1,0,0.8853333333333334,1,True
c1cc2c3c(c1)C(=O)N(C[C@H]3CCC2)[C@@H]4C[NH+]5CCC4CC5,O=C1c2cccc3c2[C@H](CCC3)CN1[C@@H]1C[NH+]2CCC1CC2,1,0,0.6623333333333332,1,True
C1CC[C@H]([C@@H](C1)[NH3+])N,N[C@@H]1CCCC[C@H]1[NH3+],1,0,0.6125,1,True
C1=CC=C(C(=C1)C(=O)NCCC[C@@H](C(=O)O)NC(=O)C2=CC=C(C=C2)NCC3=CN=C4C(=N3)C(=NC(=N4)N)N)C(=O)O,Nc1nc(N)c2nc(CNc3ccc(C(=O)N[C@@H](CCCNC(=O)c4ccccc4C(=O)O)C(=O)O)cc3)cnc2n1,0,1,0.75,1,False
c1ccc(c(c1)c2nc(n(n2)c3ccc(cc3)C(=O)[O-])c4ccccc4O)O,O=C([O-])c1ccc(-n2nc(-c3ccccc3O)nc2-c2ccccc2O)cc1,1,0,0.696,1,True
c1ccc(c(c1)C[NH+]2CCc3c(ccs3)C2)Cl,Clc1ccccc1C[NH+]1CCc2sccc2C1,1,0,0.7785,1,True
c1ccc(c(c1)CC(=O)[O-])Nc2c(cccc2Cl)Cl,O=C([O-])Cc1ccccc1Nc1c(Cl)cccc1Cl,1,0,0.673,1,True
c1ccc(c(c1)CC(=O)N[C@H]2[C@@H]3N(C2=O)C(=C(CS3)CSc4nnnn4CC(=O)[O-])C(=O)[O-])C[NH3+],[NH3+]Cc1ccccc1CC(=O)N[C@@H]1C(=O)N2C(C(=O)[O-])=C(CSc3nnnn3CC(=O)[O-])CS[C@H]12,1,0,0.6989999999999998,1,True
C1CCC(CC1)(CC(=O)[O-])C[NH3+],[NH3+]CC1(CC(=O)[O-])CCCCC1,1,0,0.256,0,False
c1ccc(cc1)[C@H](C(=O)N[C@H]2[C@@H]3N(C2=O)C(=C(CS3)CSc4nnnn4CS(=O)(=O)[O-])C(=O)[O-])O,O=C([O-])C1=C(CSc2nnnn2CS(=O)(=O)[O-])CS[C@@H]2[C@H](NC(=O)[C@H](O)c3ccccc3)C(=O)N12,1,0,0.8053333333333332,1,True
c1ccc(cc1)[C@H](C(=O)N[C@H]2[C@H]3CCC(=C(N3C2=O)C(=O)[O-])Cl)[NH3+],[NH3+][C@@H](C(=O)N[C@@H]1C(=O)N2C(C(=O)[O-])=C(Cl)CC[C@H]12)c1ccccc1,1,0,0.7431333333333332,1,True
c1ccc(cc1)[C@H](c2ccc(cc2)Cl)N3CC[NH+](CC3)CCOCC(=O)[O-],O=C([O-])COCC[NH+]1CCN([C@H](c2ccccc2)c2ccc(Cl)cc2)CC1,1,0,0.715,1,True
c1ccc(cc1)[C@H]2c3ccccc3CCN2C(=O)O[C@H]4C[NH+]5CCC4CC5,O=C(O[C@H]1C[NH+]2CCC1CC2)N1CCc2ccccc2[C@@H]1c1ccccc1,1,0,0.714,1,True
c1ccc(cc1)[C@H]2CN3CCSC3=[NH+]2,c1ccc([C@H]2CN3CCSC3=[NH+]2)cc1,1,0,0.706,1,True
c1ccc(cc1)C(c2ccc(cc2)Cl)N3CC[NH+](CC3)CCOCC(=O)[O-],O=C([O-])COCC[NH+]1CCN(C(c2ccccc2)c2ccc(Cl)cc2)CC1,1,0,0.715,1,True
c1ccc(cc1)C(c2ccc(cc2)Cl)N3CC[NH+](CC3)CCOCCO,OCCOCC[NH+]1CCN(C(c2ccccc2)c2ccc(Cl)cc2)CC1,1,0,0.895,1,True
c1ccc(cc1)C(c2ccccc2)([C@@H]3CC[NH+](C3)CCc4ccc5c(c4)CCO5)C(=O)N,NC(=O)C(c1ccccc1)(c1ccccc1)[C@@H]1CC[NH+](CCc2ccc3c(c2)CCO3)C1,1,0,0.7466666666666667,1,True
c1ccc(cc1)C(c2ccccc2)(C(=O)OC3CC4CCC(C3)[N+]45CCCC5)O,O=C(OC1CC2CCC(C1)[N+]21CCCC1)C(O)(c1ccccc1)c1ccccc1,1,0,0.964,1,True
c1ccc(cc1)C(CC[NH+]2CCCC2)(C3CCCCC3)O,OC(CC[NH+]1CCCC1)(c1ccccc1)C1CCCCC1,1,0,0.831659523809524,1,True
c1ccc(cc1)C(CC[NH+]2CCCCC2)(C3CC4CC3C=C4)O,OC(CC[NH+]1CCCCC1)(c1ccccc1)C1CC2C=CC1C2,1,0,0.7901166666666667,1,True
c1ccc(cc1)C(CC[NH+]2CCCCC2)(C3CCCC3)O,OC(CC[NH+]1CCCCC1)(c1ccccc1)C1CCCC1,1,0,0.831659523809524,1,True
c1ccc(cc1)C(CC[NH+]2CCCCC2)(C3CCCCC3)O,OC(CC[NH+]1CCCCC1)(c1ccccc1)C1CCCCC1,1,0,0.831659523809524,1,True
c1ccc(cc1)C(CCC[NH+]2CCCCC2)(c3ccccc3)O,OC(CCC[NH+]1CCCCC1)(c1ccccc1)c1ccccc1,1,0,0.8332,1,True
c1ccc(cc1)C(=O)[O-],O=C([O-])c1ccccc1,1,0,0.7246666666666668,1,True
c1ccc(cc1)C(=O)c2ccc3n2CCC3C(=O)[O-],O=C(c1ccccc1)c1ccc2n1CCC2C(=O)[O-],1,0,0.658,1,True
c1ccc(cc1)C(=O)NC(Cc2ccc(cc2)O)C(=O)Nc3ccc(cc3)C(=O)[O-],O=C([O-])c1ccc(NC(=O)C(Cc2ccc(O)cc2)NC(=O)c2ccccc2)cc1,1,0,0.678,1,True
c1ccc(cc1)C(=O)NCC(=O)[O-],O=C([O-])CNC(=O)c1ccccc1,1,0,0.6326666666666667,1,True
c1ccc(cc1)C2(C(=O)N(C(=O)N2)COP(=O)([O-])[O-])c3ccccc3,O=C1NC(c2ccccc2)(c2ccccc2)C(=O)N1COP(=O)([O-])[O-],1,0,0.764,1,True
c1ccc(cc1)C2(CC[NH+](CC2)CCC(C#N)(c3ccccc3)c4ccccc4)C(=O)[O-],N#CC(CC[NH+]1CCC(C(=O)[O-])(c2ccccc2)CC1)(c1ccccc1)c1ccccc1,1,0,0.718,1,True
c1ccc(cc1)C2C(=O)[NH+]=C(O2)N,NC1=[NH+]C(=O)C(c2ccccc2)O1,1,0,0.7766666666666666,1,True
c1ccc(cc1)c2c(oc(n2)CCC(=O)[O-])c3ccccc3,O=C([O-])CCc1nc(-c2ccccc2)c(-c2ccccc2)o1,1,0,0.672,1,True
c1ccc(cc1)C2C[C@H]2[NH3+],[NH3+][C@@H]1CC1c1ccccc1,1,0,0.866,1,True
c1ccc(cc1)C2=NC(C(=O)Nc3c2cc(cc3)Cl)C(=O)[O-],O=C([O-])C1N=C(c2ccccc2)c2cc(Cl)ccc2NC1=O,1,0,0.8186666666666668,1,True
c1ccc(cc1)C[C@H]2C(=O)N[C@H](C(=O)N[C@H](C(=O)N[C@@H](CSSCCC(=O)N[C@H](C(=O)N2)Cc3ccc(cc3)O)C(=O)N4CCC[C@H]4C(=O)N[C@H](CCCNC(=[NH2+])N)C(=O)NCC(=O)N)CC(=O)N)CCC(=O)N,NC(=[NH2+])NCCC[C@@H](NC(=O)[C@@H]1CCCN1C(=O)[C@@H]1CSSCCC(=O)N[C@@H](Cc2ccc(O)cc2)C(=O)N[C@@H](Cc2ccccc2)C(=O)N[C@@H](CCC(N)=O)C(=O)N[C@@H](CC(N)=O)C(=O)N1)C(=O)NCC(N)=O,1,0,0.878,1,True
c1ccc(cc1)CC(=O)[O-],O=C([O-])Cc1ccccc1,1,0,0.7066666666666668,1,True
c1ccc(cc1)CC2=[NH+]CCN2,c1ccc(CC2=[NH+]CCN2)cc1,1,0,0.794,1,True
c1ccc(cc1)CC2C(=O)NC(C(=O)NC(C(=O)NC(CSSCC(C(=O)NC(C(=O)N2)Cc3ccc(cc3)O)[NH3+])C(=O)N4CCCC4C(=O)NC(CCC[NH+]=C(N)N)C(=O)NCC(=O)N)CC(=O)N)CCC(=O)N,NC(=O)CCC1NC(=O)C(Cc2ccccc2)NC(=O)C(Cc2ccc(O)cc2)NC(=O)C([NH3+])CSSCC(C(=O)N2CCCC2C(=O)NC(CCC[NH+]=C(N)N)C(=O)NCC(N)=O)NC(=O)C(CC(N)=O)NC1=O,1,0,0.902,1,True
c1ccc(cc1)CC2C(=O)NC(C(=O)NC(C(=O)NC(CSSCC(C(=O)NC(C(=O)N2)Cc3ccc(cc3)O)[NH3+])C(=O)N4CCCC4C(=O)NC(CCCC[NH3+])C(=O)NCC(=O)N)CC(=O)N)CCC(=O)N,NC(=O)CCC1NC(=O)C(Cc2ccccc2)NC(=O)C(Cc2ccc(O)cc2)NC(=O)C([NH3+])CSSCC(C(=O)N2CCCC2C(=O)NC(CCCC[NH3+])C(=O)NCC(N)=O)NC(=O)C(CC(N)=O)NC1=O,1,0,0.868,1,True
c1ccc(cc1)CC[C@@H](C(=O)[O-])[NH2+][C@@H](CCCC[NH3+])C(=O)N2CCC[C@H]2C(=O)[O-],[NH3+]CCCC[C@H]([NH2+][C@@H](CCc1ccccc1)C(=O)[O-])C(=O)N1CCC[C@H]1C(=O)[O-],1,0,0.5105,1,True
c1ccc(cc1)CCCC(=O)[O-],O=C([O-])CCCc1ccccc1,1,0,0.56,1,True
c1ccc(cc1)CCCCOCCCCCC[NH2+]CC(c2ccc(c(c2)CO)O)O,OCc1cc(C(O)C[NH2+]CCCCCCOCCCCc2ccccc2)ccc1O,1,0,0.816,1,True
c1ccc(cc1)CN(CC2=[NH+]CCN2)c3ccccc3,c1ccc(CN(CC2=[NH+]CCN2)c2ccccc2)cc1,1,0,0.8,1,True
c1ccc(cc1)COCC(C(=O)[O-])N(CCN(CC[NH+](CC(=O)[O-])CC(=O)[O-])CC(=O)[O-])CC(=O)[O-],O=C([O-])CN(CCN(CC(=O)[O-])C(COCc1ccccc1)C(=O)[O-])CC[NH+](CC(=O)[O-])CC(=O)[O-],1,0,0.6553333333333333,1,True
c1ccc(cc1)CSCC2=NS(=O)(=O)c3cc(c(cc3N2)Cl)S(=O)(=O)N,NS(=O)(=O)c1cc2c(cc1Cl)NC(CSCc1ccccc1)=NS2(=O)=O,1,0,0.842,1,True
c1ccc(cc1)n2c(ccn2)[N-]S(=O)(=O)c3ccc(cc3)N,Nc1ccc(S(=O)(=O)[N-]c2ccnn2-c2ccccc2)cc1,1,0,0.726,1,True
C1=CC=C(C=C1)NS(=O)(=O)C2=CC=CC(=C2)/C=C/C(=O)NO,O=C(/C=C/c1cccc(S(=O)(=O)Nc2ccccc2)c1)NO,0,1,0.8418571428571429,1,False
C1CCC2(CC1)OCC(O2)C[NH+]=C(N)N,NC(N)=[NH+]CC1COC2(CCCCC2)O1,1,0,0.7039761904761905,1,True
c1ccc2c(c1)[NH+]=C(c3cc(ccc3O2)Cl)N4CC[NH2+]CC4,Clc1ccc2c(c1)C(N1CC[NH2+]CC1)=[NH+]c1ccccc1O2,1,0,0.690595238095238,1,True
c1ccc2c(c1)[nH]c(=O)n2C3CC[NH+](CC3)CCCC(c4ccc(cc4)F)c5ccc(cc5)F,O=c1[nH]c2ccccc2n1C1CC[NH+](CCCC(c2ccc(F)cc2)c2ccc(F)cc2)CC1,1,0,0.914,1,True
c1ccc2c(c1)[nH]c(=O)n2C3=CC[NH+](CC3)CCCC(=O)c4ccc(cc4)F,O=C(CCC[NH+]1CC=C(n2c(=O)[nH]c3ccccc32)CC1)c1ccc(F)cc1,1,0,0.824,1,True
c1ccc2c(c1)C(=[NH+]c3ccccc3S2)N4CC[NH+](CC4)CCOCCO,OCCOCC[NH+]1CCN(C2=[NH+]c3ccccc3Sc3ccccc32)CC1,1,0,0.714,1,True
c1ccc2c(c1)c(c(c(n2)C3CC3)/C=C/[C@H](C[C@H](CC(=O)[O-])O)O)c4ccc(cc4)F,O=C([O-])C[C@H](O)C[C@H](O)/C=C/c1c(C2CC2)nc2ccccc2c1-c1ccc(F)cc1,1,0,0.1698333333333333,0,False
c1ccc2c(c1)c(c(c(=O)o2)Cc3c(c4ccccc4oc3=O)[O-])[O-],O=c1oc2ccccc2c([O-])c1Cc1c([O-])c2ccccc2oc1=O,1,0,0.6693333333333333,1,True
c1ccc2c(c1)c(c3c([nH+]2)CCCC3)N,Nc1c2c([nH+]c3ccccc13)CCCC2,1,0,0.712,1,True
c1ccc2c(c1)c(c[nH]2)C(=O)OC3C[C@H]4CC5CC(C3)[NH+]4CC5=O,O=C(OC1CC2CC3C[C@H](C1)[NH+]2CC3=O)c1c[nH]c2ccccc12,1,0,0.884,1,True
C1=CC=C2C(=C1)C(=NN=C2NC3=CC=C(C=C3)Cl)CC4=CC=NC=C4,Clc1ccc(Nc2nnc(Cc3ccncc3)c3ccccc23)cc1,0,1,0.8581333333333333,1,False
c1ccc2c(c1)c(ns2)N3CC[NH+](CC3)C[C@@H]4CCCC[C@H]4CN5C(=O)[C@H]6[C@@H]7CC[C@@H](C7)[C@H]6C5=O,O=C1[C@@H]2[C@H]3CC[C@H](C3)[C@@H]2C(=O)N1C[C@@H]1CCCC[C@H]1C[NH+]1CCN(c2nsc3ccccc23)CC1,1,0,0.766,1,True
c1ccc2c(c1)c(ns2)N3CC[NH+](CC3)CCc4cc5c(cc4Cl)NC(=O)C5,O=C1Cc2cc(CC[NH+]3CCN(c4nsc5ccccc45)CC3)c(Cl)cc2N1,1,0,0.7771666666666668,1,True
c1ccc2c(c1)C(=O)OC23c4ccc(cc4Oc5c3ccc(c5)O)O,O=C1OC2(c3ccc(O)cc3Oc3cc(O)ccc32)c2ccccc21,1,0,0.6964,1,True
c1ccc2c(c1)C3=[NH+]CCN3C2(c4ccc(cc4)Cl)O,OC1(c2ccc(Cl)cc2)c2ccccc2C2=[NH+]CCN21,1,0,0.8679333333333333,1,True
c1ccc2c(c1)c3c([nH]2)CN(CC3)C(=O)CCS,O=C(CCS)N1CCc2c([nH]c3ccccc23)C1,1,0,0.842,1,True
c1ccc2c(c1)cc(c(c2Cc3c4ccccc4cc(c3O)C(=O)[O-])O)C(=O)[O-],O=C([O-])c1cc2ccccc2c(Cc2c(O)c(C(=O)[O-])cc3ccccc23)c1O,1,0,0.498,0,False
c1ccc2c(c1)CC(N(C2)C(=O)[C@H](CO)NC(=O)[C@H](Cc3cccs3)NC(=O)CNC(=O)C4C[C@H](CN4C(=O)C5CCCN5C(=O)C(CCC[NH+]=C(N)N)NC(=O)[C@@H](CCC[NH+]=C(N)N)[NH3+])O)C(=O)N6[C@H]7CCCC[C@H]7CC6C(=O)N[C@@H](CCC[NH+]=C(N)N)C(=O)[O-],NC(N)=[NH+]CCCC(NC(=O)[C@H]([NH3+])CCC[NH+]=C(N)N)C(=O)N1CCCC1C(=O)N1C[C@H](O)CC1C(=O)NCC(=O)N[C@@H](Cc1cccs1)C(=O)N[C@@H](CO)C(=O)N1Cc2ccccc2CC1C(=O)N1C(C(=O)N[C@@H](CCC[NH+]=C(N)N)C(=O)[O-])C[C@@H]2CCCC[C@@H]21,1,0,0.58,1,True
c1ccc2c(c1)Cc3ccccc3N4C2C[NH+]=C4N,NC1=[NH+]CC2c3ccccc3Cc3ccccc3N12,1,0,0.7969999999999999,1,True
c1ccc2c(c1)CCCC2C3=[NH+]CCN3,c1ccc2c(c1)CCCC2C1=[NH+]CCN1,1,0,0.83,1,True
c1ccc2c(c1)cccc2CC3=[NH+]CCN3,c1ccc2c(CC3=[NH+]CCN3)cccc2c1,1,0,0.668,1,True
c1ccc2c(c1)N(c3cc(ccc3S2)C(F)(F)F)CCCN4CC[NH+](CC4)CCO,OCC[NH+]1CCN(CCCN2c3ccccc3Sc3ccc(C(F)(F)F)cc32)CC1,1,0,0.967,1,True
c1ccc2c(c1)N(c3cc(ccc3S2)Cl)CCCN4CC[NH+](CC4)CCO,OCC[NH+]1CCN(CCCN2c3ccccc3Sc3ccc(Cl)cc32)CC1,1,0,0.955,1,True
C1CCCN(CCC1)CC[NH+]=C(N)N,NC(N)=[NH+]CCN1CCCCCCC1,1,0,0.832,1,True
c1ccn(c(=S)c1)[O-],[O-]n1ccccc1=S,1,0,0.8526333333333334,1,True
C1CCN(CC1)C(=O)C2=CC3=NON=C3C=C2,O=C(c1ccc2nonc2c1)N1CCCCC1,0,1,0.632,1,False
c1ccn2c(c1)nn(c2=O)CCC[NH+]3CCN(CC3)c4cccc(c4)Cl,O=c1n(CCC[NH+]2CCN(c3cccc(Cl)c3)CC2)nc2ccccn12,1,0,0.8278333333333334,1,True
c1ccnc(c1)[C@H](c2ccc(cc2)Cl)OC3CC[NH+](CC3)CCCC(=O)[O-],O=C([O-])CCC[NH+]1CCC(O[C@@H](c2ccc(Cl)cc2)c2ccccn2)CC1,1,0,0.6026,1,True
c1ccnc(c1)[N-]S(=O)(=O)c2ccc(cc2)/N=N/c3ccc(c(c3)C(=O)[O-])O,O=C([O-])c1cc(/N=N/c2ccc(S(=O)(=O)[N-]c3ccccn3)cc2)ccc1O,1,0,0.6866666666666668,1,True
c1ccnc(c1)[N-]S(=O)(=O)c2ccc(cc2)N,Nc1ccc(S(=O)(=O)[N-]c2ccccn2)cc1,1,0,0.786,1,True
C1=CN(C(=O)N=C1N)[C@H]2C([C@@H]([C@H](O2)CO)O)(F)F.Cl,Cl.Nc1ccn([C@@H]2O[C@H](CO)[C@@H](O)C2(F)F)c(=O)n1,0,1,0.8446666666666668,1,False
c1cn(c(=O)nc1N)C[C@@H](CO)OCP(=O)([O-])[O-],Nc1ccn(C[C@@H](CO)OCP(=O)([O-])[O-])c(=O)n1,1,0,0.765,1,True
C1CN(CCN(CCN(CC[NH+]1CC(=O)[O-])CC(=O)[O-])C(CO)C(CO)O)CC(=O)[O-],O=C([O-])CN1CCN(C(CO)C(O)CO)CCN(CC(=O)[O-])CC[NH+](CC(=O)[O-])CC1,1,0,0.3473333333333333,0,False
C1CN(CCN1CC2=CC3=C(C=C2)OC(O3)(F)F)C(=O)NC4=C(C=CN=C4)Cl,O=C(Nc1cnccc1Cl)N1CCN(Cc2ccc3c(c2)OC(F)(F)O3)CC1,0,1,0.7053333333333333,1,False
c1cn(cn1)CC(O)(P(=O)([O-])[O-])P(=O)([O-])[O-],O=P([O-])([O-])C(O)(Cn1ccnc1)P(=O)([O-])[O-],1,0,0.678,1,True
c1cnc(nc1)[N-]S(=O)(=O)c2ccc(cc2)N,Nc1ccc(S(=O)(=O)[N-]c2ncccn2)cc1,1,0,0.8193333333333332,1,True
c1cnc(nc1)N2CC[NH+](CC2)CCCCN3C(=O)CC4(CCCC4)CC3=O,O=C1CC2(CCCC2)CC(=O)N1CCCC[NH+]1CCN(c2ncccn2)CC1,1,0,0.858,1,True
c1cnc2cc3c(cc2n1)[C@@H]4C[C@H]3C[NH2+]C4,c1cnc2cc3c(cc2n1)[C@@H]1C[NH2+]C[C@H]3C1,1,0,0.731,1,True
C1CNCC[NH2+]1,C1C[NH2+]CCN1,1,0,0.596,1,True
C1=NC2=C(N1[C@H]3[C@H]([C@@H]([C@H](O3)CO)O)O)N=C(N=C2N)F,Nc1nc(F)nc2c1ncn2[C@@H]1O[C@H](CO)[C@@H](O)[C@@H]1O,0,1,0.30816666666666664,0,True
c1nc2c(n1[C@H]3C[C@@H]([C@H](O3)CO)O)NC=[NH+]C[C@H]2O,OC[C@H]1O[C@@H](n2cnc3c2NC=[NH+]C[C@H]3O)C[C@@H]1O,1,0,0.8305333333333333,1,True
c1nc2c(n1COCCO)[nH]c(nc2=O)N,Nc1nc(=O)c2ncn(COCCO)c2[nH]1,1,0,0.941,1,True
c1nc2c(nc(nc2n1[C@H]3[C@H]([C@@H]([C@H](O3)COP(=O)([O-])[O-])O)O)F)N,Nc1nc(F)nc2c1ncn2[C@@H]1O[C@H](COP(=O)([O-])[O-])[C@@H](O)[C@@H]1O,1,0,0.482,0,False
C[C@@](c1ccccc1)(c2ccc(cc2)Cl)OCC[C@H]3CCC[NH+]3C,C[NH+]1CCC[C@@H]1CCO[C@](C)(c1ccccc1)c1ccc(Cl)cc1,1,0,0.822,1,True
C[C@@]1([C@@H](N2[C@H](S1(=O)=O)CC2=O)C(=O)[O-])Cn3ccnn3,C[C@]1(Cn2ccnn2)[C@H](C(=O)[O-])N2C(=O)C[C@H]2S1(=O)=O,1,0,0.576,1,True
C[C@@]1(C(=O)N2[C@H](C(=O)N3CCC[C@H]3[C@@]2(O1)O)Cc4ccccc4)NC(=O)[C@@H]5C[C@@H]6c7cccc8c7c(c[nH]8)C[C@H]6[NH+](C5)C,C[NH+]1C[C@H](C(=O)N[C@]2(C)O[C@@]3(O)[C@@H]4CCCN4C(=O)[C@H](Cc4ccccc4)N3C2=O)C[C@@H]2c3cccc4[nH]cc(c34)C[C@H]21,1,0,0.7086666666666667,1,True
C[C@@]1(C(=O)N2[C@H](C(=O)N3CCC[C@H]3[C@@]2(O1)O)Cc4ccccc4)NC(=O)[C@H]5C[NH+]([C@@H]6Cc7c[nH]c8c7c(ccc8)C6=C5)C,C[NH+]1C[C@H](C(=O)N[C@]2(C)O[C@@]3(O)[C@@H]4CCCN4C(=O)[C@H](Cc4ccccc4)N3C2=O)C=C2c3cccc4[nH]cc(c34)C[C@H]21,1,0,0.8146666666666667,1,True
C[C@@H]([C@@H]([C@H]1CNc2c(c(=O)nc([nH]2)N)N1)O)O,C[C@H](O)[C@H](O)[C@H]1CNc2[nH]c(N)nc(=O)c2N1,1,0,0.732,1,True
C[C@@H]([C@@H](c1ccc(c(c1)O)O)O)[NH3+],C[C@H]([NH3+])[C@H](O)c1ccc(O)c(O)c1,1,0,0.816,1,True
C[C@@H]([C@@H](c1ccc(cc1)O)O)[NH2+]CCc2ccc(cc2)O,C[C@H]([NH2+]CCc1ccc(O)cc1)[C@H](O)c1ccc(O)cc1,1,0,0.8,1,True
C[C@@H]([C@@H](c1cccc(c1)O)O)[NH3+],C[C@H]([NH3+])[C@H](O)c1cccc(O)c1,1,0,0.788,1,True
C[C@@H]([C@H](c1ccccc1)O)[NH2+]C,C[NH2+][C@@H](C)[C@@H](O)c1ccccc1,1,0,0.88,1,True
C[C@@H]([NH2+]CC(C[NH2+][C@@H](/C(=N/O)/C)C)(C)C)/C(=N/O)/C,C/C(=N\O)[C@@H](C)[NH2+]CC(C)(C)C[NH2+][C@H](C)/C(C)=N/O,1,0,0.521,1,True
C[C@@H](C(=O)N1CCC[C@H]1C(=O)[O-])[NH2+][C@@H](CCc2ccccc2)C(=O)[O-],C[C@H]([NH2+][C@@H](CCc1ccccc1)C(=O)[O-])C(=O)N1CCC[C@H]1C(=O)[O-],1,0,0.6145,1,True
C[C@@H](C(=O)N[C@@H](C)C(=O)NC1[C@H]2[C@@H]1CN(C2)c3c(cc4c(=O)c(cn(c4n3)c5ccc(cc5F)F)C(=O)[O-])F)[NH3+],C[C@H]([NH3+])C(=O)N[C@@H](C)C(=O)NC1[C@H]2CN(c3nc4c(cc3F)c(=O)c(C(=O)[O-])cn4-c3ccc(F)cc3F)C[C@@H]12,1,0,0.6213333333333334,1,True
C[C@@H](C(=O)N[C@H](CC(C)C)C(=O)N[C@@H](C)C(=O)N[C@H](C(C)C)C(=O)N[C@@H](C(C)C)C(=O)N[C@@H](C(C)C)C(=O)N[C@@H](Cc1c[nH]c2c1cccc2)C(=O)N[C@H](CC(C)C)C(=O)N[C@@H](Cc3c[nH]c4c3cccc4)C(=O)N[C@H](CC(C)C)C(=O)N[C@@H](Cc5c[nH]c6c5cccc6)C(=O)N[C@H](CC(C)C)C(=O)N[C@@H](Cc7c[nH]c8c7cccc8)C(=O)NCCO)NC(=O)CNC(=O)[C@H](C(C)C)NC=O,CC(C)C[C@@H](NC(=O)[C@H](C)NC(=O)CNC(=O)[C@@H](NC=O)C(C)C)C(=O)N[C@@H](C)C(=O)N[C@@H](C(=O)N[C@H](C(=O)N[C@H](C(=O)N[C@@H](Cc1c[nH]c2ccccc12)C(=O)N[C@H](CC(C)C)C(=O)N[C@@H](Cc1c[nH]c2ccccc12)C(=O)N[C@H](CC(C)C)C(=O)N[C@@H](Cc1c[nH]c2ccccc12)C(=O)N[C@H](CC(C)C)C(=O)N[C@@H](Cc1c[nH]c2ccccc12)C(=O)NCCO)C(C)C)C(C)C)C(C)C,1,0,0.6713333333333333,1,True
C[C@@H](C1=CCC23C1(C[C@H](C45C2=CC[C@H]6[C@@]4(CC[C@@](C6)(O5)O)C)O)C[NH+](CCO3)C)OC(=O)c7ccccc7,C[C@H](OC(=O)c1ccccc1)C1=CCC23OCC[NH+](C)CC12C[C@@H](O)C12O[C@@]4(O)CC[C@@]1(C)[C@H](CC=C32)C4,1,0,0.464,0,False
C[C@@H](c1ccc2cc(ccc2c1)OC)C(=O)[O-],COc1ccc2cc([C@H](C)C(=O)[O-])ccc2c1,1,0,0.608,1,True
C[C@@H](Cc1ccccc1)[NH3+],C[C@H]([NH3+])Cc1ccccc1,1,0,0.9041666666666667,1,True
C[C@@H](Cc1ccccc1)NC(=O)[C@H](CCCC[NH3+])[NH3+],C[C@@H](Cc1ccccc1)NC(=O)[C@@H]([NH3+])CCCC[NH3+],1,0,0.5906666666666668,1,True
C[C@@H](CN1c2ccccc2Sc3c1cc(cc3)OC)C[NH+](C)C,COc1ccc2c(c1)N(C[C@H](C)C[NH+](C)C)c1ccccc1S2,1,0,0.8633333333333334,1,True
C[C@@H](CN1CC(=O)NC(=O)C1)[NH+]2CC(=O)NC(=O)C2,C[C@@H](CN1CC(=O)NC(=O)C1)[NH+]1CC(=O)NC(=O)C1,1,0,0.8872000000000001,1,True
C[C@@H]1[C@@H]2[C@H](C(=O)N2C(=C1S[C@H]3C[C@H]([NH2+]C3)C(=O)N(C)C)C(=O)[O-])[C@@H](C)O,C[C@@H](O)[C@H]1C(=O)N2C(C(=O)[O-])=C(S[C@@H]3C[NH2+][C@H](C(=O)N(C)C)C3)[C@H](C)[C@H]12,1,0,0.542,1,True
C[C@@H]1[C@@H]2[C@H](C(=O)N2C(=C1S[C@H]3C[C@H]([NH2+]C3)C(=O)Nc4cccc(c4)C(=O)[O-])C(=O)[O-])[C@@H](C)O,C[C@@H](O)[C@H]1C(=O)N2C(C(=O)[O-])=C(S[C@@H]3C[NH2+][C@H](C(=O)Nc4cccc(C(=O)[O-])c4)C3)[C@H](C)[C@H]12,1,0,0.58,1,True
C[C@@H]1[C@@H]2[C@H](C(=O)N2C(=C1S[C@H]3C[C@H]([NH2+]C3)CNS(=O)(=O)N)C(=O)[O-])[C@@H](C)O,C[C@@H](O)[C@H]1C(=O)N2C(C(=O)[O-])=C(S[C@@H]3C[NH2+][C@H](CNS(N)(=O)=O)C3)[C@H](C)[C@H]12,1,0,0.49,0,False
C[C@@H]1[C@H]([C@@H]([C@@H](C(O1)OC2CC3C(C(CC(O3)(CC(CC(CC(CC(=O)CCCC(=O)CC(=O)OC(C(C=CC=CC=CC=CC=CC=CC=C2)C)C(C)CC(C)C(CC(=O)c4ccc(cc4)N)O)O)O)O)O)O)C(=O)[O-])O)[NH3+])O,CC1C=CC=CC=CC=CC=CC=CC=CC(OC2O[C@H](C)[C@@H](O)[C@H]([NH3+])[C@@H]2O)CC2OC(O)(CC(O)CC(O)CC(O)CC(=O)CCCC(=O)CC(=O)OC1C(C)CC(C)C(O)CC(=O)c1ccc(N)cc1)CC(O)C2C(=O)[O-],1,0,0.6505,1,True
C[C@@H]1[C@H]([C@@H]([C@@H](C(O1)OC\2CC(C(C(CC(=O)CC(C(CCC(CC(CC(CC(=O)OC(C(C(C(/C=C/C=C/CC/C=C/C=C/C=C/C=C2)C)O)C)C)O)O)O)O)O)O)C(=O)[O-])O)O)[NH3+])O,CC1/C=C/C=C/CC/C=C/C=C/C=C/C=C/C(OC2O[C@H](C)[C@@H](O)[C@H]([NH3+])[C@@H]2O)CC(O)C(C(=O)[O-])C(O)CC(=O)CC(O)C(O)CCC(O)CC(O)CC(O)CC(=O)OC(C)C(C)C1O,1,0,0.35050476190476193,0,False
C[C@@H]1[C@H]([C@@H]([C@H]([C@H](O1)O[C@@H]2[C@H](O[C@@H]([C@@H]([C@H]2O)O)O[C@@H]3[C@H](O[C@H]([C@@H]([C@H]3O)O)O)CO)CO)O)O)[NH2+][C@H]4C=C([C@@H]([C@@H]([C@H]4O)O)O)CO,C[C@H]1O[C@H](O[C@H]2[C@H](O)[C@@H](O)[C@@H](O[C@H]3[C@H](O)[C@@H](O)[C@H](O)O[C@@H]3CO)O[C@@H]2CO)[C@H](O)[C@@H](O)[C@@H]1[NH2+][C@H]1C=C(CO)[C@H](O)[C@H](O)[C@H]1O,1,0,0.4313108669108672,0,False
C[C@@H]1[C@H]([C@H](C[C@@H](O1)OC2[C@H](O[C@H](C[C@@H]2O)O[C@@H]3[C@H](O[C@H](C[C@@H]3O)OC4CC[C@]5([C@@H](C4)CC[C@@H]6[C@@H]5CC[C@]7([C@@]6(CC[C@@H]7C8=CC(=O)OC8)O)C)C)C)C)OC(=O)C)O,CC(=O)O[C@H]1C[C@H](OC2[C@@H](O)C[C@H](O[C@H]3[C@@H](O)C[C@H](OC4CC[C@@]5(C)[C@H](CC[C@@H]6[C@@H]5CC[C@]5(C)[C@@H](C7=CC(=O)OC7)CC[C@]65O)C4)O[C@@H]3C)O[C@@H]2C)O[C@H](C)[C@H]1O,1,0,0.4513333333333333,0,False
C[C@@H]1C/C=C/C=C/C=C/C=C/[C@@H](C[C@H]2[C@@H]([C@H](C[C@](O2)(C[C@H](C[C@@H]3[C@H](O3)/C=C/C(=O)O1)O)O)O)C(=O)[O-])OC4[C@H]([C@H]([C@@H]([C@H](O4)C)O)[NH3+])O,C[C@@H]1C/C=C/C=C/C=C/C=C/[C@H](OC2O[C@H](C)[C@@H](O)[C@H]([NH3+])[C@@H]2O)C[C@@H]2O[C@](O)(C[C@@H](O)C[C@H]3O[C@@H]3/C=C/C(=O)O1)C[C@H](O)[C@H]2C(=O)[O-],1,0,0.5721666666666666,1,True
C[C@@H]1C[C@@H]([C@@H]2[C@H](C[C@H]([C@@](O2)(C(=O)C(=O)N3CCCC[C@H]3C(=O)O[C@@H]([C@@H]([C@H](CC(=O)[C@@H](/C=C(/C1)\C)CC=C)O)C)/C(=C/[C@@H]4CC[C@H]([C@@H](C4)OC)O)/C)O)C)OC)OC,C=CC[C@@H]1/C=C(\C)C[C@H](C)C[C@H](OC)[C@H]2O[C@@](O)(C(=O)C(=O)N3CCCC[C@H]3C(=O)O[C@H](/C(C)=C/[C@@H]3CC[C@@H](O)[C@H](OC)C3)[C@H](C)[C@@H](O)CC1=O)[C@H](C)C[C@@H]2OC,1,0,0.5071166666666668,1,True
C[C@@H]1C[C@@H]([C@H]([C@@H](O1)O[C@H]2[C@H](C[C@@]3(CO3)C(=O)[C@@H]([C@H]([C@H]([C@H](OC(=O)[C@@H]([C@H]([C@@H]2C)O[C@H]4C[C@@H]([C@H]([C@@H](O4)C)OC(=O)C)OC)C)C)C)OC(=O)C)C)C)OC(=O)C)[NH+](C)C,CO[C@H]1C[C@H](O[C@H]2[C@H](C)[C@@H](O[C@@H]3O[C@H](C)C[C@H]([NH+](C)C)[C@H]3OC(C)=O)[C@@H](C)C[C@@]3(CO3)C(=O)[C@H](C)[C@@H](OC(C)=O)[C@@H](C)[C@@H](C)OC(=O)[C@@H]2C)O[C@@H](C)[C@@H]1OC(C)=O,1,0,0.5788,1,True
C[C@@H]1C[C@H]2[C@@H]3CCC4=CC(=O)C=C[C@@]4([C@]3([C@H](C[C@@]2([C@]1(C(=O)COP(=O)([O-])[O-])O)C)O)F)C,C[C@@H]1C[C@H]2[C@@H]3CCC4=CC(=O)C=C[C@]4(C)[C@@]3(F)[C@@H](O)C[C@]2(C)[C@@]1(O)C(=O)COP(=O)([O-])[O-],1,0,0.494,0,False
C[C@@H]1CC(=O)[C@]2([C@@H](O1)O[C@@H]3[C@H]([C@@H]([C@@H]([C@@H]([C@H]3O2)[NH2+]C)O)[NH2+]C)O)O,C[NH2+][C@@H]1[C@H](O)[C@H]([NH2+]C)[C@H]2O[C@@]3(O)C(=O)C[C@@H](C)O[C@H]3O[C@@H]2[C@H]1O,1,0,0.42866666666666664,0,False
C[C@@H]1CC[C@@]23CCC(=O)[C@H]2[C@@]1([C@@H](C[C@@]([C@H]([C@@H]3C)O)(C)C=C)OC(=O)CSC4C[C@H]5CC[C@@H](C4)[NH+]5C)C,C=C[C@]1(C)C[C@@H](OC(=O)CSC2C[C@H]3CC[C@@H](C2)[NH+]3C)[C@]2(C)[C@H](C)CC[C@]3(CCC(=O)[C@H]32)[C@@H](C)[C@@H]1O,1,0,0.664,1,True
C[C@@H]1CC[C@H]2C[C@@H](/C(=C/C=C/C=C\\[C@H](C[C@H](C(=O)[C@@H]([C@@H](/C(=C/[C@H](C(=O)C[C@H](OC(=O)[C@@H]3CCCCN3C(=O)C(=O)[C@@]1(O2)O)[C@H](C)C[C@@H]4CC[C@H]([C@@H](C4)OC)OCCO)C)/C)O)OC)C)C)/C)OC,CO[C@H]1C[C@@H]2CC[C@@H](C)[C@@](O)(O2)C(=O)C(=O)N2CCCC[C@H]2C(=O)O[C@H]([C@H](C)C[C@@H]2CC[C@@H](OCCO)[C@H](OC)C2)CC(=O)[C@H](C)/C=C(\C)[C@@H](O)[C@@H](OC)C(=O)[C@H](C)C[C@H](C)\C=C/C=C/C=C/1C,1,0,0.4090666666666667,0,False
C[C@@H]1CCC2C[C@@H](/C(=C/C=C/C=C/[C@H](C[C@H](C(=O)[C@@H]([C@@H](/C(=C/[C@H](C(=O)C[C@H](OC(=O)[C@@H]3CCCCN3C(=O)C(=O)[C@@]1(O2)O)[C@H](C)C[C@@H]4CC[C@H]([C@@H](C4)OC)OC(=O)C(C)(CO)CO)C)/C)O)OC)C)C)/C)OC,CO[C@H]1CC2CC[C@@H](C)[C@@](O)(O2)C(=O)C(=O)N2CCCC[C@H]2C(=O)O[C@H]([C@H](C)C[C@@H]2CC[C@@H](OC(=O)C(C)(CO)CO)[C@H](OC)C2)CC(=O)[C@H](C)/C=C(\C)[C@@H](O)[C@@H](OC)C(=O)[C@H](C)C[C@H](C)/C=C/C=C/C=C/1C,1,0,0.39890000000000003,0,False
C[C@@H]1CCN([C@H](C1)C(=O)[O-])C(=O)[C@H](CCC[NH+]=C(N)N)NS(=O)(=O)c2cccc3c2NC[C@@H](C3)C,C[C@@H]1CCN(C(=O)[C@H](CCC[NH+]=C(N)N)NS(=O)(=O)c2cccc3c2NC[C@H](C)C3)[C@@H](C(=O)[O-])C1,1,0,0.6193333333333333,1,True
C[C@@H]1CN(C[C@@H]([NH2+]1)C)c2c(c(c3c(c2F)n(cc(c3=O)C(=O)[O-])C4CC4)N)F,C[C@@H]1CN(c2c(F)c(N)c3c(=O)c(C(=O)[O-])cn(C4CC4)c3c2F)C[C@H](C)[NH2+]1,1,0,0.558,1,True
C[C@@H]1O[C@]2(C[NH+]3CCC2CC3)CS1,C[C@@H]1O[C@@]2(CS1)C[NH+]1CCC2CC1,1,0,0.379,0,False
C[C@]([C@H]1C[C@@]23CC[C@@]1([C@H]4[C@@]25CC[NH+]([C@@H]3Cc6c5c(c(cc6)O)O4)CC7CC7)OC)(C(C)(C)C)O,CO[C@]12CC[C@@]3(C[C@@H]1[C@](C)(O)C(C)(C)C)[C@H]1Cc4ccc(O)c5c4[C@@]3(CC[NH+]1CC1CC1)[C@H]2O5,1,0,0.395,0,False
C[C@](Cc1ccc(c(c1)O)O)(C(=O)[O-])[NH3+],C[C@]([NH3+])(Cc1ccc(O)c(O)c1)C(=O)[O-],1,0,0.4815,0,False
C[C@](Cc1ccc(cc1)O)(C(=O)[O-])[NH3+],C[C@]([NH3+])(Cc1ccc(O)cc1)C(=O)[O-],1,0,0.46216666666666667,0,False
C[C@]1(c2cccc(c2C(=O)C3=C([C@]4([C@@H]([C@H]([C@@H]31)O)[C@@H](C(=C(C4=O)C(=O)N)[O-])[NH+](C)C)O)[O-])[O-])O,C[NH+](C)[C@@H]1C([O-])=C(C(N)=O)C(=O)[C@@]2(O)C([O-])=C3C(=O)c4c([O-])cccc4[C@@](C)(O)[C@H]3[C@H](O)[C@@H]12,1,0,0.554,1,True
C[C@]1(c2cccc(c2C(=O)C3=C([C@]4([C@@H](C[C@@H]31)[C@@H](C(=C(C4=O)C(=O)N)[O-])[NH+](C)C)O)[O-])[O-])O,C[NH+](C)[C@@H]1C([O-])=C(C(N)=O)C(=O)[C@@]2(O)C([O-])=C3C(=O)c4c([O-])cccc4[C@@](C)(O)[C@H]3C[C@@H]12,1,0,0.57,1,True
C[C@]12CC[C@@H]3c4ccc(cc4CC[C@H]3[C@@H]1CC[C@@H]2OP(=O)([O-])[O-])OC(=O)N(CCCl)CCCl,C[C@]12CC[C@@H]3c4ccc(OC(=O)N(CCCl)CCCl)cc4CC[C@H]3[C@@H]1CC[C@@H]2OP(=O)([O-])[O-],1,0,0.864,1,True
C[C@]12CC[C@@H]3c4ccc(cc4CC[C@H]3[C@@H]1CCC2=O)OS(=O)(=O)[O-],C[C@]12CC[C@@H]3c4ccc(OS(=O)(=O)[O-])cc4CC[C@H]3[C@@H]1CCC2=O,1,0,0.598,1,True
C[C@]12CC[C@H]3[C@H]([C@@H]1CC[C@]2(C)O)CC[C@@H]4[C@@]3(C/C(=C/[O-])/C(=O)C4)C,C[C@]12C/C(=C/[O-])C(=O)C[C@@H]1CC[C@@H]1[C@@H]2CC[C@@]2(C)[C@H]1CC[C@]2(C)O,1,0,0.679,1,True
C[C@]12CCC(=O)C=C1CC[C@@H]3[C@@H]2[C@H](C[C@]4([C@H]3CC[C@@]4(C(=O)COC(=O)CCC(=O)[O-])O)C)O,C[C@]12CCC(=O)C=C1CC[C@@H]1[C@@H]2[C@@H](O)C[C@@]2(C)[C@H]1CC[C@]2(O)C(=O)COC(=O)CCC(=O)[O-],1,0,0.62,1,True
C[C@]12CCC(=O)C=C1CC[C@@H]3[C@@H]2[C@H](C[C@]4([C@H]3CC[C@@]4(C(=O)COP(=O)([O-])[O-])O)C)O,C[C@]12CCC(=O)C=C1CC[C@@H]1[C@@H]2[C@@H](O)C[C@@]2(C)[C@H]1CC[C@]2(O)C(=O)COP(=O)([O-])[O-],1,0,0.704,1,True
C[C@]12CCCCC[C@H]([C@@H]1[NH3+])Cc3c2cc(cc3)O,C[C@@]12CCCCC[C@@H](Cc3ccc(O)cc31)[C@@H]2[NH3+],1,0,0.725,1,True
C[C@H]([C@@H](C(=O)N)NC(=O)[C@@H]1CSSC[C@@H](C(=O)N[C@H](C(=O)N[C@@H](C(=O)N[C@H](C(=O)N[C@H](C(=O)N1)C(C)C)CCCC[NH3+])Cc2c[nH]c3c2cccc3)Cc4ccc(cc4)O)NC(=O)[C@@H](Cc5ccc6ccccc6c5)[NH3+])O,CC(C)[C@@H]1NC(=O)[C@H](CCCC[NH3+])NC(=O)[C@@H](Cc2c[nH]c3ccccc23)NC(=O)[C@H](Cc2ccc(O)cc2)NC(=O)[C@@H](NC(=O)[C@H]([NH3+])Cc2ccc3ccccc3c2)CSSC[C@@H](C(=O)N[C@H](C(N)=O)[C@@H](C)O)NC1=O,1,0,0.79,1,True
C[C@H]([C@@H](C(=O)NCC(=O)N[C@@H](Cc1c[nH]c2c1cccc2)C(=O)N[C@@H](CCSC)C(=O)N[C@@H](CC(=O)[O-])C(=O)N[C@@H](Cc3ccccc3)C(=O)N)NC(=O)[C@H](Cc4ccc(cc4)OS(=O)(=O)[O-])NC(=O)[C@H](CC(=O)[O-])NC(=O)[C@H](CCC(=O)N)NC(=O)[C@@H]5CCC(=O)N5)O,CSCC[C@H](NC(=O)[C@H](Cc1c[nH]c2ccccc12)NC(=O)CNC(=O)[C@@H](NC(=O)[C@H](Cc1ccc(OS(=O)(=O)[O-])cc1)NC(=O)[C@H](CC(=O)[O-])NC(=O)[C@H](CCC(N)=O)NC(=O)[C@@H]1CCC(=O)N1)[C@@H](C)O)C(=O)N[C@@H](CC(=O)[O-])C(=O)N[C@@H](Cc1ccccc1)C(N)=O,1,0,0.7553333333333333,1,True
C[C@H]([C@@H]1[C@H]2CC(=C(N2C1=O)C(=O)[O-])SCC/[NH+]=C/N)O,C[C@@H](O)[C@H]1C(=O)N2C(C(=O)[O-])=C(SCC/[NH+]=C/N)C[C@H]12,1,0,0.418,0,False
C[C@H]([C@H](c1ccccc1)O)[NH3+],C[C@@H]([NH3+])[C@@H](O)c1ccccc1,1,0,0.924,1,True
C[C@H]([C@H]1[C@@H](O1)C[C@H]2CO[C@H]([C@@H]([C@@H]2O)O)C/C(=C/C(=O)OCCCCCCCCC(=O)[O-])/C)[C@H](C)O,C/C(=C\C(=O)OCCCCCCCCC(=O)[O-])C[C@@H]1OC[C@H](C[C@@H]2O[C@H]2[C@@H](C)[C@H](C)O)[C@@H](O)[C@H]1O,1,0,0.5221666666666668,1,True
C[C@H](C(=O)N)NC(=O)[C@@H]1CCCN1C(=O)[C@H](CCCC[NH2+]C(C)C)NC(=O)[C@H](CC(C)C)NC(=O)[C@@H](CC(=O)N)NC(=O)[C@H](Cc2ccc(cc2)O)N(C)C(=O)[C@H](CO)NC(=O)[C@@H](Cc3cccnc3)NC(=O)[C@@H](Cc4ccc(cc4)Cl)NC(=O)[C@@H](Cc5ccc6ccccc6c5)NC(=O)C,CC(=O)N[C@H](Cc1ccc2ccccc2c1)C(=O)N[C@H](Cc1ccc(Cl)cc1)C(=O)N[C@H](Cc1cccnc1)C(=O)N[C@@H](CO)C(=O)N(C)[C@@H](Cc1ccc(O)cc1)C(=O)N[C@H](CC(N)=O)C(=O)N[C@@H](CC(C)C)C(=O)N[C@@H](CCCC[NH2+]C(C)C)C(=O)N1CCC[C@H]1C(=O)N[C@H](C)C(N)=O,1,0,0.8433333333333334,1,True
C[C@H](C(=O)N)NC(=O)[C@@H]1CCCN1C(=O)[C@H](CCCC[NH2+]C(C)C)NC(=O)[C@H](CC(C)C)NC(=O)[C@@H](Cc2ccc(cc2)NC(=O)N)NC(=O)[C@H](Cc3ccc(cc3)NC(=O)[C@@H]4CC(=O)NC(=O)N4)NC(=O)[C@H](CO)NC(=O)[C@@H](Cc5cccnc5)NC(=O)[C@@H](Cc6ccc(cc6)Cl)NC(=O)[C@@H](Cc7ccc8ccccc8c7)NC(=O)C,CC(=O)N[C@H](Cc1ccc2ccccc2c1)C(=O)N[C@H](Cc1ccc(Cl)cc1)C(=O)N[C@H](Cc1cccnc1)C(=O)N[C@@H](CO)C(=O)N[C@@H](Cc1ccc(NC(=O)[C@@H]2CC(=O)NC(=O)N2)cc1)C(=O)N[C@H](Cc1ccc(NC(N)=O)cc1)C(=O)N[C@@H](CC(C)C)C(=O)N[C@@H](CCCC[NH2+]C(C)C)C(=O)N1CCC[C@H]1C(=O)N[C@H](C)C(N)=O,1,0,0.848,1,True
C[C@H](C(=O)N)NC(=O)[C@@H]1CCCN1C(=O)[C@H](CCCNC(=[NH2+])N)NC(=O)[C@H](CC(C)C)NC(=O)[C@@H](CCCNC(=O)N)NC(=O)[C@H](Cc2ccc(cc2)O)NC(=O)[C@H](CO)NC(=O)[C@@H](Cc3cccnc3)NC(=O)[C@@H](Cc4ccc(cc4)Cl)NC(=O)[C@@H](Cc5ccc6ccccc6c5)NC(=O)C,CC(=O)N[C@H](Cc1ccc2ccccc2c1)C(=O)N[C@H](Cc1ccc(Cl)cc1)C(=O)N[C@H](Cc1cccnc1)C(=O)N[C@@H](CO)C(=O)N[C@@H](Cc1ccc(O)cc1)C(=O)N[C@H](CCCNC(N)=O)C(=O)N[C@@H](CC(C)C)C(=O)N[C@@H](CCCNC(N)=[NH2+])C(=O)N1CCC[C@H]1C(=O)N[C@H](C)C(N)=O,1,0,0.878,1,True
C[C@H](c1c(ccc(c1Cl)F)Cl)Oc2cc(cnc2N)c3cnn(c3)C4CC[NH2+]CC4,C[C@@H](Oc1cc(-c2cnn(C3CC[NH2+]CC3)c2)cnc1N)c1c(Cl)ccc(F)c1Cl,1,0,0.7696666666666667,1,True
C[C@H](c1cc(cc(c1)C(F)(F)F)C(F)(F)F)O[C@@H]2[C@@H]([NH+](CCO2)Cc3[nH]c(=O)[nH]n3)c4ccc(cc4)F,C[C@@H](O[C@H]1OCC[NH+](Cc2n[nH]c(=O)[nH]2)[C@H]1c1ccc(F)cc1)c1cc(C(F)(F)F)cc(C(F)(F)F)c1,1,0,0.752,1,True
C[C@H](c1cccc2c1cccc2)[NH2+]CCCc3cccc(c3)C(F)(F)F,C[C@@H]([NH2+]CCCc1cccc(C(F)(F)F)c1)c1cccc2ccccc12,1,0,0.8166666666666668,1,True
C[C@H](Cc1cc2c(c(c1)C(=O)N)N(CC2)CCCO)[NH2+]CCOc3ccccc3OCC(F)(F)F,C[C@H](Cc1cc2c(c(C(N)=O)c1)N(CCCO)CC2)[NH2+]CCOc1ccccc1OCC(F)(F)F,1,0,0.8263333333333334,1,True
C[C@H](Cc1ccc(cc1)OC)[NH2+]C[C@@H](c2ccc(c(c2)NC=O)O)O,COc1ccc(C[C@@H](C)[NH2+]C[C@H](O)c2ccc(O)c(NC=O)c2)cc1,1,0,0.7803333333333333,1,True
C[C@H](Cc1ccccc1)[NH+](C)CC#C,C#CC[NH+](C)[C@H](C)Cc1ccccc1,1,0,0.886,1,True
C[C@H](CCC(=O)[O-])[C@H]1CC[C@@H]2[C@@]1(CC[C@H]3[C@H]2[C@@H](C[C@H]4[C@@]3(CC[C@H](C4)O)C)O)C,C[C@H](CCC(=O)[O-])[C@H]1CC[C@H]2[C@@H]3[C@H](O)C[C@@H]4C[C@H](O)CC[C@]4(C)[C@H]3CC[C@]12C,1,0,0.33533333333333337,0,False
C[C@H](CCC(=O)[O-])[C@H]1CC[C@@H]2[C@@]1(CC[C@H]3[C@H]2[C@H](C[C@H]4[C@@]3(CC[C@H](C4)O)C)O)C,C[C@H](CCC(=O)[O-])[C@H]1CC[C@H]2[C@@H]3[C@@H](O)C[C@@H]4C[C@H](O)CC[C@]4(C)[C@H]3CC[C@]12C,1,0,0.33533333333333337,0,False
C[C@H](Cn1cnc2c1ncnc2N)OCP(=O)([O-])[O-],C[C@H](Cn1cnc2c(N)ncnc21)OCP(=O)([O-])[O-],1,0,0.793,1,True
C[C@H]1/C=C/C=C/C=C/C=C/C=C/C=C/C=C/[C@@H](C[C@H]2[C@@H]([C@H](C[C@](O2)(C[C@H](C[C@H]([C@@H](CC[C@H](C[C@H](CC(=O)O[C@H]([C@@H]([C@@H]1O)C)C)O)O)O)O)O)O)O)C(=O)[O-])O[C@H]3[C@H]([C@H]([C@@H]([C@H](O3)C)O)[NH3+])O,C[C@@H]1[C@H](O)[C@@H](C)/C=C/C=C/C=C/C=C/C=C/C=C/C=C/[C@H](O[C@@H]2O[C@H](C)[C@@H](O)[C@H]([NH3+])[C@@H]2O)C[C@@H]2O[C@](O)(C[C@@H](O)C[C@@H](O)[C@H](O)CC[C@@H](O)C[C@@H](O)CC(=O)O[C@H]1C)C[C@H](O)[C@H]2C(=O)[O-],1,0,0.48223333333333335,0,False
C[C@H]1[C@@]([C@H]([C@@H](O1)O[C@@H]2[C@H]([C@@H]([C@H]([C@@H]([C@H]2O)O)NC(=[NH2+])N)O)NC(=[NH2+])N)O[C@H]3[C@H]([C@@H]([C@H]([C@@H](O3)CO)O)O)[NH2+]C)(C=O)O,C[NH2+][C@@H]1[C@H](O[C@H]2[C@H](O[C@H]3[C@H](O)[C@@H](O)[C@H](NC(N)=[NH2+])[C@@H](O)[C@@H]3NC(N)=[NH2+])O[C@@H](C)[C@]2(O)C=O)O[C@@H](CO)[C@H](O)[C@H]1O,1,0,0.5754333333333334,1,True
C[C@H]1[C@@H]([C@H](C[C@@H](O1)O[C@H]2C[C@@](Cc3c2c(c4c(c3[O-])C(=O)c5cccc(c5C4=O)OC)[O-])(C(=O)CO)O)[NH3+])O,COc1cccc2c1C(=O)c1c([O-])c3c(c([O-])c1C2=O)C[C@@](O)(C(=O)CO)C[C@@H]3O[C@H]1C[C@H]([NH3+])[C@@H](O)[C@H](C)O1,1,0,0.36112698412698413,0,False
C[C@H]1[C@@H](C(=O)N1S(=O)(=O)[O-])NC(=O)/C(=N\OC(C)(C)C(=O)[O-])/c2csc(n2)N,C[C@H]1[C@H](NC(=O)/C(=N\OC(C)(C)C(=O)[O-])c2csc(N)n2)C(=O)N1S(=O)(=O)[O-],1,0,0.6373,1,True
C[C@H]1[C@H]([C@@](C[C@@H](O1)O[C@@H]2[C@H]([C@@H]([C@H](O[C@H]2Oc3c4cc5cc3Oc6ccc(cc6Cl)[C@H]([C@H](C(=O)N[C@H](C(=O)N[C@H]5C(=O)N[C@@H]7c8ccc(c(c8)-c9c(cc(cc9O)O)[C@H](NC(=O)[C@H]([C@@H](c1ccc(c(c1)Cl)O4)O)NC7=O)C(=O)[O-])O)CC(=O)N)NC(=O)[C@@H](CC(C)C)[NH2+]C)O)CO)O)O)(C)[NH3+])O,C[NH2+][C@H](CC(C)C)C(=O)N[C@H]1C(=O)N[C@@H](CC(N)=O)C(=O)N[C@H]2C(=O)N[C@H]3C(=O)N[C@H](C(=O)N[C@H](C(=O)[O-])c4cc(O)cc(O)c4-c4cc3ccc4O)[C@H](O)c3ccc(c(Cl)c3)Oc3cc2cc(c3O[C@@H]2O[C@H](CO)[C@@H](O)[C@H](O)[C@H]2O[C@H]2C[C@](C)([NH3+])[C@H](O)[C@H](C)O2)Oc2ccc(cc2Cl)[C@H]1O,1,0,0.7460333333333333,1,True
C[C@H]1[C@H]([C@H](C[C@@H](O1)O[C@H]2C[C@@](CC3=C(C4=C(C(=C23)O)C(=O)C5=C(C4=O)C=CC=C5OC)O)(C(=O)C)O)N)O.Cl,COc1cccc2c1C(=O)c1c(O)c3c(c(O)c1C2=O)C[C@@](O)(C(C)=O)C[C@@H]3O[C@H]1C[C@H](N)[C@H](O)[C@H](C)O1.Cl,0,1,0.575509523809524,1,False
C[C@H]1[C@H]([C@H](C[C@@H](O1)O[C@H]2C[C@@](CC3=C(C4=C(C(=C23)O)C(=O)C5=C(C4=O)C=CC=C5OC)O)(C(=O)CO)O)N)O.Cl,COc1cccc2c1C(=O)c1c(O)c3c(c(O)c1C2=O)C[C@@](O)(C(=O)CO)C[C@@H]3O[C@H]1C[C@H](N)[C@H](O)[C@H](C)O1.Cl,0,1,0.633027417027417,1,False
C[C@H]1[C@H]([C@H](C[C@@H](O1)O[C@H]2C[C@@](Cc3c2c(c4c(c3[O-])C(=O)c5cccc(c5C4=O)OC)[O-])(C(=O)C)O)[NH3+])O,COc1cccc2c1C(=O)c1c([O-])c3c(c([O-])c1C2=O)C[C@@](O)(C(C)=O)C[C@@H]3O[C@H]1C[C@H]([NH3+])[C@H](O)[C@H](C)O1,1,0,0.3266809523809524,0,False
C[C@H]1[C@H]([C@H](C[C@@H](O1)O[C@H]2C[C@@](Cc3c2c(c4c(c3[O-])C(=O)c5cccc(c5C4=O)OC)[O-])(C(=O)CO)O)[NH3+])O,COc1cccc2c1C(=O)c1c([O-])c3c(c([O-])c1C2=O)C[C@@](O)(C(=O)CO)C[C@@H]3O[C@H]1C[C@H]([NH3+])[C@H](O)[C@H](C)O1,1,0,0.36112698412698413,0,False
C[C@H]1[C@H]([C@H](C[C@@H](O1)O[C@H]2C[C@@](Cc3c2c(c4c(c3[O-])C(=O)c5ccccc5C4=O)[O-])(C(=O)C)O)[NH3+])O,CC(=O)[C@]1(O)Cc2c([O-])c3c(c([O-])c2[C@@H](O[C@H]2C[C@H]([NH3+])[C@H](O)[C@H](C)O2)C1)C(=O)c1ccccc1C3=O,1,0,0.419,0,False
C[C@H]1[C@H](O1)P(=O)([O-])[O-],C[C@@H]1O[C@@H]1P(=O)([O-])[O-],1,0,0.181,0,False
C[C@H]1[C@H]2Cc3ccc(cc3[C@@]1(CC[NH+]2CC=C(C)C)C)O,CC(C)=CC[NH+]1CC[C@@]2(C)c3cc(O)ccc3C[C@@H]1[C@@H]2C,1,0,0.445,0,False
C[C@H]1c2cccc(c2C(=O)C3=C([C@]4([C@@H]([C@H]([C@H]13)O)[C@@H](C(=C(C4=O)C(=O)N)[O-])[NH+](C)C)O)[O-])[O-],C[C@H]1c2cccc([O-])c2C(=O)C2=C([O-])[C@]3(O)C(=O)C(C(N)=O)=C([O-])[C@@H]([NH+](C)C)[C@@H]3[C@@H](O)[C@@H]21,1,0,0.54,1,True
C[C@H]1C[C@H]2[C@@H]3CC[C@@]([C@]3(C[C@@H]([C@@H]2[C@@]4(C1=CC(=O)C=C4)C)O)C)(C(=O)COC(=O)CCC(=O)[O-])O,C[C@H]1C[C@@H]2[C@H]([C@@H](O)C[C@@]3(C)[C@H]2CC[C@]3(O)C(=O)COC(=O)CCC(=O)[O-])[C@@]2(C)C=CC(=O)C=C12,1,0,0.45666666666666667,0,False
C[C@H]1C[NH+](CC[C@@]1(C)c2cccc(c2)O)C[C@H](Cc3ccccc3)C(=O)NCC(=O)[O-],C[C@H]1C[NH+](C[C@H](Cc2ccccc2)C(=O)NCC(=O)[O-])CC[C@@]1(C)c1cccc(O)c1,1,0,0.44,0,False
C[C@H]1CCC=C([C@]12CC[C@H](C2)C(=C)C)C,C=C(C)[C@@H]1CC[C@@]2(C1)C(C)=CCC[C@@H]2C,1,0,0.2542,0,False
C[C@H]1CN(CC[C@@]1(C)C2=CC(=CC=C2)O)C[C@H](C(C)C)NC(=O)[C@H]3CC4=C(CN3)C=C(C=C4)O,CC(C)[C@@H](CN1CC[C@@](C)(c2cccc(O)c2)[C@@H](C)C1)NC(=O)[C@H]1Cc2ccc(O)cc2CN1,0,1,0.586,1,False
C[C@H]1COc2c3n1cc(c(=O)c3cc(c2N4CC[NH+](CC4)C)F)C(=O)[O-],C[C@H]1COc2c(N3CC[NH+](C)CC3)c(F)cc3c(=O)c(C(=O)[O-])cn1c23,1,0,0.692,1,True
C[N+](C)(C)CCCCCC[NH2+]CC=C,C=CC[NH2+]CCCCCC[N+](C)(C)C,1,0,0.694,1,True
C[N+]1([C@@H]2CC(C[C@H]1[C@H]3[C@@H]2O3)OC(=O)C(c4cccs4)(c5cccs5)O)C,C[N+]1(C)[C@@H]2CC(OC(=O)C(O)(c3cccs3)c3cccs3)C[C@H]1[C@@H]1O[C@@H]12,1,0,0.9,1,True
C[N+]1(C2CCC1CC(C2)OC(=O)C(c3ccccc3)O)C,C[N+]1(C)C2CCC1CC(OC(=O)C(O)c1ccccc1)C2,1,0,0.984,1,True
C[N+]1(CCc2cc(c(c(c2[C@H]1Cc3cc(c(c(c3)OC)OC)OC)OC)OC)OC)CCCOC(=O)CCC(=O)OCCC[N+]4(CCc5cc(c(c(c5[C@@H]4Cc6cc(c(c(c6)OC)OC)OC)OC)OC)OC)C,COc1cc(C[C@@H]2c3c(cc(OC)c(OC)c3OC)CC[N+]2(C)CCCOC(=O)CCC(=O)OCCC[N+]2(C)CCc3cc(OC)c(OC)c(OC)c3[C@@H]2Cc2cc(OC)c(OC)c(OC)c2)cc(OC)c1OC,1,0,0.938,1,True
C[n+]1ccccc1/C=N/O,C[n+]1ccccc1/C=N/O,1,0,0.8833333333333333,1,True
C[NH+](C)[C@H]1[C@@H]2[C@H]([C@@H]3C(=C)c4cccc(c4C(=O)C3=C([C@@]2(C(=O)C(=C1[O-])C(=O)N)O)[O-])[O-])O,C=C1c2cccc([O-])c2C(=O)C2=C([O-])[C@]3(O)C(=O)C(C(N)=O)=C([O-])[C@@H]([NH+](C)C)[C@@H]3[C@@H](O)[C@H]12,1,0,0.5795,1,True
C[NH+](C)[C@H]1[C@@H]2C[C@@H]3[C@@H](c4c(ccc(c4C(=O)C3=C([C@@]2(C(=O)C(=C1[O-])C(=O)N)O)[O-])[O-])Cl)O,C[NH+](C)[C@@H]1C([O-])=C(C(N)=O)C(=O)[C@@]2(O)C([O-])=C3C(=O)c4c([O-])ccc(Cl)c4[C@@H](O)[C@H]3C[C@@H]12,1,0,0.6471666666666668,1,True
C[NH+](C)C[C@H]1CCCC[C@@]1(c2cccc(c2)OC)O,COc1cccc([C@@]2(O)CCCC[C@@H]2C[NH+](C)C)c1,1,0,0.693,1,True
C[NH+](C)CC(c1ccc(cc1)O)C2(CCCCC2)O,C[NH+](C)CC(c1ccc(O)cc1)C1(O)CCCCC1,1,0,0.878,1,True
C[NH+](C)CC(c1ccc(cc1)OC)C2(CCCCC2)O,COc1ccc(C(C[NH+](C)C)C2(O)CCCCC2)cc1,1,0,0.838,1,True
C[NH+](C)CC/C=C\1/c2ccccc2COc3c1cc(cc3)CC(=O)[O-],C[NH+](C)CC/C=C1/c2ccccc2COc2ccc(CC(=O)[O-])cc21,1,0,0.5698,1,True
C[NH+](C)CC/C=C\1/c2ccccc2Sc3c1cc(cc3)Cl,C[NH+](C)CC/C=C1/c2ccccc2Sc2ccc(Cl)cc21,1,0,0.8553333333333334,1,True
C[NH+](C)CC[C@@H](c1ccc(cc1)Br)c2ccccn2,C[NH+](C)CC[C@@H](c1ccc(Br)cc1)c1ccccn1,1,0,0.88,1,True
C[NH+](C)CCC(c1ccc(cc1)Br)c2ccccn2,C[NH+](C)CCC(c1ccc(Br)cc1)c1ccccn1,1,0,0.88,1,True
C[NH+](C)CCC(c1ccc(cc1)Cl)c2ccccn2,C[NH+](C)CCC(c1ccc(Cl)cc1)c1ccccn1,1,0,0.875,1,True
C[NH+](C)CCC(c1ccccc1)(c2ccccc2Cl)O,C[NH+](C)CCC(O)(c1ccccc1)c1ccccc1Cl,1,0,0.8095,1,True
C[NH+](C)CCC(c1ccccc1)c2ccccn2,C[NH+](C)CCC(c1ccccc1)c1ccccn1,1,0,0.894,1,True
C[NH+](C)CCc1c[nH]c2c1cc(cc2)C[C@H]3COC(=O)N3,C[NH+](C)CCc1c[nH]c2ccc(C[C@H]3COC(=O)N3)cc12,1,0,0.7546666666666667,1,True
C[NH+](C)CCc1c[nH]c2c1cc(cc2)Cn3cncn3,C[NH+](C)CCc1c[nH]c2ccc(Cn3cncn3)cc12,1,0,0.8486666666666668,1,True
C[NH+](C)CCc1c[nH]c2c1cc(cc2)CS(=O)(=O)N3CCCC3,C[NH+](C)CCc1c[nH]c2ccc(CS(=O)(=O)N3CCCC3)cc12,1,0,0.83,1,True
C[NH+](C)CCC[C@@]1(c2ccc(cc2CO1)C#N)c3ccc(cc3)F,C[NH+](C)CCC[C@@]1(c2ccc(F)cc2)OCc2cc(C#N)ccc21,1,0,0.738,1,True
C[NH+](C)CCCC1(c2ccc(cc2CO1)C#N)c3ccc(cc3)F,C[NH+](C)CCCC1(c2ccc(F)cc2)OCc2cc(C#N)ccc21,1,0,0.738,1,True
C[NH+](C)CCC=C1c2ccccc2CCc3c1cccc3,C[NH+](C)CCC=C1c2ccccc2CCc2ccccc21,1,0,0.8833333333333333,1,True
C[NH+](C)CCCN1c2ccccc2CCc3c1cc(cc3)Cl,C[NH+](C)CCCN1c2ccccc2CCc2ccc(Cl)cc21,1,0,0.8728333333333333,1,True
C[NH+](C)CCCN1c2ccccc2CCc3c1cccc3,C[NH+](C)CCCN1c2ccccc2CCc2ccccc21,1,0,0.8753333333333334,1,True
C[NH+](C)CCCN1c2ccccc2Sc3c1cc(cc3)C(F)(F)F,C[NH+](C)CCCN1c2ccccc2Sc2ccc(C(F)(F)F)cc21,1,0,0.892,1,True
C[NH+](C)CCCN1c2ccccc2Sc3c1cc(cc3)Cl,C[NH+](C)CCCN1c2ccccc2Sc2ccc(Cl)cc21,1,0,0.8865,1,True
C[NH+](C)CCCN1c2ccccc2Sc3c1cccc3,C[NH+](C)CCCN1c2ccccc2Sc2ccccc21,1,0,0.8843333333333334,1,True
C[NH+](C)CCN(Cc1ccc(cc1)OC)c2ccccn2,COc1ccc(CN(CC[NH+](C)C)c2ccccn2)cc1,1,0,0.8533333333333334,1,True
C[NH+](C)CCN(Cc1ccccc1)c2ccccn2,C[NH+](C)CCN(Cc1ccccc1)c1ccccn1,1,0,0.8733333333333334,1,True
C[NH+](C)CCn1c(nnn1)SCC2=C(N3[C@@H]([C@@H](C3=O)NC(=O)Cc4csc(n4)N)SC2)C(=O)[O-],C[NH+](C)CCn1nnnc1SCC1=C(C(=O)[O-])N2C(=O)[C@@H](NC(=O)Cc3csc(N)n3)[C@H]2SC1,1,0,0.7386666666666666,1,True
C[NH+](C)CCOC(c1ccc(cc1)Cl)c2ccccn2,C[NH+](C)CCOC(c1ccc(Cl)cc1)c1ccccn1,1,0,0.858,1,True
C[NH+](C)CCOC(c1ccccc1)c2ccccc2,C[NH+](C)CCOC(c1ccccc1)c1ccccc1,1,0,0.924,1,True
C[NH+](C)CCOC(=O)C(c1ccccc1)C2(CCCC2)O,C[NH+](C)CCOC(=O)C(c1ccccc1)C1(O)CCCC1,1,0,0.9253333333333332,1,True
C[NH+](C)CCOc1ccc(cc1)/C(=C(/CCCl)\c2ccccc2)/c3ccccc3,C[NH+](C)CCOc1ccc(/C(=C(/CCCl)c2ccccc2)c2ccccc2)cc1,1,0,0.8793333333333334,1,True
C[NH+](C)CCOc1ccc(cc1)CNC(=O)c2cc(c(c(c2)OC)OC)OC,COc1cc(C(=O)NCc2ccc(OCC[NH+](C)C)cc2)cc(OC)c1OC,1,0,0.824,1,True
C[NH+](C/C=C/c1ccccc1)Cc2cccc3c2cccc3,C[NH+](C/C=C/c1ccccc1)Cc1cccc2ccccc12,1,0,0.67,1,True
C[NH+](CC#C)Cc1ccccc1,C#CC[NH+](C)Cc1ccccc1,1,0,0.8707999999999999,1,True
C[NH+](CCc1ccc(cc1)NS(=O)(=O)C)CCOc2ccc(cc2)NS(=O)(=O)C,C[NH+](CCOc1ccc(NS(C)(=O)=O)cc1)CCc1ccc(NS(C)(=O)=O)cc1,1,0,0.76,1,True
C[NH+](CCCl)CCCl,C[NH+](CCCl)CCCl,1,0,0.842,1,True
C[NH+]1[C@@H]2C[C@H](C[C@H]1[C@H]3[C@@H]2O3)OC(=O)[C@H](CO)c4ccccc4,C[NH+]1[C@@H]2C[C@@H](OC(=O)[C@H](CO)c3ccccc3)C[C@H]1[C@@H]1O[C@@H]12,1,0,0.799,1,True
C[NH+]1[C@@H]2CC[C@@H]1CC(C2)OC(c3ccccc3)c4ccccc4,C[NH+]1[C@@H]2CC[C@@H]1CC(OC(c1ccccc1)c1ccccc1)C2,1,0,0.8383333333333334,1,True
C[NH+]1[C@@H]2CC[C@H]1C[C@H](C2)OC(=O)C(CO)c3ccccc3,C[NH+]1[C@@H]2CC[C@H]1C[C@@H](OC(=O)C(CO)c1ccccc1)C2,1,0,0.87,1,True
C[NH+]1C2CC(CC1C3C2O3)OC(=O)C(CO)c4ccccc4,C[NH+]1C2CC(OC(=O)C(CO)c3ccccc3)CC1C1OC12,1,0,0.799,1,True
C[NH+]1C[C@@H]2c3ccccc3Oc4ccc(cc4[C@H]2C1)Cl,C[NH+]1C[C@@H]2c3ccccc3Oc3ccc(Cl)cc3[C@H]2C1,1,0,0.48219047619047617,0,False
C[NH+]1CC[C@@]23C=C[C@@H](C[C@@H]2Oc4c3c(ccc4OC)C1)O,COc1ccc2c3c1O[C@H]1C[C@@H](O)C=C[C@@]31CC[NH+](C)C2,1,0,0.3925,0,False
C[NH+]1CC[C@@]23CCCC[C@@H]2[C@@H]1Cc4c3cc(cc4)OC,COc1ccc2c(c1)[C@]13CCCC[C@@H]1[C@H](C2)[NH+](C)CC3,1,0,0.662,1,True
C[NH+]1CC[C@]23c4c5ccc(c4O[C@H]2[C@H](C=C[C@H]3[C@H]1C5)O)O,C[NH+]1CC[C@]23c4c5ccc(O)c4O[C@H]2[C@@H](O)C=C[C@H]3[C@H]1C5,1,0,0.527,1,True
C[NH+]1CC[C@]23c4c5ccc(c4O[C@H]2[C@H](CC[C@H]3[C@H]1C5)O)OC,COc1ccc2c3c1O[C@H]1[C@@H](O)CC[C@H]4[C@@H](C2)[NH+](C)CC[C@@]341,1,0,0.5123333333333334,1,True
C[NH+]1CC[C@]23c4c5ccc(c4O[C@H]2C(=O)CC[C@]3([C@H]1C5)O)O,C[NH+]1CC[C@]23c4c5ccc(O)c4O[C@H]2C(=O)CC[C@@]3(O)[C@H]1C5,1,0,0.3875,0,False
C[NH+]1CC[C@]23c4c5ccc(c4O[C@H]2C(=O)CC[C@]3([C@H]1C5)O)OC,COc1ccc2c3c1O[C@H]1C(=O)CC[C@@]4(O)[C@@H](C2)[NH+](C)CC[C@]314,1,0,0.47683333333333333,0,False
C[NH+]1CC[C@]23c4c5ccc(c4O[C@H]2C(=O)CC[C@H]3[C@H]1C5)O,C[NH+]1CC[C@]23c4c5ccc(O)c4O[C@H]2C(=O)CC[C@H]3[C@H]1C5,1,0,0.48350000000000004,0,False
C[NH+]1CC[C@]23c4c5ccc(c4O[C@H]2C(=O)CC[C@H]3[C@H]1C5)OC,COc1ccc2c3c1O[C@H]1C(=O)CC[C@H]4[C@@H](C2)[NH+](C)CC[C@]314,1,0,0.5543333333333333,1,True
C[NH+]1CC[C@]23CCCC[C@H]2[C@H]1Cc4c3cc(cc4)O,C[NH+]1CC[C@]23CCCC[C@H]2[C@H]1Cc1ccc(O)cc13,1,0,0.708,1,True
C[NH+]1CCC(C1)CN2c3ccccc3Sc4c2cccc4,C[NH+]1CCC(CN2c3ccccc3Sc3ccccc32)C1,1,0,0.7853333333333332,1,True
C[NH+]1CCC(=C2c3ccccc3CC(=O)c4c2ccs4)CC1,C[NH+]1CCC(=C2c3ccccc3CC(=O)c3sccc32)CC1,1,0,0.7346666666666667,1,True
C[NH+]1CCC(=C2c3ccccc3C=Cc4c2cccc4)CC1,C[NH+]1CCC(=C2c3ccccc3C=Cc3ccccc32)CC1,1,0,0.82,1,True
C[NH+]1CCC(=C2c3ccccc3CCc4c2nccc4)CC1,C[NH+]1CCC(=C2c3ccccc3CCc3cccnc32)CC1,1,0,0.8456,1,True
C[NH+]1CCC(=C2c3ccccc3CCn4c2[nH+]cc4C=O)CC1,C[NH+]1CCC(=C2c3ccccc3CCn3c(C=O)c[nH+]c32)CC1,1,0,0.784,1,True
C[NH+]1CCC(CC1)COc2cc3c(cc2OC)c(ncn3)Nc4ccc(cc4F)Br,COc1cc2c(Nc3ccc(Br)cc3F)ncnc2cc1OCC1CC[NH+](C)CC1,1,0,0.7148,1,True
C[NH+]1CCC(CC1)OC(c2ccccc2)c3ccccc3,C[NH+]1CCC(OC(c2ccccc2)c2ccccc2)CC1,1,0,0.915,1,True
C[NH+]1CCc2cc(c3cc2[C@@H]1Cc4ccc(cc4)Oc5c6c(cc(c5O)OC)CC[N+]([C@@H]6Cc7ccc(c(c7)O3)O)(C)C)OC,COc1cc2c3cc1Oc1cc(ccc1O)C[C@@H]1c4c(cc(OC)c(O)c4Oc4ccc(cc4)C[C@@H]3[NH+](C)CC2)CC[N+]1(C)C,1,0,0.5818,1,True
C[NH+]1CCc2cccc-3c2[C@H]1Cc4c3c(c(cc4)O)O,C[NH+]1CCc2cccc3c2[C@H]1Cc1ccc(O)c(O)c1-3,1,0,0.412,0,False
C[NH+]1CCC[C@@H]1Cc2c[nH]c3c2cc(cc3)CCS(=O)(=O)c4ccccc4,C[NH+]1CCC[C@@H]1Cc1c[nH]c2ccc(CCS(=O)(=O)c3ccccc3)cc12,1,0,0.795,1,True
C[NH+]1CCC[C@H]1c2cccnc2,C[NH+]1CCC[C@H]1c1cccnc1,1,0,0.6307999999999999,1,True
C[NH+]1CCCC(C1)CC2c3ccccc3Sc4c2cccc4,C[NH+]1CCCC(CC2c3ccccc3Sc3ccccc32)C1,1,0,0.6833333333333332,1,True
C[NH+]1CCCC(CC1)n2c(=O)c3ccccc3c(n2)Cc4ccc(cc4)Cl,C[NH+]1CCCC(n2nc(Cc3ccc(Cl)cc3)c3ccccc3c2=O)CC1,1,0,0.8225,1,True
C[NH+]1CCCCC1CCN2c3ccccc3Sc4c2cc(cc4)S(=O)C,C[NH+]1CCCCC1CCN1c2ccccc2Sc2ccc(S(C)=O)cc21,1,0,0.796,1,True
C[NH+]1CCCCC1CCN2c3ccccc3Sc4c2cc(cc4)SC,CSc1ccc2c(c1)N(CCC1CCCC[NH+]1C)c1ccccc1S2,1,0,0.767,1,True
C[NH+]1CCN(CC1)C(c2ccccc2)c3ccccc3,C[NH+]1CCN(C(c2ccccc2)c2ccccc2)CC1,1,0,0.916,1,True
C[NH+]1CCN(CC1)C(=O)O[C@H]2c3c(nccn3)C(=O)N2c4ccc(cn4)Cl,C[NH+]1CCN(C(=O)O[C@H]2c3nccnc3C(=O)N2c2ccc(Cl)cn2)CC1,1,0,0.8443333333333334,1,True
C[NH+]1CCN(CC1)C2=[NH+]c3cc(ccc3Nc4c2cccc4)Cl,C[NH+]1CCN(C2=[NH+]c3cc(Cl)ccc3Nc3ccccc32)CC1,1,0,0.8093333333333333,1,True
C[NH+]1CCN(CC1)C2=[NH+]c3ccccc3Oc4c2cc(cc4)Cl,C[NH+]1CCN(C2=[NH+]c3ccccc3Oc3ccc(Cl)cc32)CC1,1,0,0.7241666666666667,1,True
C[NH+]1CCN(CC1)CC/C=C\2/c3ccccc3Sc4c2cc(cc4)S(=O)(=O)N(C)C,CN(C)S(=O)(=O)c1ccc2c(c1)/C(=C\CCN1CC[NH+](C)CC1)c1ccccc1S2,1,0,0.896,1,True
C[NH+]1CCN(CC1)CCCN2c3ccccc3Sc4c2cc(cc4)C(F)(F)F,C[NH+]1CCN(CCCN2c3ccccc3Sc3ccc(C(F)(F)F)cc32)CC1,1,0,0.96,1,True
C[NH+]1CCN(CC1)CCCN2c3ccccc3Sc4c2cc(cc4)Cl,C[NH+]1CCN(CCCN2c3ccccc3Sc3ccc(Cl)cc32)CC1,1,0,0.9663333333333334,1,True
C[NH+]1CCN2c3c(cccn3)Cc4ccccc4C2C1,C[NH+]1CCN2c3ncccc3Cc3ccccc3C2C1,1,0,0.5811523809523809,1,True
C[NH2+]/C(=C\[N+](=O)[O-])/NCCSCc1ccc(o1)C[NH+](C)C,C[NH2+]/C(=C\[N+](=O)[O-])NCCSCc1ccc(C[NH+](C)C)o1,1,0,0.606,1,True
C[NH2+][C@@H]1CCc2c(c3cc(ccc3[nH]2)C(=O)N)C1,C[NH2+][C@@H]1CCc2[nH]c3ccc(C(N)=O)cc3c2C1,1,0,0.8326666666666668,1,True
C[NH2+][C@H]1CC[C@H](c2c1cccc2)c3ccc(c(c3)Cl)Cl,C[NH2+][C@H]1CC[C@@H](c2ccc(Cl)c(Cl)c2)c2ccccc21,1,0,0.6633285714285713,1,True
C[NH2+]C1(CCCCC1=O)c2ccccc2Cl,C[NH2+]C1(c2ccccc2Cl)CCCCC1=O,1,0,0.858,1,True
C[NH2+]C[C@@H]([C@H]([C@@H]([C@@H](CO)O)O)O)O,C[NH2+]C[C@H](O)[C@@H](O)[C@H](O)[C@H](O)CO,1,0,0.8633333333333334,1,True
C[NH2+]C[C@@H](c1ccc(c(c1)O)O)O,C[NH2+]C[C@H](O)c1ccc(O)c(O)c1,1,0,0.88,1,True
C[NH2+]C[C@@H](c1cccc(c1)O)O,C[NH2+]C[C@H](O)c1cccc(O)c1,1,0,0.816,1,True
C[NH2+]CC[C@@H](c1cccs1)Oc2cccc3c2cccc3,C[NH2+]CC[C@H](Oc1cccc2ccccc12)c1cccs1,1,0,0.694,1,True
C[NH2+]CCC(c1ccccc1)Oc2ccc(cc2)C(F)(F)F,C[NH2+]CCC(Oc1ccc(C(F)(F)F)cc1)c1ccccc1,1,0,0.888,1,True
C[NH2+]CCCC12CCC(c3c1cccc3)c4c2cccc4,C[NH2+]CCCC12CCC(c3ccccc31)c1ccccc12,1,0,0.838,1,True
C[NH2+]CCCC1c2ccccc2C=Cc3c1cccc3,C[NH2+]CCCC1c2ccccc2C=Cc2ccccc21,1,0,0.816,1,True
C[NH2+]CCCN1c2ccccc2CCc3c1cccc3,C[NH2+]CCCN1c2ccccc2CCc2ccccc21,1,0,0.878,1,True
CC#CCC(C)[C@@H](/C=C/[C@H]1[C@@H](C[C@H]2[C@@H]1C/C(=C/CCCC(=O)[O-])/C2)O)O,CC#CCC(C)[C@H](O)/C=C/[C@@H]1[C@H]2C/C(=C/CCCC(=O)[O-])C[C@H]2C[C@H]1O,1,0,0.532,1,True
CC#CCn1c2c(nc1N3CCC[C@H](C3)[NH3+])n(c(=O)n(c2=O)Cc4nc(c5ccccc5n4)C)C,CC#CCn1c(N2CCC[C@@H]([NH3+])C2)nc2c1c(=O)n(Cc1nc(C)c3ccccc3n1)c(=O)n2C,1,0,0.694,1,True
CC([C@H]1CC[C@@H](CC1)C(=O)N[C@@H](C(=O)[O-])Cc2ccccc2)C,CC(C)[C@H]1CC[C@H](C(=O)N[C@H](Cc2ccccc2)C(=O)[O-])CC1,1,0,0.512,1,True
CC(C(C)(C)C)/N=C(\NC#N)/Nc1cc[nH+]cc1,CC(/N=C(\NC#N)Nc1cc[nH+]cc1)C(C)(C)C,1,0,0.716,1,True
CC(C(c1cc(ccc1OC)OC)O)[NH3+],COc1ccc(OC)c(C(O)C(C)[NH3+])c1,1,0,0.543,1,True
CC(C(=O)[O-])O,CC(O)C(=O)[O-],1,0,0.046,0,False
CC(C(=O)c1cccc(c1)Cl)[NH2+]C(C)(C)C,CC([NH2+]C(C)(C)C)C(=O)c1cccc(Cl)c1,1,0,0.792,1,True
CC(C(=O)NCC(=O)[O-])S,CC(S)C(=O)NCC(=O)[O-],1,0,0.234,0,False
CC(C(=O)O)O.CN1CCN(CC1)C2=CC3=C(C=C2)N/C(=C\4/C(=C5C(=NC4=O)C=CC=C5F)N)/N3.O,CC(O)C(=O)O.CN1CCN(c2ccc3c(c2)N/C(=C2/C(=O)N=c4cccc(F)c4=C2N)N3)CC1.O,0,1,0.7167,1,False
CC(C)([C@H](C(=O)[O-])[NH3+])S,CC(C)(S)[C@@H]([NH3+])C(=O)[O-],1,0,0.1075,0,False
CC(C)(C#N)C1=CC=C(C=C1)N2C3=C4C=C(C=CC4=NC=C3N(C2=O)C)C5=CC6=CC=CC=C6N=C5,Cn1c(=O)n(-c2ccc(C(C)(C)C#N)cc2)c2c3cc(-c4cnc5ccccc5c4)ccc3ncc21,0,1,0.4798333333333334,0,True
CC(C)(C(=O)[O-])O/N=C(/c1csc(n1)N)\C(=O)N[C@H]2[C@@H]3N(C2=O)C(=C(CS3)C[n+]4ccccc4)C(=O)[O-],CC(C)(O/N=C(\C(=O)N[C@@H]1C(=O)N2C(C(=O)[O-])=C(C[n+]3ccccc3)CS[C@H]12)c1csc(N)n1)C(=O)[O-],1,0,0.38280000000000003,0,False
CC(C)(C(=O)[O-])Oc1ccc(cc1)C(=O)c2ccc(cc2)Cl,CC(C)(Oc1ccc(C(=O)c2ccc(Cl)cc2)cc1)C(=O)[O-],1,0,0.594,1,True
CC(C)(C(=O)NCCS(=O)(=O)[O-])Oc1ccc(cc1)C(=O)c2ccc(cc2)Cl,CC(C)(Oc1ccc(C(=O)c2ccc(Cl)cc2)cc1)C(=O)NCCS(=O)(=O)[O-],1,0,0.713,1,True
CC(C)(C)[NH2+]C[C@@H](c1ccc(c(c1)CO)O)O,CC(C)(C)[NH2+]C[C@H](O)c1ccc(O)c(CO)c1,1,0,0.8075,1,True
CC(C)(C)[NH2+]C[C@@H](COc1c(nsn1)N2CCOCC2)O,CC(C)(C)[NH2+]C[C@H](O)COc1nsnc1N1CCOCC1,1,0,0.612,1,True
CC(C)(C)[NH2+]C[C@@H](COc1cccc2c1CCCC2=O)O,CC(C)(C)[NH2+]C[C@H](O)COc1cccc2c1CCCC2=O,1,0,0.8013333333333333,1,True
CC(C)(C)[NH2+]C[C@@H](COc1ccccc1C2CCCC2)O,CC(C)(C)[NH2+]C[C@H](O)COc1ccccc1C1CCCC1,1,0,0.862,1,True
CC(C)(C)[NH2+]CC(c1cc(cc(c1)O)O)O,CC(C)(C)[NH2+]CC(O)c1cc(O)cc(O)c1,1,0,0.7115,1,True
CC(C)(C)[NH2+]CC(c1ccc(c(c1)CO)O)O,CC(C)(C)[NH2+]CC(O)c1ccc(O)c(CO)c1,1,0,0.8075,1,True
CC(C)(C)[NH2+]CC(c1ccc(c(n1)CO)O)O,CC(C)(C)[NH2+]CC(O)c1ccc(O)c(CO)n1,1,0,0.7515,1,True
CC(C)(C)[NH2+]CC(COc1cccc2c1C[C@@H]([C@@H](C2)O)O)O,CC(C)(C)[NH2+]CC(O)COc1cccc2c1C[C@H](O)[C@H](O)C2,1,0,0.774,1,True
CC(C)(C)[NH2+]CC(COc1cccc2c1CCC(=O)N2)O,CC(C)(C)[NH2+]CC(O)COc1cccc2c1CCC(=O)N2,1,0,0.8313333333333334,1,True
CC(C)(C)[NH2+]CC(=O)Nc1cc(c2c(c1[O-])C(=O)C3=C([C@]4([C@@H](C[C@@H]3C2)[C@@H](C(=C(C4=O)C(=O)N)[O-])[NH+](C)C)O)[O-])N(C)C,CN(C)c1cc(NC(=O)C[NH2+]C(C)(C)C)c([O-])c2c1C[C@H]1C[C@H]3[C@H]([NH+](C)C)C([O-])=C(C(N)=O)C(=O)[C@@]3(O)C([O-])=C1C2=O,1,0,0.636,1,True
CC(C)(C)C#C/C=C/C[NH+](C)Cc1cccc2c1cccc2,C[NH+](C/C=C/C#CC(C)(C)C)Cc1cccc2ccccc12,1,0,0.636,1,True
CC(C)(C)C(=O)Oc1ccc(cc1OC(=O)C(C)(C)C)C(C[NH2+]C)O,C[NH2+]CC(O)c1ccc(OC(=O)C(C)(C)C)c(OC(=O)C(C)(C)C)c1,1,0,0.838,1,True
CC(C)(C)c1ccc(cc1)C[NH+]2CCN(CC2)C(c3ccccc3)c4ccc(cc4)Cl,CC(C)(C)c1ccc(C[NH+]2CCN(C(c3ccccc3)c3ccc(Cl)cc3)CC2)cc1,1,0,0.902,1,True
CC(C)(C)c1ccc(cc1)S(=O)(=O)[N-]c2c(c(nc(n2)c3ncccn3)OCCO)Oc4ccccc4OC,COc1ccccc1Oc1c([N-]S(=O)(=O)c2ccc(C(C)(C)C)cc2)nc(-c2ncccn2)nc1OCCO,1,0,0.761,1,True
CC(C)(C)CC(C)(C)c1ccc(cc1)O,CC(C)(C)CC(C)(C)c1ccc(O)cc1,1,0,0.8473333333333333,1,True
CC(C)(C)NC(=O)[C@@H]1C[C@@H]2CCCC[C@@H]2C[NH+]1C[C@H]([C@H](Cc3ccccc3)NC(=O)[C@H](CC(=O)N)NC(=O)c4ccc5ccccc5n4)O,CC(C)(C)NC(=O)[C@@H]1C[C@@H]2CCCC[C@@H]2C[NH+]1C[C@@H](O)[C@H](Cc1ccccc1)NC(=O)[C@H](CC(N)=O)NC(=O)c1ccc2ccccc2n1,1,0,0.636,1,True
CC(C)(C)NC(=O)[C@@H]1CN(CC[NH+]1C[C@H](C[C@@H](Cc2ccccc2)C(=O)N[C@H]3c4ccccc4C[C@H]3O)O)Cc5cccnc5,CC(C)(C)NC(=O)[C@@H]1CN(Cc2cccnc2)CC[NH+]1C[C@@H](O)C[C@@H](Cc1ccccc1)C(=O)N[C@H]1c2ccccc2C[C@H]1O,1,0,0.757,1,True
CC(C)(c1ccc(cc1)C(CCC[NH+]2CCC(CC2)C(c3ccccc3)(c4ccccc4)O)O)C(=O)[O-],CC(C)(C(=O)[O-])c1ccc(C(O)CCC[NH+]2CCC(C(O)(c3ccccc3)c3ccccc3)CC2)cc1,1,0,0.692,1,True
CC(C)(c1ccccc1CC[C@H](c2cccc(c2)/C=C/c3ccc4ccc(cc4n3)Cl)SCC5(CC5)CC(=O)[O-])O,CC(C)(O)c1ccccc1CC[C@@H](SCC1(CC(=O)[O-])CC1)c1cccc(/C=C/c2ccc3ccc(Cl)cc3n2)c1,1,0,0.664,1,True
CC(C)(Cc1ccc(cc1)Cl)[NH3+],CC(C)([NH3+])Cc1ccc(Cl)cc1,1,0,0.904,1,True
CC(C)(Cc1ccccc1)[NH2+]C,C[NH2+]C(C)(C)Cc1ccccc1,1,0,0.9015,1,True
CC(C)(Cc1ccccc1)[NH3+],CC(C)([NH3+])Cc1ccccc1,1,0,0.9335,1,True
CC(C)(CO)[C@H](C(=O)NCCC(=O)[O-])O,CC(C)(CO)[C@@H](O)C(=O)NCCC(=O)[O-],1,0,0.448,0,False
CC(C)/[NH+]=C(\N)/[NH+]=C(\N)/Nc1ccc(cc1)Cl,CC(C)/[NH+]=C(N)/[NH+]=C(\N)Nc1ccc(Cl)cc1,1,0,0.7433333333333334,1,True
CC(C)[C@@H](C(=O)OCC(CO)OCn1cnc2c1[nH]c(nc2=O)N)[NH3+],CC(C)[C@H]([NH3+])C(=O)OCC(CO)OCn1cnc2c(=O)nc(N)[nH]c21,1,0,0.812,1,True
CC(C)[C@@H](C(=O)OCCOCn1cnc2c1nc([nH]c2=O)N)[NH3+],CC(C)[C@H]([NH3+])C(=O)OCCOCn1cnc2c(=O)[nH]c(N)nc21,1,0,0.91,1,True
CC(C)[C@@H](C(=O)OCCOCN1C=NC2=C1NC(=NC2=O)N)N,CC(C)[C@H](N)C(=O)OCCOCn1cnc2c(=O)nc(N)[nH]c21,0,1,0.93,1,False
CC(C)[C@@H](Cc1ccc(c(c1)OCCCOC)OC)C[C@@H]([C@H](C[C@@H](C(C)C)C(=O)NCC(C)(C)C(=O)N)O)[NH3+],COCCCOc1cc(C[C@@H](C[C@H]([NH3+])[C@@H](O)C[C@H](C(=O)NCC(C)(C)C(N)=O)C(C)C)C(C)C)ccc1OC,1,0,0.6305,1,True
CC(C)[C@]1(CC(=NO1)C2=NC=CC3=CC=CC=C32)C(=O)N[C@H]4CC(=O)O[C@@]4(CF)O,CC(C)[C@@]1(C(=O)N[C@H]2CC(=O)O[C@]2(O)CF)CC(c2nccc3ccccc23)=NO1,0,1,0.4988,0,True
CC(C)[N+]1([C@@H]2CC[C@@H]1CC(C2)OC(=O)C(CO)c3ccccc3)C,CC(C)[N+]1(C)[C@@H]2CC[C@@H]1CC(OC(=O)C(CO)c1ccccc1)C2,1,0,0.968,1,True
CC(C)[NH+](CCC(c1ccccc1)(c2ccccn2)C(=O)N)C(C)C,CC(C)[NH+](CCC(C(N)=O)(c1ccccc1)c1ccccn1)C(C)C,1,0,0.878,1,True
CC(C)[NH+]1CCN(CC1)c2ccc(cc2)OC[C@H]3CO[C@](O3)(Cn4cncn4)c5ccc(cc5Cl)Cl,CC(C)[NH+]1CCN(c2ccc(OC[C@H]3CO[C@](Cn4cncn4)(c4ccc(Cl)cc4Cl)O3)cc2)CC1,1,0,0.8351761904761904,1,True
CC(C)[NH2+]C(C)Cc1ccc(cc1)[123I],CC(C)[NH2+]C(C)Cc1ccc([123I])cc1,1,0,0.712,1,True
CC(C)[NH2+]C[C@@H](COc1ccc(cc1)CCOCC2CC2)O,CC(C)[NH2+]C[C@H](O)COc1ccc(CCOCC2CC2)cc1,1,0,0.8494666666666667,1,True
CC(C)[NH2+]CC(c1cc(cc(c1)O)O)O,CC(C)[NH2+]CC(O)c1cc(O)cc(O)c1,1,0,0.702,1,True
CC(C)[NH2+]CC(c1ccc(c(c1)O)O)O,CC(C)[NH2+]CC(O)c1ccc(O)c(O)c1,1,0,0.902,1,True
CC(C)[NH2+]CC(c1ccc(cc1)NS(=O)(=O)C)O,CC(C)[NH2+]CC(O)c1ccc(NS(C)(=O)=O)cc1,1,0,0.862,1,True
CC(C)[NH2+]CC(COc1ccc(cc1)CC(=O)N)O,CC(C)[NH2+]CC(O)COc1ccc(CC(N)=O)cc1,1,0,0.828,1,True
CC(C)[NH2+]CC(COc1ccc(cc1)CCC(=O)OC)O,COC(=O)CCc1ccc(OCC(O)C[NH2+]C(C)C)cc1,1,0,0.775,1,True
CC(C)[NH2+]CC(COc1ccc(cc1)CCOC)O,COCCc1ccc(OCC(O)C[NH2+]C(C)C)cc1,1,0,0.8278000000000001,1,True
CC(C)[NH2+]CC(COc1ccc(cc1)CCOCC2CC2)O,CC(C)[NH2+]CC(O)COc1ccc(CCOCC2CC2)cc1,1,0,0.8494666666666667,1,True
CC(C)[NH2+]CC(COc1ccc(cc1)COCCOC(C)C)O,CC(C)[NH2+]CC(O)COc1ccc(COCCOC(C)C)cc1,1,0,0.8388000000000001,1,True
CC(C)[NH2+]CC(COc1cccc2c1cc[nH]2)O,CC(C)[NH2+]CC(O)COc1cccc2[nH]ccc12,1,0,0.8916000000000001,1,True
CC(C)[NH2+]CC(COc1cccc2c1cccc2)O,CC(C)[NH2+]CC(O)COc1cccc2ccccc12,1,0,0.9036000000000001,1,True
CC(C)[NH2+]CC(COc1ccccc1OCC=C)O,C=CCOc1ccccc1OCC(O)C[NH2+]C(C)C,1,0,0.6617999999999999,1,True
CC(C)[NH2+]CC1CCc2cc(c(cc2N1)[N+](=O)[O-])CO,CC(C)[NH2+]CC1CCc2cc(CO)c([N+](=O)[O-])cc2N1,1,0,0.536,1,True
CC(C)[NH2+]CCCC1(c2ccccc2-c3c1cccc3)C(=O)N,CC(C)[NH2+]CCCC1(C(N)=O)c2ccccc2-c2ccccc21,1,0,0.862,1,True
CC(C)C(CCC[NH+](C)CCc1ccc(c(c1)OC)OC)(C#N)c2ccc(c(c2)OC)OC,COc1ccc(CC[NH+](C)CCCC(C#N)(c2ccc(OC)c(OC)c2)C(C)C)cc1OC,1,0,0.648,1,True
CC(C)C(=O)OC(C)OC(=O)NCC1(CCCCC1)CC(=O)[O-],CC(OC(=O)NCC1(CC(=O)[O-])CCCCC1)OC(=O)C(C)C,1,0,0.418,0,False
CC(C)C(=O)Oc1ccc(cc1[C@H](CC[NH+](C(C)C)C(C)C)c2ccccc2)CO,CC(C)C(=O)Oc1ccc(CO)cc1[C@H](CC[NH+](C(C)C)C(C)C)c1ccccc1,1,0,0.74,1,True
CC(C)c1c(c(c(c(n1)C(C)C)/C=C/[C@H](C[C@H](CC(=O)[O-])O)O)c2ccc(cc2)F)COC,COCc1c(C(C)C)nc(C(C)C)c(/C=C/[C@@H](O)C[C@@H](O)CC(=O)[O-])c1-c1ccc(F)cc1,1,0,0.3442928571428571,0,False
CC(C)c1c(c(c(n1CC[C@H](C[C@H](CC(=O)[O-])O)O)c2ccc(cc2)F)c3ccccc3)C(=O)Nc4ccccc4,CC(C)c1c(C(=O)Nc2ccccc2)c(-c2ccccc2)c(-c2ccc(F)cc2)n1CC[C@@H](O)C[C@@H](O)CC(=O)[O-],1,0,0.6753333333333333,1,True
CC(C)c1c(c(nc(n1)N(C)S(=O)(=O)C)c2ccc(cc2)F)/C=C/[C@H](C[C@H](CC(=O)[O-])O)O,CC(C)c1nc(N(C)S(C)(=O)=O)nc(-c2ccc(F)cc2)c1/C=C/[C@@H](O)C[C@@H](O)CC(=O)[O-],1,0,0.574,1,True
CC(C)c1ccc2c(c1)c(=O)c3cc(c(nc3o2)N)C(=O)[O-],CC(C)c1ccc2oc3nc(N)c(C(=O)[O-])cc3c(=O)c2c1,1,0,0.72,1,True
CC(C)c1cccc(c1NC(=O)C[NH+](CC(=O)[O-])CC(=O)[O-])C(C)C,CC(C)c1cccc(C(C)C)c1NC(=O)C[NH+](CC(=O)[O-])CC(=O)[O-],1,0,0.547,1,True
CC(C)c1cccc(c1OCOP(=O)([O-])[O-])C(C)C,CC(C)c1cccc(C(C)C)c1OCOP(=O)([O-])[O-],1,0,0.5986666666666667,1,True
CC(C)C[C@@H](C(=O)N[C@@H](CCC[NH+]=C(N)N)C(=O)N1CCC[C@H]1C(=O)NCC(=O)N)NC(=O)[C@@H](Cc2c[nH]c3c2cccc3)NC(=O)[C@H](Cc4ccc(cc4)O)NC(=O)[C@H](CO)NC(=O)[C@H](Cc5c[nH]c6c5cccc6)NC(=O)[C@H](Cc7cnc[nH]7)NC(=O)[C@@H]8CCC(=O)N8,CC(C)C[C@H](NC(=O)[C@@H](Cc1c[nH]c2ccccc12)NC(=O)[C@H](Cc1ccc(O)cc1)NC(=O)[C@H](CO)NC(=O)[C@H](Cc1c[nH]c2ccccc12)NC(=O)[C@H](Cc1cnc[nH]1)NC(=O)[C@@H]1CCC(=O)N1)C(=O)N[C@@H](CCC[NH+]=C(N)N)C(=O)N1CCC[C@H]1C(=O)NCC(N)=O,1,0,0.8575,1,True
CC(C)C[C@@H](C(=O)N[C@@H](CCCNC(=[NH2+])N)C(=O)N1CCC[C@H]1C(=O)NCC(=O)N)NC(=O)CNC(=O)[C@H](Cc2ccc(cc2)O)NC(=O)[C@H](CO)NC(=O)[C@H](Cc3c[nH]c4c3cccc4)NC(=O)[C@H](Cc5c[nH]cn5)NC(=O)[C@@H]6CCC(=O)N6,CC(C)C[C@H](NC(=O)CNC(=O)[C@H](Cc1ccc(O)cc1)NC(=O)[C@H](CO)NC(=O)[C@H](Cc1c[nH]c2ccccc12)NC(=O)[C@H](Cc1c[nH]cn1)NC(=O)[C@@H]1CCC(=O)N1)C(=O)N[C@@H](CCCNC(N)=[NH2+])C(=O)N1CCC[C@H]1C(=O)NCC(N)=O,1,0,0.946,1,True
CC(C)C[C@@H](C(=O)N[C@@H](CCCN=C(N)N)C(=O)N1CCC[C@H]1C(=O)NNC(=O)N)NC(=O)[C@@H](COC(C)(C)C)NC(=O)[C@H](CC2=CC=C(C=C2)O)NC(=O)[C@H](CO)NC(=O)[C@H](CC3=CNC4=CC=CC=C43)NC(=O)[C@H](CC5=CN=CN5)NC(=O)[C@@H]6CCC(=O)N6,CC(C)C[C@H](NC(=O)[C@@H](COC(C)(C)C)NC(=O)[C@H](Cc1ccc(O)cc1)NC(=O)[C@H](CO)NC(=O)[C@H](Cc1c[nH]c2ccccc12)NC(=O)[C@H](Cc1cnc[nH]1)NC(=O)[C@@H]1CCC(=O)N1)C(=O)N[C@@H](CCCN=C(N)N)C(=O)N1CCC[C@H]1C(=O)NNC(N)=O,0,1,0.8326666666666668,1,False
CC(C)C[C@@H](CC(=O)[O-])C[NH3+],CC(C)C[C@H](C[NH3+])CC(=O)[O-],1,0,0.2,0,False
CC(C)C[C@H]1C(=O)N2CCC[C@H]2[C@]3(N1C(=O)[C@](O3)(C(C)C)NC(=O)[C@H]4C[NH+]([C@@H]5Cc6c7c(cccc7[nH]c6Br)C5=C4)C)O,CC(C)C[C@H]1C(=O)N2CCC[C@H]2[C@]2(O)O[C@](NC(=O)[C@@H]3C=C4c5cccc6[nH]c(Br)c(c56)C[C@H]4[NH+](C)C3)(C(C)C)C(=O)N12,1,0,0.6836666666666666,1,True
CC(C)CC(C(=O)NC(CCC[NH+]=C(N)N)C(=O)N1CCCC1C(=O)NNC(=O)N)NC(=O)C(COC(C)(C)C)NC(=O)C(Cc2ccc(cc2)O)NC(=O)C(CO)NC(=O)C(Cc3c[nH]c4c3cccc4)NC(=O)C(Cc5cnc[nH]5)NC(=O)C6CCC(=O)N6,CC(C)CC(NC(=O)C(COC(C)(C)C)NC(=O)C(Cc1ccc(O)cc1)NC(=O)C(CO)NC(=O)C(Cc1c[nH]c2ccccc12)NC(=O)C(Cc1cnc[nH]1)NC(=O)C1CCC(=O)N1)C(=O)NC(CCC[NH+]=C(N)N)C(=O)N1CCCC1C(=O)NNC(N)=O,1,0,0.8575,1,True
CC(C)CC(C(=O)NC(CCCNC(=[NH2+])N)C(=O)N1CCCC1C(=O)NCC(=O)N)NC(=O)C(Cc2ccc3ccccc3c2)NC(=O)C(Cc4ccc(cc4)O)NC(=O)C(CO)NC(=O)C(Cc5c[nH]c6c5cccc6)NC(=O)C(Cc7c[nH]cn7)NC(=O)C8CCC(=O)N8,CC(C)CC(NC(=O)C(Cc1ccc2ccccc2c1)NC(=O)C(Cc1ccc(O)cc1)NC(=O)C(CO)NC(=O)C(Cc1c[nH]c2ccccc12)NC(=O)C(Cc1c[nH]cn1)NC(=O)C1CCC(=O)N1)C(=O)NC(CCCNC(N)=[NH2+])C(=O)N1CCCC1C(=O)NCC(N)=O,1,0,0.95,1,True
CC(C)CC(C1(CCC1)c2ccc(cc2)Cl)[NH+](C)C,CC(C)CC([NH+](C)C)C1(c2ccc(Cl)cc2)CCC1,1,0,0.806,1,True
CC(C)CC1C[NH+]2CCc3cc(c(cc3C2CC1=O)OC)OC,COc1cc2c(cc1OC)C1CC(=O)C(CC(C)C)C[NH+]1CC2,1,0,0.644,1,True
CC(C)Cc1ccc(cc1)C(C)C(=O)[O-],CC(C)Cc1ccc(C(C)C(=O)[O-])cc1,1,0,0.534,1,True
CC(C)CN(C[C@H]([C@H](Cc1ccccc1)NC(=O)O[C@H]2CCOC2)OP(=O)([O-])[O-])S(=O)(=O)c3ccc(cc3)N,CC(C)CN(C[C@@H](OP(=O)([O-])[O-])[C@H](Cc1ccccc1)NC(=O)O[C@H]1CCOC1)S(=O)(=O)c1ccc(N)cc1,1,0,0.594,1,True
CC(C)CNCC1=CC=C(C=C1)C2=CC=CC=C2S(=O)(=O)N3CCCC3,CC(C)CNCc1ccc(-c2ccccc2S(=O)(=O)N2CCCC2)cc1,0,1,0.534,1,False
CC(C)COC(=O)NCCC(=O)N[C@@H](Cc1c[nH]c2c1cccc2)C(=O)N[C@@H](CCSC)C(=O)N[C@@H](CC(=O)[O-])C(=O)N[C@@H](Cc3ccccc3)C(=O)N,CSCC[C@H](NC(=O)[C@H](Cc1c[nH]c2ccccc12)NC(=O)CCNC(=O)OCC(C)C)C(=O)N[C@@H](CC(=O)[O-])C(=O)N[C@@H](Cc1ccccc1)C(N)=O,1,0,0.706,1,True
CC(C)COCC(CN(Cc1ccccc1)c2ccccc2)[NH+]3CCCC3,CC(C)COCC(CN(Cc1ccccc1)c1ccccc1)[NH+]1CCCC1,1,0,0.852,1,True
CC(C)n1c2ccccc2c(c1/C=C/[C@@H](C[C@@H](CC(=O)[O-])O)O)c3ccc(cc3)F,CC(C)n1c(/C=C/[C@H](O)C[C@H](O)CC(=O)[O-])c(-c2ccc(F)cc2)c2ccccc21,1,0,0.38816666666666666,0,False
CC(C12CC3CC(C1)CC(C3)C2)[NH3+],CC([NH3+])C12CC3CC(CC(C3)C1)C2,1,0,0.6085238095238096,1,True
CC(C1C(=O)NC(CSSCC(C(=O)NC(C(=O)NC(C(=O)NC(C(=O)N1)CCCC[NH3+])Cc2c[nH]c3c2cccc3)Cc4ccccc4)NC(=O)C(Cc5ccccc5)[NH3+])C(=O)NC(CO)C(C)O)O,CC(O)C(CO)NC(=O)C1CSSCC(NC(=O)C([NH3+])Cc2ccccc2)C(=O)NC(Cc2ccccc2)C(=O)NC(Cc2c[nH]c3ccccc23)C(=O)NC(CCCC[NH3+])C(=O)NC(C(C)O)C(=O)N1,1,0,0.7732,1,True
CC(c1ccc(c(c1)F)c2ccccc2)C(=O)[O-],CC(C(=O)[O-])c1ccc(-c2ccccc2)c(F)c1,1,0,0.563,1,True
CC(C1CCC(C(O1)OC2C(CC(C(C2O)OC3C(C(C(CO3)(C)O)[NH2+]C)O)[NH3+])[NH3+])[NH3+])[NH2+]C,C[NH2+]C(C)C1CCC([NH3+])C(OC2C([NH3+])CC([NH3+])C(OC3OCC(C)(O)C([NH2+]C)C3O)C2O)O1,1,0,0.3091666666666667,0,False
CC(c1ccc(cc1)C(=O)c2cccs2)C(=O)[O-],CC(C(=O)[O-])c1ccc(C(=O)c2cccs2)cc1,1,0,0.62,1,True
CC(c1cccc(c1)C(=O)c2ccccc2)C(=O)[O-],CC(C(=O)[O-])c1cccc(C(=O)c2ccccc2)c1,1,0,0.705,1,True
CC(c1cccc(c1)Oc2ccccc2)C(=O)[O-],CC(C(=O)[O-])c1cccc(Oc2ccccc2)c1,1,0,0.728,1,True
CC(c1ccccc1)(c2ccccn2)OCC[NH+](C)C,C[NH+](C)CCOC(C)(c1ccccc1)c1ccccn1,1,0,0.848,1,True
CC(C[NH2+]C1CCCCC1)OC(=O)c2ccccc2,CC(C[NH2+]C1CCCCC1)OC(=O)c1ccccc1,1,0,0.8455,1,True
CC(Cc1ccc(cc1)O)[NH3+],CC([NH3+])Cc1ccc(O)cc1,1,0,0.726,1,True
CC(Cc1ccc(cc1)OC)[NH2+]CC(c2ccc(c(c2)NC=O)O)O,COc1ccc(CC(C)[NH2+]CC(O)c2ccc(O)c(NC=O)c2)cc1,1,0,0.7803333333333333,1,True
CC(Cc1ccc2c(c1)OCO2)[NH2+]CC(c3ccc(c(c3)O)O)O,CC(Cc1ccc2c(c1)OCO2)[NH2+]CC(O)c1ccc(O)c(O)c1,1,0,0.755,1,True
CC(Cc1ccccc1)[NH+](C)Cc2ccccc2,CC(Cc1ccccc1)[NH+](C)Cc1ccccc1,1,0,0.89,1,True
CC(Cc1ccccc1)[NH2+]C,C[NH2+]C(C)Cc1ccccc1,1,0,0.884,1,True
CC(Cc1ccccc1)[NH3+],CC([NH3+])Cc1ccccc1,1,0,0.9041666666666667,1,True
CC(CCc1ccc(cc1)O)[NH2+]CCc2ccc(c(c2)O)O,CC(CCc1ccc(O)cc1)[NH2+]CCc1ccc(O)c(O)c1,1,0,0.734,1,True
CC(CCc1ccccc1)[NH2+]CC(c2ccc(c(c2)C(=O)N)O)O,CC(CCc1ccccc1)[NH2+]CC(O)c1ccc(O)c(C(N)=O)c1,1,0,0.87,1,True
CC(CCC[NH3+])Nc1cc(cc2c1nccc2)OC,COc1cc(NC(C)CCC[NH3+])c2ncccc2c1,1,0,0.752,1,True
CC(CN(c1c(cc(c(c1I)N)I)I)C(=O)C)C(=O)[O-],CC(=O)N(CC(C)C(=O)[O-])c1c(I)cc(I)c(N)c1I,1,0,0.504,1,True
CC(CN1c2ccccc2CCc3c1cccc3)C[NH+](C)C,CC(CN1c2ccccc2CCc2ccccc21)C[NH+](C)C,1,0,0.8792000000000001,1,True
CC(CN1c2ccccc2Sc3c1cccc3)[NH+](C)C,CC(CN1c2ccccc2Sc2ccccc21)[NH+](C)C,1,0,0.936,1,True
CC(CN1c2ccccc2Sc3c1cccc3)C[NH+](C)C,CC(CN1c2ccccc2Sc2ccccc21)C[NH+](C)C,1,0,0.92,1,True
CC(CN1CC[NH+](CCN(CCN(CC1)CC(=O)[O-])CC(=O)[O-])CC(=O)[O-])O,CC(O)CN1CCN(CC(=O)[O-])CCN(CC(=O)[O-])CC[NH+](CC(=O)[O-])CC1,1,0,0.428,0,False
CC(COc1ccccc1)[NH+](CCCl)Cc2ccccc2,CC(COc1ccccc1)[NH+](CCCl)Cc1ccccc1,1,0,0.88,1,True
CC(O)(P(=O)([O-])[O-])P(=O)([O-])[O-],CC(O)(P(=O)([O-])[O-])P(=O)([O-])[O-],1,0,0.528,1,True
CC(=O)/N=c\1/n(nc(s1)S(=O)(=O)N)C,CC(=O)/N=c1\sc(S(N)(=O)=O)nn1C,1,0,0.919,1,True
CC(=O)[N-]S(=O)(=O)c1ccc(cc1)N,CC(=O)[N-]S(=O)(=O)c1ccc(N)cc1,1,0,0.848,1,True
CC(=O)[O-],CC(=O)[O-],1,0,0.13,0,False
CC(=O)c1ccc(c(c1)OC)OCCC[NH+]2CCC(CC2)c3c4ccc(cc4on3)F,COc1cc(C(C)=O)ccc1OCCC[NH+]1CCC(c2noc3cc(F)ccc23)CC1,1,0,0.673,1,True
CC(=O)c1ccc(cc1)S(=O)(=O)[N-]C(=O)NC2CCCCC2,CC(=O)c1ccc(S(=O)(=O)[N-]C(=O)NC2CCCCC2)cc1,1,0,0.806,1,True
CC(=O)c1ccc2c(c1)N(c3ccccc3S2)CCC[NH+]4CCC(CC4)CCO,CC(=O)c1ccc2c(c1)N(CCC[NH+]1CCC(CCO)CC1)c1ccccc1S2,1,0,0.8445,1,True
CC(=O)c1ccc2c(c1)N(c3ccccc3S2)CCCN4CC[NH+](CC4)CCO,CC(=O)c1ccc2c(c1)N(CCCN1CC[NH+](CCO)CC1)c1ccccc1S2,1,0,0.943,1,True
CC(=O)CC(c1ccccc1)c2c(c3ccccc3oc2=O)[O-],CC(=O)CC(c1ccccc1)c1c([O-])c2ccccc2oc1=O,1,0,0.31,0,False
CC(=O)N(C)c1c(c(c(c(c1I)C(=O)NCC(=O)Nc2c(c(c(c(c2I)C(=O)[O-])I)C(=O)NCCO)I)I)C(=O)NC)I,CNC(=O)c1c(I)c(C(=O)NCC(=O)Nc2c(I)c(C(=O)[O-])c(I)c(C(=O)NCCO)c2I)c(I)c(N(C)C(C)=O)c1I,1,0,0.656,1,True
CC(=O)N(CCCCCNC(=O)CCC(=O)N(CCCCCNC(=O)CCC(=O)N(CCCCC[NH3+])O)O)O,CC(=O)N(O)CCCCCNC(=O)CCC(=O)N(O)CCCCCNC(=O)CCC(=O)N(O)CCCCC[NH3+],1,0,0.623,1,True
CC(=O)N1CCN(CC1)C2=CC=C(C=C2)OC[C@H]3CO[C@](O3)(CN4C=CN=C4)C5=C(C=C(C=C5)Cl)Cl,CC(=O)N1CCN(c2ccc(OC[C@H]3CO[C@](Cn4ccnc4)(c4ccc(Cl)cc4Cl)O3)cc2)CC1,0,1,0.5470190476190477,1,False
CC(=O)N[C@@H](CS)C(=O)[O-],CC(=O)N[C@@H](CS)C(=O)[O-],1,0,0.268,0,False
CC(=O)N[C@@H]1[C@H]([C@H]([C@H](O[C@H]1O)OS(=O)(=O)[O-])O)O[C@H]2[C@@H]([C@H]([C@@H]([C@H](O2)C(=O)[O-])O)O)O,CC(=O)N[C@@H]1[C@@H](O[C@@H]2O[C@H](C(=O)[O-])[C@@H](O)[C@H](O)[C@H]2O)[C@@H](O)[C@@H](OS(=O)(=O)[O-])O[C@H]1O,1,0,0.12053333333333333,0,False
CC(=O)N[C@@H]1[C@H](C=C(O[C@H]1[C@@H]([C@@H](CO)O)O)C(=O)[O-])[NH+]=C(N)N,CC(=O)N[C@H]1[C@H]([C@H](O)[C@H](O)CO)OC(C(=O)[O-])=C[C@@H]1[NH+]=C(N)N,1,0,0.4295333333333333,0,False
CC(=O)Nc1c(c(c(c(c1I)C(=O)[O-])I)C(=O)NC)I,CNC(=O)c1c(I)c(NC(C)=O)c(I)c(C(=O)[O-])c1I,1,0,0.426,0,False
CC(=O)Nc1c(c(c(c(c1I)N(C)C(=O)C)I)C(=O)[O-])I,CC(=O)Nc1c(I)c(C(=O)[O-])c(I)c(N(C)C(C)=O)c1I,1,0,0.554,1,True
CC(=O)Nc1c(c(c(c(c1I)NC(=O)C)I)C(=O)[O-])I,CC(=O)Nc1c(I)c(NC(C)=O)c(I)c(C(=O)[O-])c1I,1,0,0.388,0,False
CC(=O)Nc1c(cc(c(c1I)C(=O)[O-])I)I,CC(=O)Nc1c(I)cc(I)c(C(=O)[O-])c1I,1,0,0.488,0,False
CC(=O)NCc1c(c(c(c(c1I)NC(=O)C)I)C(=O)[O-])I,CC(=O)NCc1c(I)c(NC(C)=O)c(I)c(C(=O)[O-])c1I,1,0,0.405,0,False
CC(=O)NCCCS(=O)(=O)[O-],CC(=O)NCCCS(=O)(=O)[O-],1,0,0.35,0,False
CC(=O)O[C@@H]1[C@@H](Sc2ccccc2N(C1=O)CC[NH+](C)C)c3ccc(cc3)OC,COc1ccc([C@@H]2Sc3ccccc3N(CC[NH+](C)C)C(=O)[C@@H]2OC(C)=O)cc1,1,0,0.7413333333333334,1,True
CC(=O)O[C@H]1[C@H](C[C@@H]2[C@@]1(CC[C@H]3[C@H]2CC[C@@H]4[C@@]3(C[C@@H]([C@H](C4)O)[NH+]5CCOCC5)C)C)[N+]6(CCCC6)CC=C,C=CC[N+]1([C@H]2C[C@H]3[C@@H]4CC[C@H]5C[C@H](O)[C@@H]([NH+]6CCOCC6)C[C@]5(C)[C@H]4CC[C@]3(C)[C@H]2OC(C)=O)CCCC1,1,0,0.49100952380952384,0,False
CC(=O)O[C@H]1C[C@@H]2CC[C@@H]3[C@@H]([C@]2(C[C@@H]1[NH+]4CCCCC4)C)CC[C@]5([C@H]3C[C@@H]([C@@H]5OC(=O)C)[N+]6(CCCCC6)C)C,CC(=O)O[C@H]1C[C@@H]2CC[C@@H]3[C@H](CC[C@@]4(C)[C@H]3C[C@H]([N+]3(C)CCCCC3)[C@@H]4OC(C)=O)[C@@]2(C)C[C@@H]1[NH+]1CCCCC1,1,0,0.8339666666666667,1,True
CC(=O)Oc1cc2c(s1)CC[NH+](C2)C(c3ccccc3F)C(=O)C4CC4,CC(=O)Oc1cc2c(s1)CC[NH+](C(C(=O)C1CC1)c1ccccc1F)C2,1,0,0.537047619047619,1,True
CC(=O)Oc1ccccc1C(=O)[O-],CC(=O)Oc1ccccc1C(=O)[O-],1,0,0.7126666666666668,1,True
CC(=O)OCC1=C(N2[C@@H]([C@@H](C2=O)NC(=O)/C(=N\OC)/c3csc(n3)N)SC1)C(=O)[O-],CO/N=C(\C(=O)N[C@@H]1C(=O)N2C(C(=O)[O-])=C(COC(C)=O)CS[C@H]12)c1csc(N)n1,1,0,0.8861333333333333,1,True
CC(=O)OCC1=C(N2[C@@H]([C@@H](C2=O)NC(=O)[C@@H](c3ccccc3)[NH3+])SC1)C(=O)[O-],CC(=O)OCC1=C(C(=O)[O-])N2C(=O)[C@@H](NC(=O)[C@H]([NH3+])c3ccccc3)[C@H]2SC1,1,0,0.8214666666666667,1,True
CC(=O)OCC1=C(N2[C@@H]([C@@H](C2=O)NC(=O)Cc3cccs3)SC1)C(=O)[O-],CC(=O)OCC1=C(C(=O)[O-])N2C(=O)[C@@H](NC(=O)Cc3cccs3)[C@H]2SC1,1,0,0.7793333333333332,1,True
CC(=O)OCC1=C(N2[C@@H]([C@@H](C2=O)NC(=O)CSc3ccncc3)SC1)C(=O)[O-],CC(=O)OCC1=C(C(=O)[O-])N2C(=O)[C@@H](NC(=O)CSc3ccncc3)[C@H]2SC1,1,0,0.7655333333333333,1,True
CC/C(=C(/CC)\c1ccc(cc1)OP(=O)([O-])[O-])/c2ccc(cc2)OP(=O)([O-])[O-],CC/C(=C(/CC)c1ccc(OP(=O)([O-])[O-])cc1)c1ccc(OP(=O)([O-])[O-])cc1,1,0,0.724,1,True
CC/C(=C(\c1ccccc1)/c2ccc(cc2)OCC[NH+](C)C)/c3ccccc3,CC/C(=C(\c1ccccc1)c1ccc(OCC[NH+](C)C)cc1)c1ccccc1,1,0,0.898,1,True
CC1([C@@H](N2[C@H](S1(=O)=O)CC2=O)C(=O)[O-])C,CC1(C)[C@H](C(=O)[O-])N2C(=O)C[C@H]2S1(=O)=O,1,0,0.4675,0,False
CC1([C@@H](N2[C@H](S1)[C@@H](C2=O)/[NH+]=C/N3CCCCCC3)C(=O)[O-])C,CC1(C)S[C@@H]2[C@H](/[NH+]=C/N3CCCCCC3)C(=O)N2[C@H]1C(=O)[O-],1,0,0.557,1,True
CC1([C@@H](N2[C@H](S1)[C@@H](C2=O)N3C(=O)[C@H]([NH2+]C3(C)C)c4ccccc4)C(=O)[O-])C,CC1(C)S[C@@H]2[C@H](N3C(=O)[C@@H](c4ccccc4)[NH2+]C3(C)C)C(=O)N2[C@H]1C(=O)[O-],1,0,0.6791666666666667,1,True
CC1([C@@H](N2[C@H](S1)[C@@H](C2=O)NC(=O)[C@@H](c3ccc(cc3)O)[NH3+])C(=O)[O-])C,CC1(C)S[C@@H]2[C@H](NC(=O)[C@H]([NH3+])c3ccc(O)cc3)C(=O)N2[C@H]1C(=O)[O-],1,0,0.689,1,True
CC1([C@@H](N2[C@H](S1)[C@@H](C2=O)NC(=O)[C@@H](c3ccccc3)[NH3+])C(=O)[O-])C,CC1(C)S[C@@H]2[C@H](NC(=O)[C@H]([NH3+])c3ccccc3)C(=O)N2[C@H]1C(=O)[O-],1,0,0.7914666666666667,1,True
CC1([C@@H](N2[C@H](S1)[C@@H](C2=O)NC(=O)[C@@H](c3ccccc3)NC(=O)N4CCNC4=O)C(=O)[O-])C,CC1(C)S[C@@H]2[C@H](NC(=O)[C@H](NC(=O)N3CCNC3=O)c3ccccc3)C(=O)N2[C@H]1C(=O)[O-],1,0,0.827,1,True
CC1([C@@H](N2[C@H](S1)[C@@H](C2=O)NC(=O)[C@@H](c3ccsc3)C(=O)[O-])C(=O)[O-])C,CC1(C)S[C@@H]2[C@H](NC(=O)[C@H](C(=O)[O-])c3ccsc3)C(=O)N2[C@H]1C(=O)[O-],1,0,0.6816,1,True
CC1([C@@H](N2[C@H](S1)[C@@H](C2=O)NC(=O)C(c3ccccc3)C(=O)[O-])C(=O)[O-])C,CC1(C)S[C@@H]2[C@H](NC(=O)C(C(=O)[O-])c3ccccc3)C(=O)N2[C@H]1C(=O)[O-],1,0,0.797,1,True
CC1([C@@H](N2[C@H](S1)[C@@H](C2=O)NC(=O)C3(CCCCC3)[NH3+])C(=O)[O-])C,CC1(C)S[C@@H]2[C@H](NC(=O)C3([NH3+])CCCCC3)C(=O)N2[C@H]1C(=O)[O-],1,0,0.553,1,True
CC1([C@@H](N2[C@H](S1)[C@@H](C2=O)NC(=O)c3c(cccc3OC)OC)C(=O)[O-])C,COc1cccc(OC)c1C(=O)N[C@@H]1C(=O)N2[C@@H]1SC(C)(C)[C@@H]2C(=O)[O-],1,0,0.666,1,True
CC1([C@@H](N2[C@H](S1)[C@@H](C2=O)NC(=O)Cc3ccccc3)C(=O)[O-])C,CC1(C)S[C@@H]2[C@H](NC(=O)Cc3ccccc3)C(=O)N2[C@H]1C(=O)[O-],1,0,0.8056666666666668,1,True
CC1([C@@H](N2[C@H](S1)[C@@H](C2=O)NC(=O)COc3ccccc3)C(=O)[O-])C,CC1(C)S[C@@H]2[C@H](NC(=O)COc3ccccc3)C(=O)N2[C@H]1C(=O)[O-],1,0,0.7476666666666667,1,True
CC1(C([NH2+]C(S1)C(C(=O)NCCCCCC(=O)[O-])NC(=O)Cc2ccccc2)C(=O)[O-])C,CC1(C)SC(C(NC(=O)Cc2ccccc2)C(=O)NCCCCCC(=O)[O-])[NH2+]C1C(=O)[O-],1,0,0.453,0,False
CC1(C(=C)N(C2=CC=CC=C21)CCCCCC(=O)O)C,C=C1N(CCCCCC(=O)O)c2ccccc2C1(C)C,0,1,0.7280666666666666,1,False
CC1(C2(C(=O)/C(=C\c3ccc(cc3)/C=C/4\C(=O)C5(C(C4CC5)(C)C)CS(=O)(=O)[O-])/C1CC2)CS(=O)(=O)[O-])C,CC1(C)C2CCC1(CS(=O)(=O)[O-])C(=O)/C2=C\c1ccc(/C=C2\C(=O)C3(CS(=O)(=O)[O-])CCC2C3(C)C)cc1,1,0,0.552,1,True
CC1(C2CCC(C2)C1(C)[NH2+]C)C,C[NH2+]C1(C)C2CCC(C2)C1(C)C,1,0,0.6648571428571429,1,True
CC1(C[C@@H]1C(=O)N/C(=C\CCCCSC[C@@H](C(=O)[O-])[NH3+])/C(=O)[O-])C,CC1(C)C[C@@H]1C(=O)N/C(=C\CCCCSC[C@H]([NH3+])C(=O)[O-])C(=O)[O-],1,0,0.248,0,False
CC1(CC(C1)C2=NC(=C3N2C=CN=C3N)C4=CC5=C(C=C4)C=CC(=N5)C6=CC=CC=C6)O,CC1(O)CC(c2nc(-c3ccc4ccc(-c5ccccc5)nc4c3)c3c(N)nccn23)C1,0,1,0.6023333333333334,1,False
CC12CC3CC(C1)(CC(C3)(C2)[NH3+])C,CC12CC3CC(C)(C1)CC([NH3+])(C3)C2,1,0,0.5928571428571429,1,True
CC12CCC3C(C1CCC2C(=O)COC(=O)C(C)(C)C)CCC4=CC(=O)CCC34C,CC(C)(C)C(=O)OCC(=O)C1CCC2C3CCC4=CC(=O)CCC4(C)C3CCC12C,1,0,0.982,1,True
Cc1[nH+]cc2n1-c3ccc(cc3C(=NC2)c4ccccc4F)Cl,Cc1[nH+]cc2n1-c1ccc(Cl)cc1C(c1ccccc1F)=NC2,1,0,0.9066666666666666,1,True
Cc1[nH]c2c(n1)-c3ccccc3N(CC2)C(=O)c4ccc(cc4)NC(=O)c5ccccc5c6ccccc6,Cc1nc2c([nH]1)CCN(C(=O)c1ccc(NC(=O)c3ccccc3-c3ccccc3)cc1)c1ccccc1-2,1,0,0.838,1,True
Cc1c(c(c(c(c1C(=O)[O-])I)NC(=O)C)I)C(=O)NC,CNC(=O)c1c(C)c(C(=O)[O-])c(I)c(NC(C)=O)c1I,1,0,0.38,0,False
CC1=C(C(C(=C(N1)C)C(=O)OCC[NH+](C)Cc2ccccc2)c3cccc(c3)[N+](=O)[O-])C(=O)OC,COC(=O)C1=C(C)NC(C)=C(C(=O)OCC[NH+](C)Cc2ccccc2)C1c1cccc([N+](=O)[O-])c1,1,0,0.9033333333333332,1,True
Cc1c(c(c(c2c1OC(CC2)(C)CCCC(C)CCCC(C)CCCC(C)C)C)OC(=O)C)C,CC(=O)Oc1c(C)c(C)c2c(c1C)CCC(C)(CCCC(C)CCCC(C)CCCC(C)C)O2,1,0,0.86,1,True
Cc1c(c(c(cn1)COP(=O)([O-])[O-])C[NH+](CCN(Cc2c(cnc(c2O)C)COP(=O)([O-])[O-])CC(=O)[O-])CC(=O)[O-])O,Cc1ncc(COP(=O)([O-])[O-])c(CN(CC[NH+](CC(=O)[O-])Cc2c(COP(=O)([O-])[O-])cnc(C)c2O)CC(=O)[O-])c1O,1,0,0.4975,0,False
CC1=C(C(CCC1)(C)C)/C=C/C(=C/C=C/C(=C\C(=O)[O-])/C)/C,CC1=C(/C=C/C(C)=C/C=C/C(C)=C\C(=O)[O-])C(C)(C)CCC1,1,0,0.2285,0,False
CC1=C(C(CCC1)(C)C)/C=C/C(=C\C=C\C(=C\C(=O)[O-])\C)/C,CC1=C(/C=C/C(C)=C\C=C\C(C)=C\C(=O)[O-])C(C)(C)CCC1,1,0,0.2285,0,False
Cc1c(c(no1)c2c(cccc2Cl)Cl)C(=O)N[C@H]3[C@@H]4N(C3=O)[C@H](C(S4)(C)C)C(=O)[O-],Cc1onc(-c2c(Cl)cccc2Cl)c1C(=O)N[C@@H]1C(=O)N2[C@@H]1SC(C)(C)[C@@H]2C(=O)[O-],1,0,0.8153333333333334,1,True
Cc1c(c(no1)c2ccccc2)C(=O)N[C@H]3[C@@H]4N(C3=O)[C@H](C(S4)(C)C)C(=O)[O-],Cc1onc(-c2ccccc2)c1C(=O)N[C@@H]1C(=O)N2[C@@H]1SC(C)(C)[C@@H]2C(=O)[O-],1,0,0.8623333333333334,1,True
Cc1c(c(no1)c2ccccc2Cl)C(=O)N[C@H]3[C@@H]4N(C3=O)[C@H](C(S4)(C)C)C(=O)[O-],Cc1onc(-c2ccccc2Cl)c1C(=O)N[C@@H]1C(=O)N2[C@@H]1SC(C)(C)[C@@H]2C(=O)[O-],1,0,0.8143333333333334,1,True
CC1=C(C(=O)C2=C(C1=O)[NH+]3C[C@H]4[C@@H]([C@@]3([C@@H]2COC(=O)N)OC)N4)[NH3+],CO[C@@]12[C@H](COC(N)=O)C3=C(C(=O)C(C)=C([NH3+])C3=O)[NH+]1C[C@@H]1N[C@@H]12,1,0,0.625,1,True
CC1=C(C(=O)C[C@@H]1OC(=O)[C@@H]2[C@H](C2(C)C)C=C(C)C)C/C=C/C=C,C=C/C=C/CC1=C(C)[C@@H](OC(=O)[C@@H]2[C@@H](C=C(C)C)C2(C)C)CC1=O,1,0,0.3764666666666665,0,False
Cc1c(c(=O)n2c(n1)C(CCC2)O)CC[NH+]3CCC(CC3)c4c5ccc(cc5on4)F,Cc1nc2n(c(=O)c1CC[NH+]1CCC(c3noc4cc(F)ccc34)CC1)CCCC2O,1,0,0.754,1,True
Cc1c(c(=O)n2c(n1)CCCC2)CC[NH+]3CCC(CC3)c4c5ccc(cc5on4)F,Cc1nc2n(c(=O)c1CC[NH+]1CCC(c3noc4cc(F)ccc34)CC1)CCCC2,1,0,0.7784,1,True
Cc1c(c2c(c(c1O)C)CCC(O2)(C)COc3ccc(cc3)CC4C(=O)[N-]C(=O)S4)C,Cc1c(C)c2c(c(C)c1O)CCC(C)(COc1ccc(CC3SC(=O)[N-]C3=O)cc1)O2,1,0,0.4781,0,False
Cc1c(c2c3c4c1O[C@@](C4=O)(O/C=C/[C@@H]([C@H]([C@H]([C@@H]([C@@H]([C@@H]([C@H]([C@H](/C=C/C=C(\C(=O)Nc(c2O)c(c3O)/C=N/N5CC[NH+](CC5)C)/C)C)O)C)O)C)OC(=O)C)C)OC)C)O,CO[C@H]1/C=C/O[C@@]2(C)Oc3c(C)c(O)c4c(O)c(c(/C=N/N5CC[NH+](C)CC5)c(O)c4c3C2=O)NC(=O)/C(C)=C\C=C\[C@H](C)[C@H](O)[C@@H](C)[C@@H](O)[C@@H](C)[C@H](OC(C)=O)[C@@H]1C,1,0,0.8523333333333334,1,True
Cc1c(c2c3c4c1O[C@@](C4=O)(O/C=C/[C@@H]([C@H]([C@H]([C@@H]([C@@H]([C@@H]([C@H]([C@H](/C=C/C=C(\C(=O)Nc(c2O)c(c3O)/C=N/N5CC[NH+](CC5)C6CCCC6)/C)C)O)C)O)C)OC(=O)C)C)OC)C)O,CO[C@H]1/C=C/O[C@@]2(C)Oc3c(C)c(O)c4c(O)c(c(/C=N/N5CC[NH+](C6CCCC6)CC5)c(O)c4c3C2=O)NC(=O)/C(C)=C\C=C\[C@H](C)[C@H](O)[C@@H](C)[C@@H](O)[C@@H](C)[C@H](OC(C)=O)[C@@H]1C,1,0,0.8536666666666666,1,True
Cc1c(c2c3c4c1O[C@@](C4=O)(O/C=C/[C@@H]([C@H]([C@H]([C@@H]([C@@H]([C@@H]([C@H]([C@H](/C=C/C=C(\C(=O)NC(=C5C3=NC6([NH2+]5)CC[NH+](CC6)CC(C)C)C2=O)/C)C)O)C)O)C)OC(=O)C)C)OC)C)[O-],CO[C@H]1/C=C/O[C@@]2(C)Oc3c(C)c([O-])c4c(c3C2=O)C2=NC3(CC[NH+](CC(C)C)CC3)[NH2+]C2=C(NC(=O)/C(C)=C\C=C\[C@H](C)[C@H](O)[C@@H](C)[C@@H](O)[C@@H](C)[C@H](OC(C)=O)[C@@H]1C)C4=O,1,0,0.61,1,True
Cc1c(c2cc(ccc2n1C(=O)c3ccc(cc3)Cl)OC)CC(=O)[O-],COc1ccc2c(c1)c(CC(=O)[O-])c(C)n2C(=O)c1ccc(Cl)cc1,1,0,0.557,1,True
CC1=C(C=C(C=C1)NC(=O)C2=CC=C(C=C2)CN3CCN(CC3)C)NC4=NC=CC(=N4)C5=CN=CC=C5.CS(=O)(=O)O,CS(=O)(=O)O.Cc1ccc(NC(=O)c2ccc(CN3CCN(C)CC3)cc2)cc1Nc1nccc(-c2cccnc2)n1,0,1,0.82,1,False
Cc1c(cc2cc3c(c(c2c1O)[O-])C(=O)[C@H]([C@@H](C3)[C@@H](C(=O)[C@H]([C@@H](C)O)O)OC)O[C@H]4C[C@H]([C@@H]([C@H](O4)C)O)O[C@H]5C[C@H]([C@H]([C@H](O5)C)O)O[C@H]6C[C@]([C@@H]([C@H](O6)C)O)(C)O)O[C@H]7C[C@H]([C@@H]([C@H](O7)C)O)O[C@H]8C[C@H]([C@@H]([C@H](O8)C)O)O,CO[C@H](C(=O)[C@@H](O)[C@@H](C)O)[C@@H]1Cc2cc3cc(O[C@H]4C[C@@H](O[C@H]5C[C@@H](O)[C@H](O)[C@@H](C)O5)[C@H](O)[C@@H](C)O4)c(C)c(O)c3c([O-])c2C(=O)[C@H]1O[C@H]1C[C@@H](O[C@H]2C[C@@H](O[C@H]3C[C@](C)(O)[C@H](O)[C@@H](C)O3)[C@@H](O)[C@@H](C)O2)[C@H](O)[C@@H](C)O1,1,0,0.6666666666666667,1,True
Cc1c(ccc(c1)c2cc(c(cc2)N/N=C\3/C(=O)c4c(cc(cc4C=C3S(=O)(=O)[O-])S(=O)(=O)[O-])N)C)N/N=C\5/C(=O)c6c(cc(cc6C=C5S(=O)(=O)[O-])S(=O)(=O)[O-])N,Cc1cc(-c2ccc(N/N=C3/C(=O)c4c(N)cc(S(=O)(=O)[O-])cc4C=C3S(=O)(=O)[O-])c(C)c2)ccc1N/N=C1/C(=O)c2c(N)cc(S(=O)(=O)[O-])cc2C=C1S(=O)(=O)[O-],1,0,0.5386666666666666,1,True
Cc1c(ccc2c1oc(=O)c(c2[O-])NC(=O)c3ccc(c(c3)CC=C(C)C)O)O[C@H]4[C@@H]([C@@H]([C@H](C(O4)(C)C)OC)OC(=O)N)O,CO[C@@H]1[C@@H](OC(N)=O)[C@@H](O)[C@H](Oc2ccc3c([O-])c(NC(=O)c4ccc(O)c(CC=C(C)C)c4)c(=O)oc3c2C)OC1(C)C,1,0,0.592,1,True
Cc1c(cccc1O)C(=O)N[C@@H](CSc2ccccc2)[C@@H](C[NH+]3C[C@H]4CCCC[C@H]4C[C@H]3C(=O)NC(C)(C)C)O,Cc1c(O)cccc1C(=O)N[C@@H](CSc1ccccc1)[C@H](O)C[NH+]1C[C@H]2CCCC[C@H]2C[C@H]1C(=O)NC(C)(C)C,1,0,0.6,1,True
CC1=C(N2[C@@H]([C@@H](C2=O)NC(=O)[C@@H](C3=CCC=CC3)[NH3+])SC1)C(=O)[O-],CC1=C(C(=O)[O-])N2C(=O)[C@@H](NC(=O)[C@H]([NH3+])C3=CCC=CC3)[C@H]2SC1,1,0,0.55,1,True
Cc1c(nc(nc1N)[C@H](CC(=O)N)[NH2+]C[C@@H](C(=O)N)N)C(=O)N[C@@H]([C@H](c2c[nH]cn2)O[C@H]3[C@H]([C@H]([C@@H]([C@@H](O3)CO)O)O)O[C@@H]4[C@H]([C@H]([C@@H]([C@H](O4)CO)O)OC(=O)N)O)C(=O)N[C@H](C)[C@H]([C@H](C)C(=O)N[C@@H]([C@@H](C)O)C(=O)NCCc5nc(cs5)c6nc(cs6)C(=O)NCCC[S+](C)C)O,Cc1c(N)nc([C@H](CC(N)=O)[NH2+]C[C@H](N)C(N)=O)nc1C(=O)N[C@H](C(=O)N[C@H](C)[C@@H](O)[C@H](C)C(=O)N[C@H](C(=O)NCCc1nc(-c2nc(C(=O)NCCC[S+](C)C)cs2)cs1)[C@@H](C)O)[C@@H](O[C@@H]1O[C@@H](CO)[C@@H](O)[C@H](O)[C@@H]1O[C@H]1O[C@H](CO)[C@@H](O)[C@H](OC(N)=O)[C@@H]1O)c1c[nH]cn1,1,0,0.38160000000000005,0,False
Cc1c(nc[nH]1)CN2CCc3c(c4ccccc4n3C)C2=O,Cc1[nH]cnc1CN1CCc2c(c3ccccc3n2C)C1=O,1,0,0.896,1,True
Cc1c(nc[nH]1)CSCCN/C(=N/C#N)/NC,CN/C(=N\C#N)NCCSCc1nc[nH]c1C,1,0,0.9024,1,True
Cc1c(noc1[N-]S(=O)(=O)c2ccc(cc2)N)C,Cc1noc([N-]S(=O)(=O)c2ccc(N)cc2)c1C,1,0,0.742,1,True
Cc1c(=O)c2cccc(c2oc1c3ccccc3)C(=O)OCC[NH+]4CCCCC4,Cc1c(-c2ccccc2)oc2c(C(=O)OCC[NH+]3CCCCC3)cccc2c1=O,1,0,0.561,1,True
CC1C(OCC[NH2+]1)c2ccccc2,CC1[NH2+]CCOC1c1ccccc1,1,0,0.7615,1,True
Cc1c(sc(n1)c2ccc(c(c2)C#N)OCC(C)C)C(=O)[O-],Cc1nc(-c2ccc(OCC(C)C)c(C#N)c2)sc1C(=O)[O-],1,0,0.7293333333333333,1,True
Cc1c2c(c(c(c1OC)C/C=C(\C)/CCC(=O)[O-])[O-])C(=O)OC2,COc1c(C)c2c(c([O-])c1C/C=C(\C)CCC(=O)[O-])C(=O)OC2,1,0,0.32,0,False
Cc1c2c(c(c(c1OC)C/C=C(\C)/CCC(=O)OCC[NH+]3CCOCC3)[O-])C(=O)OC2,COc1c(C)c2c(c([O-])c1C/C=C(\C)CCC(=O)OCC[NH+]1CCOCC1)C(=O)OC2,1,0,0.482,0,False
Cc1c2c(cc(c1F)N3CC[NH2+]C(C3)C)n(cc(c2=O)C(=O)[O-])C4CC4,Cc1c(F)c(N2CC[NH2+]C(C)C2)cc2c1c(=O)c(C(=O)[O-])cn2C1CC1,1,0,0.52,1,True
Cc1c2cc3c(c(c([nH]3)cc4nc(cc5nc(cc(c1C(C)O)[nH]2)C(=C5CCC(=O)[O-])C)C(=C4C)CCC(=O)[O-])C)C(C)OC(C)c6c(c7cc8c(c(c([nH]8)cc9nc(cc1nc(cc6[nH]7)C(=C1CCC(=O)[O-])C)C(=C9C)CCC(=O)[O-])C)C(C)O)C,CC1=C(CCC(=O)[O-])c2cc3nc(cc4[nH]c(cc5[nH]c(cc1n2)c(C)c5C(C)O)c(C)c4C(C)OC(C)c1c(C)c2cc4nc(cc5nc(cc6[nH]c(cc1[nH]2)c(C)c6C(C)O)C(C)=C5CCC(=O)[O-])C(CCC(=O)[O-])=C4C)C(C)=C3CCC(=O)[O-],1,0,0.549,1,True
Cc1c2cc3nc(cc4[nH]c(cc5nc(cc(c1CCC(=O)[O-])[nH]2)C(=C5C)CCC(=O)OC)[C@]6(C4=CC=C([C@H]6C(=O)OC)C(=O)OC)C)C(=C3C=C)C,C=CC1=C(C)c2cc3[nH]c(cc4nc(cc5[nH]c(cc1n2)c(C)c5CCC(=O)[O-])C(CCC(=O)OC)=C4C)[C@@]1(C)C3=CC=C(C(=O)OC)[C@H]1C(=O)OC,1,0,0.5563333333333332,1,True
Cc1cc([nH]c1/C=C\2/c3ccccc3NC2=O)C,Cc1cc(C)c(/C=C2\C(=O)Nc3ccccc32)[nH]1,1,0,0.781,1,True
Cc1cc(c(c(c1/C=C/C(=C/C=C/C(=C/C(=O)[O-])/C)/C)C)C)OC,COc1cc(C)c(/C=C/C(C)=C/C=C/C(C)=C/C(=O)[O-])c(C)c1C,1,0,0.186,0,False
Cc1cc(c(c(c1CC2=[NH+]CCN2)C)O)C(C)(C)C,Cc1cc(C(C)(C)C)c(O)c(C)c1CC1=[NH+]CCN1,1,0,0.668,1,True
Cc1cc(c(c(c1NC(=O)C[NH+](CC(=O)[O-])CC(=O)[O-])C)Br)C,Cc1cc(C)c(NC(=O)C[NH+](CC(=O)[O-])CC(=O)[O-])c(C)c1Br,1,0,0.392,0,False
Cc1cc(c(c(c1OC(=O)C)C)C)OCC(C[NH2+]C(C)C)O,CC(=O)Oc1c(C)cc(OCC(O)C[NH2+]C(C)C)c(C)c1C,1,0,0.5176000000000001,1,True
Cc1cc(c(cn1)C(=O)N[C@H](c2ccc(cc2)O)C(=O)N[C@H]3[C@@H]4N(C3=O)C(=C(CS4)CSc5nnnn5C)C(=O)[O-])O,Cc1cc(O)c(C(=O)N[C@@H](C(=O)N[C@@H]2C(=O)N3C(C(=O)[O-])=C(CSc4nnnn4C)CS[C@H]23)c2ccc(O)cc2)cn1,1,0,0.796,1,True
Cc1cc(c2ccccc2c1OP(=O)([O-])[O-])OP(=O)([O-])[O-],Cc1cc(OP(=O)([O-])[O-])c2ccccc2c1OP(=O)([O-])[O-],1,0,0.69,1,True
Cc1cc(n(c(=O)c1)[O-])C2CCCCC2,Cc1cc(C2CCCCC2)n([O-])c(=O)c1,1,0,0.634,1,True
Cc1cc(nc(n1)O[C@H](C(=O)[O-])C(c2ccccc2)(c3ccccc3)OC)C,COC(c1ccccc1)(c1ccccc1)[C@H](Oc1nc(C)cc(C)n1)C(=O)[O-],1,0,0.706,1,True
Cc1cc2c(cc1C(=C)c3ccc(cc3)C(=O)[O-])C(CCC2(C)C)(C)C,C=C(c1ccc(C(=O)[O-])cc1)c1cc2c(cc1C)C(C)(C)CCC2(C)C,1,0,0.5955,1,True
Cc1cc2c(cc1C)n(c-3nc(=O)[nH]c(=O)c3n2)C[C@@H]([C@@H]([C@@H](COP(=O)([O-])[O-])O)O)O,Cc1cc2nc3c(=O)[nH]c(=O)nc-3n(C[C@H](O)[C@H](O)[C@H](O)COP(=O)([O-])[O-])c2cc1C,1,0,0.636,1,True
Cc1cc2c(cc1C)n(cn2)[C@@H]3[C@@H]([C@@H]([C@H](O3)CO)OP(=O)([O-])O[C@@H](C)CNC(=O)CC[C@@]4([C@H](C5[C@]6([C@@]([C@@H](C(=N6)/C(=C\7/[C@@]([C@@H](/C(=C/C8=N/C(=C(\C4=N5)/C)/[C@H](C8(C)C)CCC(=O)N)/N7)CCC(=O)N)(C)CC(=O)N)/C)CCC(=O)N)(C)CC(=O)N)C)CC(=O)N)C)O,C/C1=C2N=C(/C=C3\N/C(=C(/C)C4=N[C@@](C)(C5N=C1[C@](C)(CCC(=O)NC[C@H](C)OP(=O)([O-])O[C@H]1[C@@H](O)[C@@H](n6cnc7cc(C)c(C)cc76)O[C@@H]1CO)[C@H]5CC(N)=O)[C@@](C)(CC(N)=O)[C@@H]4CCC(N)=O)[C@@](C)(CC(N)=O)[C@@H]3CCC(N)=O)C(C)(C)[C@@H]/2CCC(N)=O,1,0,0.441,0,False
Cc1cc2c(cc1C)N3C=N2[Co+]456(N7=C8[C@H](C(C7=CC9=N4C(=C(C1=N5[C@@]([C@@H]2N6C(=C8C)[C@@]([C@H]2CC(=O)N)(CCC(=O)NC[C@H](OP(=O)(O[C@@H]2[C@H](O[C@H]3[C@@H]2O)CO)[O-])C)C)([C@@]([C@@H]1CCC(=O)N)(C)CC(=O)N)C)C)[C@@]([C@@H]9CCC(=O)N)(C)CC(=O)N)(C)C)CCC(=O)N)O,CC1=C2[N]3[Co+]456([OH])<-[N]7=C1[C@@H](CCC(N)=O)C(C)(C)C7=CC1=[N]->4C(=C(C)C4=[N]->5[C@@](C)([C@H]3[C@H](CC(N)=O)[C@@]2(C)CCC(=O)NC[C@@H](C)OP(=O)([O-])O[C@H]2[C@@H](O)[C@@H](n3c[n]->6c5cc(C)c(C)cc53)O[C@@H]2CO)[C@@](C)(CC(N)=O)[C@@H]4CCC(N)=O)[C@@](C)(CC(N)=O)[C@@H]1CCC(N)=O,1,0,0.418,0,False
Cc1cc2c(cc1C)N3C=N2[Co]456(N7=C8[C@H](C(C7=CC9=N4C(=C(C1=N5[C@@]([C@@H]2N6C(=C8C)[C@@]([C@H]2CC(=O)N)(CCC(=O)NC[C@H](OP(=O)(O[C@@H]2[C@H](O[C@H]3[C@@H]2O)CO)O)C)C)([C@@]([C@@H]1CCC(=O)N)(C)CC(=O)N)C)C)[C@@]([C@@H]9CCC(=O)N)(C)CC(=O)N)(C)C)CCC(=O)N)C#N,CC1=C2[N]3[Co]456([C]#N)<-[N]7=C1[C@@H](CCC(N)=O)C(C)(C)C7=CC1=[N]->4C(=C(C)C4=[N]->5[C@@](C)([C@H]3[C@H](CC(N)=O)[C@@]2(C)CCC(=O)NC[C@@H](C)OP(=O)(O)O[C@H]2[C@@H](O)[C@@H](n3c[n]->6c5cc(C)c(C)cc53)O[C@@H]2CO)[C@@](C)(CC(N)=O)[C@@H]4CCC(N)=O)[C@@](C)(CC(N)=O)[C@@H]1CCC(N)=O,1,0,0.446,0,False
Cc1cc2=C(Nc3ccccc3N=c2s1)N4CC[NH+](CC4)C,Cc1cc2c(s1)=Nc1ccccc1NC=2N1CC[NH+](C)CC1,1,0,0.7756666666666667,1,True
Cc1cc2c(s1)Nc3ccccc3[NH+]=C2N4CC[NH+](CC4)C,Cc1cc2c(s1)Nc1ccccc1[NH+]=C2N1CC[NH+](C)CC1,1,0,0.6706666666666667,1,True
C=C1CC[C@]2([C@H]3Cc4ccc(c5c4[C@]2([C@H]1O5)CC[NH+]3CC6CC6)O)O,C=C1CC[C@@]2(O)[C@H]3Cc4ccc(O)c5c4[C@@]2(CC[NH+]3CC2CC2)[C@H]1O5,1,0,0.4000000000000001,0,False
Cc1ccc(c(c1)[C@H](CC[NH+](C(C)C)C(C)C)c2ccccc2)O,Cc1ccc(O)c([C@H](CC[NH+](C(C)C)C(C)C)c2ccccc2)c1,1,0,0.862,1,True
Cc1ccc(c(c1)OCCCC(C)(C)C(=O)[O-])C,Cc1ccc(C)c(OCCCC(C)(C)C(=O)[O-])c1,1,0,0.5643333333333334,1,True
Cc1ccc(c(c1Cl)Nc2ccccc2C(=O)[O-])Cl,Cc1ccc(Cl)c(Nc2ccccc2C(=O)[O-])c1Cl,1,0,0.384,0,False
Cc1ccc(c2c1oc-3c(c(=O)c(c(c3n2)C(=O)NC4C(OC(=O)C(N(C(=O)CN(C(=O)C5CCCN5C(=O)C(NC4=O)C(C)C)C)C)C(C)C)C)N)C)C(=O)NC6C(OC(=O)C(N(C(=O)CN(C(=O)C7CCCN7C(=O)C(NC6=O)C(C)C)C)C)C(C)C)C,Cc1c2oc3c(C)ccc(C(=O)NC4C(=O)NC(C(C)C)C(=O)N5CCCC5C(=O)N(C)CC(=O)N(C)C(C(C)C)C(=O)OC4C)c3nc-2c(C(=O)NC2C(=O)NC(C(C)C)C(=O)N3CCCC3C(=O)N(C)CC(=O)N(C)C(C(C)C)C(=O)OC2C)c(N)c1=O,1,0,0.7408333333333333,1,True
Cc1ccc(cc1)/C(=C\C[NH+]2CCCC2)/c3cccc(n3)/C=C/C(=O)[O-],Cc1ccc(/C(=C\C[NH+]2CCCC2)c2cccc(/C=C/C(=O)[O-])n2)cc1,1,0,0.5412,1,True
Cc1ccc(cc1)/C(=C\C[NH+]2CCCC2)/c3ccccn3,Cc1ccc(/C(=C\C[NH+]2CCCC2)c2ccccn2)cc1,1,0,0.769,1,True
Cc1ccc(cc1)C(=O)c2cc(c(c(c2)O)[O-])[N+](=O)[O-],Cc1ccc(C(=O)c2cc(O)c([O-])c([N+](=O)[O-])c2)cc1,1,0,0.7106666666666667,1,True
Cc1ccc(cc1)C(=O)c2ccc(n2C)CC(=O)[O-],Cc1ccc(C(=O)c2ccc(CC(=O)[O-])n2C)cc1,1,0,0.608,1,True
Cc1ccc(cc1)N(CC2=[NH+]CCN2)c3cccc(c3)O,Cc1ccc(N(CC2=[NH+]CCN2)c2cccc(O)c2)cc1,1,0,0.663,1,True
Cc1ccc(cc1)S(=O)(=O)[N-]C(=O)N[NH+]2CCCCCC2,Cc1ccc(S(=O)(=O)[N-]C(=O)N[NH+]2CCCCCC2)cc1,1,0,0.665,1,True
CC1=CC=C(C=C1)S(=O)(=O)O.CNC(=O)C1=NC=CC(=C1)OC2=CC=C(C=C2)NC(=O)NC3=CC(=C(C=C3)Cl)C(F)(F)F,CNC(=O)c1cc(Oc2ccc(NC(=O)Nc3ccc(Cl)c(C(F)(F)F)c3)cc2)ccn1.Cc1ccc(S(=O)(=O)O)cc1,0,1,0.7792,1,False
Cc1ccc(cc1C)n2c(=O)c(c([nH]2)C)N/N=C/3\C=CC=C(C3=O)c4cccc(c4)C(=O)[O-],Cc1ccc(-n2[nH]c(C)c(N/N=C3\C=CC=C(c4cccc(C(=O)[O-])c4)C3=O)c2=O)cc1C,1,0,0.542,1,True
Cc1ccc(cc1Nc2nccc(n2)c3cccnc3)NC(=O)c4ccc(cc4)CN5CC[NH+](CC5)C,Cc1ccc(NC(=O)c2ccc(CN3CC[NH+](C)CC3)cc2)cc1Nc1nccc(-c2cccnc2)n1,1,0,0.768,1,True
Cc1cccc(c1)C[NH+]2CCN(CC2)C(c3ccccc3)c4ccc(cc4)Cl,Cc1cccc(C[NH+]2CCN(C(c3ccccc3)c3ccc(Cl)cc3)CC2)c1,1,0,0.866,1,True
Cc1cccc(c1)Nc2ccncc2S(=O)(=O)[N-]C(=O)NC(C)C,Cc1cccc(Nc2ccncc2S(=O)(=O)[N-]C(=O)NC(C)C)c1,1,0,0.6713333333333332,1,True
Cc1cccc(c1C)Nc2ccccc2C(=O)[O-],Cc1cccc(Nc2ccccc2C(=O)[O-])c1C,1,0,0.598,1,True
Cc1cccc(c1NC(=O)C(C)[NH3+])C,Cc1cccc(C)c1NC(=O)C(C)[NH3+],1,0,0.7706666666666666,1,True
Cc1cccc(c1NC(=O)C2CCCC[NH+]2C)C,Cc1cccc(C)c1NC(=O)C1CCCC[NH+]1C,1,0,0.725,1,True
Cc1cccc(c1NC(=O)c2cnc(s2)Nc3cc(nc(n3)C)N4CC[NH+](CC4)CCO)Cl,Cc1nc(Nc2ncc(C(=O)Nc3c(C)cccc3Cl)s2)cc(N2CC[NH+](CCO)CC2)n1,1,0,0.7216666666666668,1,True
Cc1cccc(c1NC(=O)C[NH+](CC(=O)[O-])CC(=O)[O-])C,Cc1cccc(C)c1NC(=O)C[NH+](CC(=O)[O-])CC(=O)[O-],1,0,0.608,1,True
Cc1cccc(c1NC(=O)C[NH+]2CCN(CC2)CC(COc3ccccc3OC)O)C,COc1ccccc1OCC(O)CN1CC[NH+](CC(=O)Nc2c(C)cccc2C)CC1,1,0,0.843,1,True
Cc1cccc(c1OCC(C)[NH3+])C,Cc1cccc(C)c1OCC(C)[NH3+],1,0,0.794,1,True
Cc1ccccc1C(c2ccccc2)OCC[NH+](C)C,Cc1ccccc1C(OCC[NH+](C)C)c1ccccc1,1,0,0.912,1,True
Cc1ccccc1N2CC[NH+](CC2)CCc3nnc4n3CCCC4,Cc1ccccc1N1CC[NH+](CCc2nnc3n2CCCC3)CC1,1,0,0.7835,1,True
Cc1ccccc1O[C@H](CC[NH2+]C)c2ccccc2,C[NH2+]CC[C@@H](Oc1ccccc1C)c1ccccc1,1,0,0.879,1,True
Cc1ccccc1S(=O)(=O)[N-]C(=O)c2ccc(c(c2)OC)Cc3cn(c4c3cc(cc4)NC(=O)OC5CCCC5)C,COc1cc(C(=O)[N-]S(=O)(=O)c2ccccc2C)ccc1Cc1cn(C)c2ccc(NC(=O)OC3CCCC3)cc12,1,0,0.7792,1,True
Cc1cccn2c1ncc(c2=O)c3[n-]nnn3,Cc1cccn2c(=O)c(-c3nnn[n-]3)cnc12,1,0,0.827,1,True
Cc1ccnc(n1)[N-]S(=O)(=O)c2ccc(cc2)N,Cc1ccnc([N-]S(=O)(=O)c2ccc(N)cc2)n1,1,0,0.7989333333333334,1,True
Cc1ccsc1C(=CCC[NH+]2CCC[C@H](C2)C(=O)[O-])c3c(ccs3)C,Cc1ccsc1C(=CCC[NH+]1CCC[C@@H](C(=O)[O-])C1)c1sccc1C,1,0,0.514,1,True
CC1CN(CC[NH2+]1)c2c(cc3c(c2OC)n(cc(c3=O)C(=O)[O-])C4CC4)F,COc1c(N2CC[NH2+]C(C)C2)c(F)cc2c(=O)c(C(=O)[O-])cn(C3CC3)c12,1,0,0.628,1,True
Cc1cnc(cn1)C(=O)NCCc2ccc(cc2)S(=O)(=O)[N-]C(=O)NC3CCCCC3,Cc1cnc(C(=O)NCCc2ccc(S(=O)(=O)[N-]C(=O)NC3CCCCC3)cc2)cn1,1,0,0.795,1,True
CC1COc2c3n1cc(c(=O)c3cc(c2N4CC[NH+](CC4)C)F)C(=O)[O-],CC1COc2c(N3CC[NH+](C)CC3)c(F)cc3c(=O)c(C(=O)[O-])cn1c23,1,0,0.692,1,True
Cc1nnc(o1)C(=O)NC(C)(C)c2nc(c(c(=O)n2C)[O-])C(=O)NCc3ccc(cc3)F,Cc1nnc(C(=O)NC(C)(C)c2nc(C(=O)NCc3ccc(F)cc3)c([O-])c(=O)n2C)o1,1,0,0.6743333333333332,1,True
Cc1nnc(s1)[N-]S(=O)(=O)c2ccc(cc2)N,Cc1nnc([N-]S(=O)(=O)c2ccc(N)cc2)s1,1,0,0.77,1,True
Cc1nnc(s1)SCC2=C(N3[C@@H]([C@@H](C3=O)NC(=O)Cn4cnnn4)SC2)C(=O)[O-],Cc1nnc(SCC2=C(C(=O)[O-])N3C(=O)[C@@H](NC(=O)Cn4cnnn4)[C@H]3SC2)s1,1,0,0.7183333333333334,1,True
CC1=NS(=O)(=O)c2cc(ccc2N1)Cl,CC1=NS(=O)(=O)c2cc(Cl)ccc2N1,1,0,0.8433333333333333,1,True
CC[C@@]1(c2cc-3n(c(=O)c2COC1=O)Cc4c3nc5ccc(c(c5c4)C[NH+](C)C)O)O,CC[C@@]1(O)C(=O)OCc2c1cc1n(c2=O)Cc2cc3c(C[NH+](C)C)c(O)ccc3nc2-1,1,0,0.7333333333333333,1,True
CC[C@@]1(C[C@@H]2C[C@@](C3=C(CCN(C2)C1)C4=CC=CC=C4N3)(C5=C(C=C6C(=C5)[C@]78CCN9[C@H]7[C@@](C=CC9)([C@H]([C@@]([C@@H]8N6C=O)(C(=O)OC)O)OC(=O)C)CC)OC)C(=O)OC)O,CC[C@]1(O)C[C@H]2CN(CCc3c([nH]c4ccccc34)[C@@](C(=O)OC)(c3cc4c(cc3OC)N(C=O)[C@H]3[C@@](O)(C(=O)OC)[C@H](OC(C)=O)[C@]5(CC)C=CCN6CC[C@]43[C@@H]65)C2)C1,0,1,0.942,1,False
CC[C@@]1(C[C@@H]2C[C@@](C3=C(CCN(C2)C1)C4=CC=CC=C4N3)(C5=C(C=C6C(=C5)[C@]78CCN9[C@H]7[C@@](C=CC9)([C@H]([C@@]([C@@H]8N6C=O)(C(=O)OC)O)OC(=O)C)CC)OC)C(=O)OC)O.OS(=O)(=O)O,CC[C@]1(O)C[C@H]2CN(CCc3c([nH]c4ccccc34)[C@@](C(=O)OC)(c3cc4c(cc3OC)N(C=O)[C@H]3[C@@](O)(C(=O)OC)[C@H](OC(C)=O)[C@]5(CC)C=CCN6CC[C@]43[C@@H]65)C2)C1.O=S(=O)(O)O,0,1,0.928,1,False
CC[C@@H](C(C[C@H](C)[NH+](C)C)(c1ccccc1)c2ccccc2)OC(=O)C,CC[C@H](OC(C)=O)C(C[C@H](C)[NH+](C)C)(c1ccccc1)c1ccccc1,1,0,0.658,1,True
CC[C@@H](C)C(=O)O[C@H]1[C@@H]([C@H]2[C@@H](C[NH+]3C[C@H](CC[C@H]3[C@@]2(C)O)C)[C@H]4[C@@]1([C@@H]5[C@@H]([C@@H]([C@H]6[C@]7([C@]5(C4)O[C@@]6([C@H](CC7)OC(=O)[C@](C)(CC)O)O)C)OC(=O)C)OC(=O)C)O)O,CC[C@@H](C)C(=O)O[C@H]1[C@H](O)[C@H]2[C@@H](C[NH+]3C[C@@H](C)CC[C@H]3[C@@]2(C)O)[C@@H]2C[C@]34O[C@]5(O)[C@@H](OC(=O)[C@@](C)(O)CC)CC[C@@]3(C)[C@@H]5[C@@H](OC(C)=O)[C@@H](OC(C)=O)[C@H]4[C@@]21O,1,0,0.29669999999999996,0,False
CC[C@@H](c1cccc(c1)O)[C@@H](C)C[NH+](C)C,CC[C@@H](c1cccc(O)c1)[C@@H](C)C[NH+](C)C,1,0,0.728,1,True
CC[C@@H](CO)[NH2+]CCN[C@@H](CC)CO,CC[C@@H](CO)NCC[NH2+][C@@H](CC)CO,1,0,0.7875,1,True
CC[C@@H](CO)NC(=O)[C@H]1C[NH+]([C@@H]2Cc3c[nH]c4c3c(ccc4)C2=C1)C,CC[C@@H](CO)NC(=O)[C@@H]1C=C2c3cccc4[nH]cc(c34)C[C@H]2[NH+](C)C1,1,0,0.791,1,True
CC[C@@H](CO)NC(=O)[C@H]1C[NH+]([C@@H]2Cc3cn(c4c3c(ccc4)C2=C1)C)C,CC[C@@H](CO)NC(=O)[C@@H]1C=C2c3cccc4c3c(cn4C)C[C@H]2[NH+](C)C1,1,0,0.7636666666666666,1,True
CC[C@@H]1/C=C(\\C[C@@H](C[C@@H]([C@@H]2[C@H](C[C@H]([C@@](O2)(C(=O)C(=O)N3CCCC[C@H]3C(=O)O[C@@H]([C@@H]([C@H](CC1=O)O)C)/C(=C/[C@@H]4CC[C@@H]([C@@H](C4)OC)Cl)/C)O)C)OC)OC)C)/C,CC[C@@H]1/C=C(/C)C[C@H](C)C[C@H](OC)[C@H]2O[C@@](O)(C(=O)C(=O)N3CCCC[C@H]3C(=O)O[C@H](/C(C)=C/[C@@H]3CC[C@H](Cl)[C@H](OC)C3)[C@H](C)[C@@H](O)CC1=O)[C@H](C)C[C@@H]2OC,1,0,0.8067666666666665,1,True
CC[C@@H]1[C@@]([C@@H]([C@H]([NH+](C[C@@H](C[C@@]([C@@H](C([C@@H]([C@H](C(=O)O1)C)O[C@H]2C[C@@]([C@H]([C@@H](O2)C)O)(C)OC)C)O[C@H]3[C@@H]([C@H](C[C@H](O3)C)[NH+](C)C)O)(C)O)C)C)C)O)(C)O,CC[C@H]1OC(=O)[C@H](C)[C@@H](O[C@H]2C[C@@](C)(OC)[C@@H](O)[C@H](C)O2)C(C)[C@@H](O[C@@H]2O[C@H](C)C[C@H]([NH+](C)C)[C@H]2O)[C@](C)(O)C[C@@H](C)C[NH+](C)[C@H](C)[C@@H](O)[C@]1(C)O,1,0,0.71,1,True
CC[C@@H]1[C@@]([C@@H]([C@H](C(=O)[C@@H](C[C@@]([C@@H]([C@H]([C@@H]([C@H](C(=O)O1)C)O[C@H]2C[C@@]([C@H]([C@@H](O2)C)O)(C)OC)C)O[C@H]3[C@@H]([C@H](C[C@H](O3)C)[NH+](C)C)O)(C)O)C)C)O)(C)O,CC[C@H]1OC(=O)[C@H](C)[C@@H](O[C@H]2C[C@@](C)(OC)[C@@H](O)[C@H](C)O2)[C@H](C)[C@@H](O[C@@H]2O[C@H](C)C[C@H]([NH+](C)C)[C@H]2O)[C@](C)(O)C[C@@H](C)C(=O)[C@H](C)[C@@H](O)[C@]1(C)O,1,0,0.7333333333333333,1,True
CC[C@@H]1[C@@]([C@@H]([C@H](C(=O)[C@@H](C[C@@]([C@@H]([C@H]([C@@H]([C@H](C(=O)O1)C)O[C@H]2C[C@@]([C@H]([C@@H](O2)C)O)(C)OC)C)O[C@H]3[C@@H]([C@H](C[C@H](O3)C)[NH+](C)C)O)(C)OC)C)C)O)(C)O,CC[C@H]1OC(=O)[C@H](C)[C@@H](O[C@H]2C[C@@](C)(OC)[C@@H](O)[C@H](C)O2)[C@H](C)[C@@H](O[C@@H]2O[C@H](C)C[C@H]([NH+](C)C)[C@H]2O)[C@](C)(OC)C[C@@H](C)C(=O)[C@H](C)[C@@H](O)[C@]1(C)O,1,0,0.66,1,True
CC[C@@H]1[C@@]([C@@H]([C@H](C(=O)[C@@H](C[C@@]([C@@H]([C@H]([C@@H]([C@H](C(=O)O1)C)O[C@H]2C[C@@]([C@H]([C@@H](O2)C)O)(C)OC)C)O[C@H]3[C@@H]([C@H](C[C@H](O3)C)[NH+](C)C)OC(=O)CC)(C)O)C)C)O)(C)O,CCC(=O)O[C@H]1[C@H](O[C@@H]2[C@@H](C)[C@H](O[C@H]3C[C@@](C)(OC)[C@@H](O)[C@H](C)O3)[C@@H](C)C(=O)O[C@H](CC)[C@@](C)(O)[C@H](O)[C@@H](C)C(=O)[C@H](C)C[C@@]2(C)O)O[C@H](C)C[C@@H]1[NH+](C)C,1,0,0.728,1,True
CC[C@@H]1C(=O)N2CCC[C@H]2C(=O)N([C@H](C(=O)N3CC(C(=O)CC3C(=O)N[C@H](C(=O)O[C@@H]([C@@H](C(=O)N1)NC(=O)c4c(cccn4)O)C)c5ccccc5)CS[C@@H]6C[NH+]7CCC6CC7)Cc8ccc(cc8)N(C)C)C,CC[C@H]1NC(=O)[C@@H](NC(=O)c2ncccc2O)[C@@H](C)OC(=O)[C@H](c2ccccc2)NC(=O)C2CC(=O)C(CS[C@@H]3C[NH+]4CCC3CC4)CN2C(=O)[C@H](Cc2ccc(N(C)C)cc2)N(C)C(=O)[C@@H]2CCCN2C1=O,1,0,0.5013333333333334,1,True
CC[C@]12CC[C@H]3[C@H]([C@@H]1CC[C@]2(C#C)O)CCC4=C/C(=N/O)/CC[C@H]34,C#C[C@]1(O)CC[C@H]2[C@@H]3CCC4=C/C(=N/O)CC[C@@H]4[C@H]3CC[C@@]21CC,1,0,0.97,1,True
CC[C@H](C)[C@@H]1[C@H](CC[C@@]2(O1)C[C@@H]3C[C@H](O2)C/C=C(/[C@H]([C@H](/C=C/C=C/4\CO[C@H]5[C@@]4([C@@H](C=C([C@H]5O)C)C(=O)O3)O)C)O[C@H]6C[C@@H]([C@H]([C@@H](O6)C)O[C@H]7C[C@@H]([C@H]([C@@H](O7)C)O)OC)OC)\C)C,CC[C@H](C)[C@H]1O[C@]2(CC[C@@H]1C)C[C@@H]1C[C@@H](C/C=C(\C)[C@@H](O[C@H]3C[C@H](OC)[C@@H](O[C@H]4C[C@H](OC)[C@@H](O)[C@H](C)O4)[C@H](C)O3)[C@@H](C)/C=C/C=C3\CO[C@@H]4[C@H](O)C(C)=C[C@@H](C(=O)O1)[C@]34O)O2,1,0,0.331,0,False
CC[C@H](C)[C@H]1C(=O)N[C@H](C(=O)N[C@H](C(=O)N[C@@H](CSSC[C@@H](C(=O)N[C@H](C(=O)N1)Cc2ccc(cc2)O)[NH3+])C(=O)N3CCC[C@H]3C(=O)N[C@@H](CC(C)C)C(=O)NCC(=O)N)CC(=O)N)CCC(=O)N,CC[C@H](C)[C@@H]1NC(=O)[C@H](Cc2ccc(O)cc2)NC(=O)[C@@H]([NH3+])CSSC[C@@H](C(=O)N2CCC[C@H]2C(=O)N[C@@H](CC(C)C)C(=O)NCC(N)=O)NC(=O)[C@H](CC(N)=O)NC(=O)[C@H](CCC(N)=O)NC1=O,1,0,0.926,1,True
CC[C@H](C)C(=O)O[C@H]1C[C@@H](C=C2[C@H]1[C@H]([C@H](C=C2)C)CC[C@H](C[C@H](CC(=O)[O-])O)O)O,CC[C@H](C)C(=O)O[C@H]1C[C@H](O)C=C2C=C[C@H](C)[C@H](CC[C@@H](O)C[C@@H](O)CC(=O)[O-])[C@H]21,1,0,0.3265,0,False
CC[C@H]1CCC[C@@H]([C@H](C(=O)C2=C[C@H]3[C@@H]4C[C@@H](C[C@H]4C(=C[C@H]3[C@@H]2CC(=O)O1)C)O[C@H]5[C@@H]([C@@H]([C@H]([C@@H](O5)C)OC)OC)OC)C)O[C@H]6CC[C@@H]([C@H](O6)C)[NH+](C)C,CC[C@H]1CCC[C@H](O[C@H]2CC[C@H]([NH+](C)C)[C@@H](C)O2)[C@@H](C)C(=O)C2=C[C@@H]3[C@@H](C=C(C)[C@@H]4C[C@@H](O[C@@H]5O[C@@H](C)[C@H](OC)[C@@H](OC)[C@H]5OC)C[C@@H]34)[C@@H]2CC(=O)O1,1,0,0.18,0,False
CC[NH+](CC)C(C)C(=O)c1ccccc1,CC[NH+](CC)C(C)C(=O)c1ccccc1,1,0,0.912,1,True
CC[NH+](CC)C(C)CN1c2ccccc2Sc3c1cccc3,CC[NH+](CC)C(C)CN1c2ccccc2Sc2ccccc21,1,0,0.962,1,True
CC[NH+](CC)CC#CCOC(=O)C(c1ccccc1)(C2CCCCC2)O,CC[NH+](CC)CC#CCOC(=O)C(O)(c1ccccc1)C1CCCCC1,1,0,0.868,1,True
CC[NH+](CC)CC(=O)Nc1c(cccc1C)C,CC[NH+](CC)CC(=O)Nc1c(C)cccc1C,1,0,0.7746666666666666,1,True
CC[NH+](CC)CC(=O)OCC(=O)[C@]1(CC[C@@H]2[C@@]1(C[C@@H]([C@H]3[C@H]2CCC4=CC(=O)CC[C@]34C)O)C)O,CC[NH+](CC)CC(=O)OCC(=O)[C@@]1(O)CC[C@H]2[C@@H]3CCC4=CC(=O)CC[C@]4(C)[C@H]3[C@@H](O)C[C@@]21C,1,0,0.8566666666666667,1,True
CC[NH+](CC)Cc1cc(ccc1O)Nc2ccnc3c2ccc(c3)Cl,CC[NH+](CC)Cc1cc(Nc2ccnc3cc(Cl)ccc23)ccc1O,1,0,0.836,1,True
CC[NH+](CC)CCCC(C)Nc1cc[nH+]c2c1ccc(c2)Cl,CC[NH+](CC)CCCC(C)Nc1cc[nH+]c2cc(Cl)ccc12,1,0,0.726,1,True
CC[NH+](CC)CCN1c2ccc(cc2C(=NCC1=O)c3ccccc3F)Cl,CC[NH+](CC)CCN1C(=O)CN=C(c2ccccc2F)c2cc(Cl)ccc21,1,0,0.8903333333333334,1,True
CC[NH+](CC)CCNC(=O)c1c(c([nH]c1C)/C=C\2/c3cc(ccc3NC2=O)F)C,CC[NH+](CC)CCNC(=O)c1c(C)[nH]c(/C=C2\C(=O)Nc3ccc(F)cc32)c1C,1,0,0.7857999999999999,1,True
CC[NH+](CC)CCNC(=O)c1cc(c(cc1OC)N)Cl,CC[NH+](CC)CCNC(=O)c1cc(Cl)c(N)cc1OC,1,0,0.5853333333333333,1,True
CC[NH+](CC)CCNC(=O)c1ccc(cc1)N,CC[NH+](CC)CCNC(=O)c1ccc(N)cc1,1,0,0.772,1,True
CC[NH+](CC)CCOC(=O)C1(CCCCC1)C2CCCCC2,CC[NH+](CC)CCOC(=O)C1(C2CCCCC2)CCCCC1,1,0,0.78,1,True
CC[NH+](CC)CCOC(=O)c1ccc(cc1)N,CC[NH+](CC)CCOC(=O)c1ccc(N)cc1,1,0,0.9023333333333333,1,True
CC[NH+](CC)CCOC(=O)c1ccc(cc1Cl)N,CC[NH+](CC)CCOC(=O)c1ccc(N)cc1Cl,1,0,0.8453333333333334,1,True
CC[NH+](CC)CCOc1ccc(cc1)/C(=C(/c2ccccc2)\Cl)/c3ccccc3,CC[NH+](CC)CCOc1ccc(/C(=C(\Cl)c2ccccc2)c2ccccc2)cc1,1,0,0.8793333333333334,1,True
CC[NH+](CCCC(C)Nc1cc[nH+]c2c1ccc(c2)Cl)CCO,CC[NH+](CCO)CCCC(C)Nc1cc[nH+]c2cc(Cl)ccc12,1,0,0.65,1,True
CC[NH2+][C@@H]1C[C@@H]([C@H]([C@@H]([C@H]1O[C@@H]2[C@@H]([C@H]([C@@](CO2)(C)O)[NH2+]C)O)O)O[C@@H]3[C@@H](CC=C(O3)C[NH3+])[NH3+])[NH3+],CC[NH2+][C@@H]1C[C@H]([NH3+])[C@@H](O[C@H]2OC(C[NH3+])=CC[C@H]2[NH3+])[C@H](O)[C@H]1O[C@H]1OC[C@](C)(O)[C@H]([NH2+]C)[C@H]1O,1,0,0.3912,0,False
CC[NH2+][C@H]1C[C@@H](S(=O)(=O)c2c1cc(s2)S(=O)(=O)N)C,CC[NH2+][C@H]1C[C@H](C)S(=O)(=O)c2sc(S(N)(=O)=O)cc21,1,0,0.782,1,True
CC[NH2+][C@H]1CN(S(=O)(=O)c2c1cc(s2)S(=O)(=O)N)CCCOC,CC[NH2+][C@H]1CN(CCCOC)S(=O)(=O)c2sc(S(N)(=O)=O)cc21,1,0,0.834,1,True
CC\1=C(c2cc(ccc2/C1=C\c3ccc(cc3)S(=O)C)F)CC(=O)[O-],CC1=C(CC(=O)[O-])c2cc(F)ccc2/C1=C\c1ccc(S(C)=O)cc1,1,0,0.68,1,True
CCC(/C=C/Cl)(C#C)O,C#CC(O)(/C=C/Cl)CC,1,0,0.886,1,True
CCC(C(c1ccc(c(c1)O)O)O)[NH2+]C(C)C,CCC([NH2+]C(C)C)C(O)c1ccc(O)c(O)c1,1,0,0.846,1,True
CCC(C)(C)C1C(=O)N2CCCC2C3(N1C(=O)C(O3)(C(C)C)NC(=O)C4CC5c6cccc7c6c(c[nH]7)CC5[NH+](C4)C)O,CCC(C)(C)C1C(=O)N2CCCC2C2(O)OC(NC(=O)C3CC4c5cccc6[nH]cc(c56)CC4[NH+](C)C3)(C(C)C)C(=O)N12,1,0,0.7186666666666667,1,True
CCC(=C)C(=O)c1ccc(c(c1Cl)Cl)OCC(=O)[O-],C=C(CC)C(=O)c1ccc(OCC(=O)[O-])c(Cl)c1Cl,1,0,0.512,1,True
CCC(C)C1C(=O)NC(C(=O)NC(C(=O)NC(C(=O)NC(C(=O)NCCCCC(C(=O)NC(C(=O)N1)CCC[NH3+])NC(=O)C(C(C)CC)NC(=O)C(CCC(=O)[O-])NC(=O)C(CC(C)C)NC(=O)C2CSC(=N2)C(C(C)CC)[NH3+])CC(=O)N)CC(=O)[O-])CC3C=NC=[NH+]3)Cc4ccccc4,CCC(C)C([NH3+])C1=NC(C(=O)NC(CC(C)C)C(=O)NC(CCC(=O)[O-])C(=O)NC(C(=O)NC2CCCCNC(=O)C(CC(N)=O)NC(=O)C(CC(=O)[O-])NC(=O)C(CC3C=NC=[NH+]3)NC(=O)C(Cc3ccccc3)NC(=O)C(C(C)CC)NC(=O)C(CCC[NH3+])NC2=O)C(C)CC)CS1,1,0,0.398,0,False
CCC(C)C1C(=O)NC(C(=O)NC(C(=O)NC(CSSCC(C(=O)NC(C(=O)N1)Cc2ccc(cc2)O)[NH3+])C(=O)N3CCCC3C(=O)NC(CC(C)C)C(=O)NCC(=O)N)CC(=O)N)C(C)O,CCC(C)C1NC(=O)C(Cc2ccc(O)cc2)NC(=O)C([NH3+])CSSCC(C(=O)N2CCCC2C(=O)NC(CC(C)C)C(=O)NCC(N)=O)NC(=O)C(CC(N)=O)NC(=O)C(C(C)O)NC1=O,1,0,0.852,1,True
CCC(C)CCCC(=O)N[C@@H](CC[NH3+])C(=O)N[C@@H]([C@@H](C)O)C(=O)N[C@@H](CC[NH3+])C(=O)N[C@H]1CCNC(=O)[C@@H](NC(=O)[C@@H](NC(=O)[C@@H](NC(=O)[C@@H](NC(=O)[C@H](NC(=O)[C@@H](NC1=O)CC[NH3+])CC(C)C)CC(C)C)CC[NH3+])CC[NH3+])[C@@H](C)O,CCC(C)CCCC(=O)N[C@@H](CC[NH3+])C(=O)N[C@H](C(=O)N[C@@H](CC[NH3+])C(=O)N[C@H]1CCNC(=O)[C@H]([C@@H](C)O)NC(=O)[C@H](CC[NH3+])NC(=O)[C@H](CC[NH3+])NC(=O)[C@H](CC(C)C)NC(=O)[C@@H](CC(C)C)NC(=O)[C@H](CC[NH3+])NC1=O)[C@@H](C)O,1,0,0.148,0,False
CCC(C)CCCCC(=O)NC(CC[NH3+])C(=O)NC(C(C)O)C(=O)NC(CC[NH3+])C(=O)NC1CCNC(=O)C(NC(=O)C(NC(=O)C(NC(=O)C(NC(=O)C(NC(=O)C(NC1=O)CC[NH3+])Cc2ccccc2)CC(C)C)CC[NH3+])CC[NH3+])C(C)O,CCC(C)CCCCC(=O)NC(CC[NH3+])C(=O)NC(C(=O)NC(CC[NH3+])C(=O)NC1CCNC(=O)C(C(C)O)NC(=O)C(CC[NH3+])NC(=O)C(CC[NH3+])NC(=O)C(CC(C)C)NC(=O)C(Cc2ccccc2)NC(=O)C(CC[NH3+])NC1=O)C(C)O,1,0,0.274,0,False
CCC(C)n1c(=O)n(cn1)c2ccc(cc2)N3CCN(CC3)c4ccc(cc4)OC[C@H]5CO[C@](O5)(Cn6cncn6)c7ccc(cc7Cl)Cl,CCC(C)n1ncn(-c2ccc(N3CCN(c4ccc(OC[C@H]5CO[C@](Cn6cncn6)(c6ccc(Cl)cc6Cl)O5)cc4)CC3)cc2)c1=O,1,0,0.9213333333333332,1,True
CCC(c1ccccc1)c2c(c3ccccc3oc2=O)[O-],CCC(c1ccccc1)c1c([O-])c2ccccc2oc1=O,1,0,0.619,1,True
CCC(CC)O[C@@H]1C=C(C[C@@H]([C@H]1NC(=O)C)[NH3+])C(=O)OCC,CCOC(=O)C1=C[C@@H](OC(CC)CC)[C@H](NC(C)=O)[C@@H]([NH3+])C1,1,0,0.7633333333333334,1,True
CCC(Cc1c(cc(c(c1I)N)I)I)C(=O)[O-],CCC(Cc1c(I)cc(I)c(N)c1I)C(=O)[O-],1,0,0.376,0,False
C=CC(CCC(=O)[O-])[NH3+],C=CC([NH3+])CCC(=O)[O-],1,0,0.12,0,False
CCC(=O)[C@]1([C@@H](CC2[C@@]1(C[C@@H](C3C2CCC4=CC(=O)C=C[C@]34C)O)C)C)C,CCC(=O)[C@@]1(C)[C@H](C)CC2C3CCC4=CC(=O)C=C[C@]4(C)C3[C@@H](O)C[C@@]21C,1,0,0.592,1,True
CCC(=O)C(CC(C)[NH+](C)C)(c1ccccc1)c2ccccc2,CCC(=O)C(CC(C)[NH+](C)C)(c1ccccc1)c1ccccc1,1,0,0.914,1,True
CCC(=O)c1ccc2c(c1)N(c3ccccc3S2)CC(C)[NH+](C)C,CCC(=O)c1ccc2c(c1)N(CC(C)[NH+](C)C)c1ccccc1S2,1,0,0.8905,1,True
CCC(=O)N(c1ccccc1)C2(CC[NH+](CC2)CCC(=O)OC)C(=O)OC,CCC(=O)N(c1ccccc1)C1(C(=O)OC)CC[NH+](CCC(=O)OC)CC1,1,0,0.808,1,True
CCC(=O)N(c1ccccc1)C2(CC[NH+](CC2)CCc3cccs3)COC,CCC(=O)N(c1ccccc1)C1(COC)CC[NH+](CCc2cccs2)CC1,1,0,0.7826666666666666,1,True
CCC(=O)N(c1ccccc1)C2(CC[NH+](CC2)CCn3c(=O)n(nn3)CC)COC,CCC(=O)N(c1ccccc1)C1(COC)CC[NH+](CCn2nnn(CC)c2=O)CC1,1,0,0.799,1,True
CCC(=O)N(c1ccccc1)C2CC[NH+](CC2)CCc3ccccc3,CCC(=O)N(c1ccccc1)C1CC[NH+](CCc2ccccc2)CC1,1,0,0.814,1,True
CCC(=O)O[C@@](Cc1ccccc1)(c2ccccc2)[C@@H](C)C[NH+](C)C,CCC(=O)O[C@@](Cc1ccccc1)(c1ccccc1)[C@@H](C)C[NH+](C)C,1,0,0.796,1,True
CCC(=O)O[C@@]1([C@H](CC2C1(CC([C@]3(C2C[C@@H](C4=CC(=O)C=CC43C)F)F)O)C)C)C(=O)CCl,CCC(=O)O[C@]1(C(=O)CCl)[C@@H](C)CC2C3C[C@H](F)C4=CC(=O)C=CC4(C)[C@@]3(F)C(O)CC21C,1,0,0.717,1,True
CCC(=O)O[C@](Cc1ccccc1)(c2ccccc2)[C@H](C)C[NH+](C)C,CCC(=O)O[C@](Cc1ccccc1)(c1ccccc1)[C@H](C)C[NH+](C)C,1,0,0.796,1,True
CCC(=O)O[C@H]1[C@H](C[C@@H]2[C@@]1(CC[C@H]3[C@H]2CC[C@@H]4[C@@]3(C[C@@H]([C@H](C4)OC(=O)C)[NH+]5CCCCC5)C)C)[N+]6(CCCCC6)CC=C,C=CC[N+]1([C@H]2C[C@H]3[C@@H]4CC[C@H]5C[C@H](OC(C)=O)[C@@H]([NH+]6CCCCC6)C[C@]5(C)[C@H]4CC[C@]3(C)[C@H]2OC(=O)CC)CCCCC1,1,0,0.6806666666666666,1,True
CCC(=O)OC(C(C)C)OP(=O)(CCCCc1ccccc1)CC(=O)N2C[C@@H](C[C@H]2C(=O)[O-])C3CCCCC3,CCC(=O)OC(OP(=O)(CCCCc1ccccc1)CC(=O)N1C[C@H](C2CCCCC2)C[C@H]1C(=O)[O-])C(C)C,1,0,0.692,1,True
CCC(=O)OCCNC(=O)C[n+]1ccccc1,CCC(=O)OCCNC(=O)C[n+]1ccccc1,1,0,0.658,1,True
CCC1(C(=O)NC(=O)CS1)c2ccccc2,CCC1(c2ccccc2)SCC(=O)NC1=O,1,0,0.889,1,True
CCc1c([nH]c2c1C(=O)C(CC2)C[NH+]3CCOCC3)C,CCc1c(C)[nH]c2c1C(=O)C(C[NH+]1CCOCC1)CC2,1,0,0.586,1,True
CCc1c(c(c(c(c1Cl)[O-])Cl)O)C(=O)O[C@@H]2[C@H](O[C@H]([C@H]([C@H]2O)OC)OC/C/3=C\\C=C\\C[C@@H](/C(=C/[C@@H]([C@H](/C(=C/C(=C/C[C@H](OC3=O)[C@@H](C)O)/C)/C)O[C@H]4[C@H]([C@H]([C@@H](C(O4)(C)C)OC(=O)C(C)C)O)O)CC)/C)O)C,CCc1c(Cl)c([O-])c(Cl)c(O)c1C(=O)O[C@H]1[C@H](O)[C@H](OC)[C@H](OC/C2=C\C=C\C[C@H](O)/C(C)=C/[C@H](CC)[C@@H](O[C@@H]3OC(C)(C)[C@@H](OC(=O)C(C)C)[C@H](O)[C@@H]3O)/C(C)=C/C(C)=C/C[C@@H]([C@@H](C)O)OC2=O)O[C@@H]1C,1,0,0.3176666666666667,0,False
CCC1=C(CN(C1=O)C(=O)NCCc2ccc(cc2)S(=O)(=O)[N-]C(=O)NC3CCC(CC3)C)C,CCC1=C(C)CN(C(=O)NCCc2ccc(S(=O)(=O)[N-]C(=O)NC3CCC(C)CC3)cc2)C1=O,1,0,0.77,1,True
C=CC1=C(N2[C@@H]([C@@H](C2=O)NC(=O)/C(=N\O)/c3csc(n3)N)SC1)C(=O)[O-],C=CC1=C(C(=O)[O-])N2C(=O)[C@@H](NC(=O)/C(=N\O)c3csc(N)n3)[C@H]2SC1,1,0,0.8136333333333333,1,True
C=CC1=C(N2[C@@H]([C@@H](C2=O)NC(=O)/C(=N\OCC(=O)[O-])/c3csc(n3)N)SC1)C(=O)[O-],C=CC1=C(C(=O)[O-])N2C(=O)[C@@H](NC(=O)/C(=N\OCC(=O)[O-])c3csc(N)n3)[C@H]2SC1,1,0,0.7728333333333334,1,True
CCc1c2cc(ccc2nc-3c1Cn4c3cc5c(c4=O)COC(=O)[C@@]5(CC)O)OC(=O)N6CCC(CC6)[NH+]7CCCCC7,CCc1c2c(nc3ccc(OC(=O)N4CCC([NH+]5CCCCC5)CC4)cc13)-c1cc3c(c(=O)n1C2)COC(=O)[C@]3(O)CC,1,0,0.698,1,True
CCC1=C[C@H]2C[C@@](C3=C(CN(C2)C1)C4=CC=CC=C4N3)(C5=C(C=C6C(=C5)[C@]78CCN9[C@H]7[C@@](C=CC9)([C@H]([C@@]([C@@H]8N6C)(C(=O)OC)O)OC(=O)C)CC)OC)C(=O)OC,CCC1=C[C@@H]2CN(C1)Cc1c([nH]c3ccccc13)[C@@](C(=O)OC)(c1cc3c(cc1OC)N(C)[C@H]1[C@@](O)(C(=O)OC)[C@H](OC(C)=O)[C@]4(CC)C=CCN5CC[C@]31[C@@H]54)C2,0,1,0.982,1,False
CCc1cc2c(cc1CC)CC(C2)[NH2+]C[C@@H](c3ccc(c4c3ccc(=O)[nH]4)O)O,CCc1cc2c(cc1CC)CC([NH2+]C[C@H](O)c1ccc(O)c3[nH]c(=O)ccc13)C2,1,0,0.776,1,True
CCC1=CC2C[C@@](c3c(c4ccccc4[nH]3)C[NH+](C2)C1)(c5cc6c(cc5OC)N([C@@H]7[C@]68CC[NH+]9[C@H]8[C@@](C=CC9)([C@H]([C@@]7(C(=O)OC)O)OC(=O)C)CC)C)C(=O)OC,CCC1=CC2C[NH+](C1)Cc1c([nH]c3ccccc13)[C@@](C(=O)OC)(c1cc3c(cc1OC)N(C)[C@H]1[C@@](O)(C(=O)OC)[C@H](OC(C)=O)[C@]4(CC)C=CC[NH+]5CC[C@]31[C@@H]54)C2,1,0,0.745,1,True
CCc1ccc(nc1)CCOc2ccc(cc2)CC3C(=O)[N-]C(=O)S3,CCc1ccc(CCOc2ccc(CC3SC(=O)[N-]C3=O)cc2)nc1,1,0,0.764,1,True
CCc1cccc2c1[nH]c3c2CCOC3(CC)CC(=O)[O-],CCc1cccc2c3c([nH]c12)C(CC)(CC(=O)[O-])OCC3,1,0,0.722,1,True
CCc1nn(c(=O)n1CCOc2ccccc2)CCC[NH+]3CCN(CC3)c4cccc(c4)Cl,CCc1nn(CCC[NH+]2CCN(c3cccc(Cl)c3)CC2)c(=O)n1CCOc1ccccc1,1,0,0.802,1,True
CCC[C@@H](C(=O)OCC)[NH2+][C@@H](C)C(=O)N1[C@H]2CCCC[C@H]2C[C@H]1C(=O)[O-],CCC[C@H]([NH2+][C@@H](C)C(=O)N1[C@H](C(=O)[O-])C[C@@H]2CCCC[C@@H]21)C(=O)OCC,1,0,0.472,0,False
CCC[C@@H]1C[C@H]([NH+](C1)C)C(=O)N[C@@H]([C@@H]2[C@@H]([C@@H]([C@H]([C@H](O2)SC)O)O)O)[C@@H](C)O,CCC[C@@H]1C[C@@H](C(=O)N[C@@H]([C@H]2O[C@H](SC)[C@H](O)[C@@H](O)[C@H]2O)[C@@H](C)O)[NH+](C)C1,1,0,0.251,0,False
CCC[C@@H]1C[C@H]([NH+](C1)C)C(=O)NC([C@@H]2[C@@H]([C@@H]([C@H]([C@H](O2)SC)O)O)O)C(C)Cl,CCC[C@@H]1C[C@@H](C(=O)NC(C(C)Cl)[C@H]2O[C@H](SC)[C@H](O)[C@@H](O)[C@H]2O)[NH+](C)C1,1,0,0.30433333333333334,0,False
CCC[C@]1(CC(=C(C(=O)O1)[C@H](CC)c2cccc(c2)[N-]S(=O)(=O)c3ccc(cn3)C(F)(F)F)[O-])CCc4ccccc4,CCC[C@@]1(CCc2ccccc2)CC([O-])=C([C@H](CC)c2cccc([N-]S(=O)(=O)c3ccc(C(F)(F)F)cn3)c2)C(=O)O1,1,0,0.7,1,True
CCC[NH+](CC)C(CC)C(=O)Nc1c(cccc1C)C,CCC[NH+](CC)C(CC)C(=O)Nc1c(C)cccc1C,1,0,0.7826666666666666,1,True
CCC[NH+](CCC)CCc1cccc2c1CC(=O)N2,CCC[NH+](CCC)CCc1cccc2c1CC(=O)N2,1,0,0.6732,1,True
CCC[NH+](CCc1cccs1)[C@H]2CCc3c(cccc3O)C2,CCC[NH+](CCc1cccs1)[C@H]1CCc2c(O)cccc2C1,1,0,0.5933333333333333,1,True
CCC[NH+]1C[C@@H](C[C@H]2[C@H]1Cc3c[nH]c4c3c2ccc4)CSC,CCC[NH+]1C[C@H](CSC)C[C@@H]2c3cccc4[nH]cc(c34)C[C@H]21,1,0,0.719,1,True
C=CC[NH+]1CC[C@]23c4c5ccc(c4O[C@H]2C(=O)CC[C@]3([C@H]1C5)O)O,C=CC[NH+]1CC[C@]23c4c5ccc(O)c4O[C@H]2C(=O)CC[C@@]3(O)[C@H]1C5,1,0,0.383,0,False
C=CC[NH+]1CC[C@]23CCCC[C@H]2[C@H]1Cc4c3cc(cc4)O,C=CC[NH+]1CC[C@]23CCCC[C@H]2[C@H]1Cc1ccc(O)cc13,1,0,0.6256,1,True
CCC[NH+]1CCCC[C@H]1C(=O)Nc2c(cccc2C)C,CCC[NH+]1CCCC[C@H]1C(=O)Nc1c(C)cccc1C,1,0,0.706,1,True
CCC[NH2+][C@H]1CCc2c(sc(n2)N)C1,CCC[NH2+][C@H]1CCc2nc(N)sc2C1,1,0,0.7506666666666667,1,True
CCC[NH2+]C(C)C(=O)Nc1c(csc1C(=O)OC)C,CCC[NH2+]C(C)C(=O)Nc1c(C)csc1C(=O)OC,1,0,0.6456666666666667,1,True
CCC[NH2+]C(C)C(=O)Nc1ccccc1C,CCC[NH2+]C(C)C(=O)Nc1ccccc1C,1,0,0.7316666666666666,1,True
CCC[NH2+]CC(COc1ccccc1C(=O)CCc2ccccc2)O,CCC[NH2+]CC(O)COc1ccccc1C(=O)CCc1ccccc1,1,0,0.798,1,True
CCCC(C)C1(C(=O)NC(=[NH+]C1=O)S)CC=C,C=CCC1(C(C)CCC)C(=O)NC(S)=[NH+]C1=O,1,0,0.852,1,True
CCCC(CCC)C(=O)[O-],CCCC(CCC)C(=O)[O-],1,0,0.14292857142857143,0,False
CCCC(=O)Nc1c(cc(c(c1I)CC(CC)C(=O)[O-])I)I,CCCC(=O)Nc1c(I)cc(I)c(CC(CC)C(=O)[O-])c1I,1,0,0.392,0,False
CCCC(=O)Nc1ccc(c(c1)C(=O)C)OCC(C[NH2+]C(C)C)O,CCCC(=O)Nc1ccc(OCC(O)C[NH2+]C(C)C)c(C(C)=O)c1,1,0,0.6743333333333332,1,True
CCCc1c2c(c(=O)[nH]c(n2)c3cc(ccc3OCC)S(=O)(=O)N4CC[NH+](CC4)C)n(n1)C,CCCc1nn(C)c2c(=O)[nH]c(-c3cc(S(=O)(=O)N4CC[NH+](C)CC4)ccc3OCC)nc12,1,0,0.8676666666666667,1,True
CCCc1c2c(cc3c1oc(cc3=O)C(=O)[O-])c(=O)cc(n2CC)C(=O)[O-],CCCc1c2oc(C(=O)[O-])cc(=O)c2cc2c(=O)cc(C(=O)[O-])n(CC)c12,1,0,0.564,1,True
CCCc1nc(c(n1Cc2ccc(cc2)c3ccccc3c4n[n-]nn4)C(=O)OCc5c(oc(=O)o5)C)C(C)(C)O,CCCc1nc(C(C)(C)O)c(C(=O)OCc2oc(=O)oc2C)n1Cc1ccc(-c2ccccc2-c2nn[n-]n2)cc1,1,0,0.728,1,True
CCCc1nc(c2n1[nH]c(nc2=O)c3cc(ccc3OCC)S(=O)(=O)N4CC[NH+](CC4)CC)C,CCCc1nc(C)c2c(=O)nc(-c3cc(S(=O)(=O)N4CC[NH+](CC)CC4)ccc3OCC)[nH]n12,1,0,0.699,1,True
CCCc1nc2c(cc(cc2n1Cc3ccc(cc3)c4ccccc4C(=O)[O-])c5nc6ccccc6n5C)C,CCCc1nc2c(C)cc(-c3nc4ccccc4n3C)cc2n1Cc1ccc(-c2ccccc2C(=O)[O-])cc1,1,0,0.6953333333333332,1,True
CCCC[NH+](CCCC)CC(c1cc(cc\2c1-c3ccc(cc3/C2=C/c4ccc(cc4)Cl)Cl)Cl)O,CCCC[NH+](CCCC)CC(O)c1cc(Cl)cc2c1-c1ccc(Cl)cc1/C2=C/c1ccc(Cl)cc1,1,0,0.6558333333333334,1,True
CCCC[NH+](CCCC)CCC(c1cc2c(cc(cc2Cl)Cl)c3c1ccc(c3)C(F)(F)F)O,CCCC[NH+](CCCC)CCC(O)c1cc2c(Cl)cc(Cl)cc2c2cc(C(F)(F)F)ccc12,1,0,0.7765,1,True
CCCC[NH+]1C[C@@H]([C@H]([C@@H]([C@H]1CO)O)O)O,CCCC[NH+]1C[C@H](O)[C@@H](O)[C@H](O)[C@H]1CO,1,0,0.5308833333333334,1,True
CCCC[NH+]1CCCC[C@H]1C(=O)Nc2c(cccc2C)C,CCCC[NH+]1CCCC[C@H]1C(=O)Nc1c(C)cccc1C,1,0,0.6946666666666667,1,True
CCCC[NH+]1CCCCC1C(=O)Nc2c(cccc2C)C,CCCC[NH+]1CCCCC1C(=O)Nc1c(C)cccc1C,1,0,0.6946666666666667,1,True
CCCCC([C@]1(CC[C@H]2[C@H](O1)CC(=O)[C@H]2CCCCCCC(=O)[O-])O)(F)F,CCCCC(F)(F)[C@@]1(O)CC[C@@H]2[C@H](CCCCCCC(=O)[O-])C(=O)C[C@H]2O1,1,0,0.501,1,True
CCCCC(CC)COC(=O)/C=C/c1ccc(cc1)OC,CCCCC(CC)COC(=O)/C=C/c1ccc(OC)cc1,1,0,0.4250571428571428,0,False
CCCCC(=O)N(Cc1ccc(cc1)c2ccccc2c3[n-]nnn3)[C@@H](C(C)C)C(=O)[O-],CCCCC(=O)N(Cc1ccc(-c2ccccc2-c2nnn[n-]2)cc1)[C@H](C(=O)[O-])C(C)C,1,0,0.662,1,True
CCCCC(=O)OCC(=O)[C@@]1(Cc2c(c(c3c(c2[O-])C(=O)c4cccc(c4C3=O)OC)[O-])[C@H](C1)OC5CC(C(C(O5)C)O)NC(=O)C(F)(F)F)O,CCCCC(=O)OCC(=O)[C@]1(O)Cc2c([O-])c3c(c([O-])c2[C@@H](OC2CC(NC(=O)C(F)(F)F)C(O)C(C)O2)C1)C(=O)c1c(OC)cccc1C3=O,1,0,0.6747761904761904,1,True
CCCCc1[nH+]cc(n1Cc2ccc(cc2)C(=O)[O-])/C=C(\Cc3cccs3)/C(=O)[O-],CCCCc1[nH+]cc(/C=C(\Cc2cccs2)C(=O)[O-])n1Cc1ccc(C(=O)[O-])cc1,1,0,0.5197333333333334,1,True
CCCCc1c(c2cc(ccc2o1)NS(=O)(=O)C)C(=O)c3ccc(cc3)OCCC[NH+](CCCC)CCCC,CCCCc1oc2ccc(NS(C)(=O)=O)cc2c1C(=O)c1ccc(OCCC[NH+](CCCC)CCCC)cc1,1,0,0.6255,1,True
CCCCc1c(c2ccccc2o1)C(=O)c3cc(c(c(c3)I)OCC[NH+](CC)CC)I,CCCCc1oc2ccccc2c1C(=O)c1cc(I)c(OCC[NH+](CC)CC)c(I)c1,1,0,0.661,1,True
CCCCC[C@@H](/C=C/[C@H]1[C@@H](C[C@@H]([C@@H]1C/C=C\CCCC(=O)[O-])O)O)O,CCCCC[C@H](O)/C=C/[C@@H]1[C@@H](C/C=C\CCCC(=O)[O-])[C@@H](O)C[C@H]1O,1,0,0.2921428571428571,0,False
CCCCC[C@@H](/C=C/[C@H]1[C@@H](CC(=O)[C@@H]1C/C=C\CCCC(=O)[O-])O)O,CCCCC[C@H](O)/C=C/[C@H]1[C@H](O)CC(=O)[C@@H]1C/C=C\CCCC(=O)[O-],1,0,0.5264761904761904,1,True
CCCCC[C@@H](/C=C/[C@H]1[C@@H](CC(=O)[C@@H]1CCCCCCC(=O)[O-])O)O,CCCCC[C@H](O)/C=C/[C@H]1[C@H](O)CC(=O)[C@@H]1CCCCCCC(=O)[O-],1,0,0.3787761904761905,0,False
CCCCC[C@H](CC[C@H]1[C@@H]2Cc3cccc(c3C[C@@H]2C[C@@H]1O)OCC(=O)[O-])O,CCCCC[C@@H](O)CC[C@H]1[C@@H]2Cc3cccc(OCC(=O)[O-])c3C[C@@H]2C[C@@H]1O,1,0,0.6405,1,True
CCCCC[NH+](C)CCC(O)(P(=O)([O-])[O-])P(=O)([O-])[O-],CCCCC[NH+](C)CCC(O)(P(=O)([O-])[O-])P(=O)([O-])[O-],1,0,0.3975281385281385,0,False
CCCCCCC(C)(C)c1cc(c2c(c1)OC([C@H]3[C@H]2CC(=O)CC3)(C)C)O,CCCCCCC(C)(C)c1cc(O)c2c(c1)OC(C)(C)[C@@H]1CCC(=O)C[C@@H]21,1,0,0.776,1,True
CCCCCCC(=O)OCCN1CC[NH+](CC1)CCCN2c3ccccc3Sc4c2cc(cc4)C(F)(F)F,CCCCCCC(=O)OCCN1CC[NH+](CCCN2c3ccccc3Sc3ccc(C(F)(F)F)cc32)CC1,1,0,0.944,1,True
CCCCCCC[NH+](CC)CCCC(c1ccc(cc1)NS(=O)(=O)C)O,CCCCCCC[NH+](CC)CCCC(O)c1ccc(NS(C)(=O)=O)cc1,1,0,0.6167,1,True
CCCCCCCC/C=C\CCCCCCCC(=O)[O-],CCCCCCCC/C=C\CCCCCCCC(=O)[O-],1,0,0.01605,0,False
CCCCCCCCc1ccc(cc1)CCC(CO)(CO)[NH3+],CCCCCCCCc1ccc(CCC([NH3+])(CO)CO)cc1,1,0,0.6279785714285715,1,True
CCCCCCCCC[NH+]1C[C@@H]([C@H]([C@@H]([C@H]1CO)O)O)O,CCCCCCCCC[NH+]1C[C@H](O)[C@@H](O)[C@H](O)[C@H]1CO,1,0,0.4797714285714284,0,False
CCCCCCCCCC(=O)N[C@@H](Cc1c[nH]c2c1cccc2)C(=O)N[C@H](CC(=O)N)C(=O)N[C@@H](CC(=O)[O-])C(=O)N[C@H]3[C@H](OC(=O)[C@@H](NC(=O)[C@@H](NC(=O)[C@H](NC(=O)CNC(=O)[C@@H](NC(=O)[C@H](NC(=O)[C@@H](NC(=O)[C@@H](NC(=O)CNC3=O)CCC[NH3+])CC(=O)[O-])C)CC(=O)[O-])CO)[C@H](C)CC(=O)[O-])CC(=O)c4ccccc4N)C,CCCCCCCCCC(=O)N[C@@H](Cc1c[nH]c2ccccc12)C(=O)N[C@H](CC(N)=O)C(=O)N[C@@H](CC(=O)[O-])C(=O)N[C@@H]1C(=O)NCC(=O)N[C@@H](CCC[NH3+])C(=O)N[C@@H](CC(=O)[O-])C(=O)N[C@H](C)C(=O)N[C@@H](CC(=O)[O-])C(=O)NCC(=O)N[C@H](CO)C(=O)N[C@@H]([C@H](C)CC(=O)[O-])C(=O)N[C@@H](CC(=O)c2ccccc2N)C(=O)O[C@@H]1C,1,0,0.6872,1,True
CCCCCCCCCC(=O)OCCN1CC[NH+](CC1)CCCN2c3ccccc3Sc4c2cc(cc4)C(F)(F)F,CCCCCCCCCC(=O)OCCN1CC[NH+](CCCN2c3ccccc3Sc3ccc(C(F)(F)F)cc32)CC1,1,0,0.944,1,True
CCCCCCCCCc1ccc(cc1)OCCOCCOCCOCCOCCOCCOCCOCCOCCO,CCCCCCCCCc1ccc(OCCOCCOCCOCCOCCOCCOCCOCCOCCO)cc1,1,0,0.7415777777777778,1,True
CCCCCCCCCCCCCC(=O)OC[C@H](COP(=O)([O-])OCC[N+](C)(C)C)OC(=O)CCCCCCCCCCCCC,CCCCCCCCCCCCCC(=O)OC[C@H](COP(=O)([O-])OCC[N+](C)(C)C)OC(=O)CCCCCCCCCCCCC,1,0,0.6465023809523812,1,True
CCCCCCCCCCCCCCCC(=O)O[C@@H]1[C@H]([C@H]([C@H](O[C@@H]1SC)C(C(C)Cl)NC(=O)[C@@H]2C[C@H](C[NH+]2C)CCC)O)O,CCCCCCCCCCCCCCCC(=O)O[C@@H]1[C@@H](O)[C@@H](O)[C@@H](C(NC(=O)[C@@H]2C[C@@H](CCC)C[NH+]2C)C(C)Cl)O[C@@H]1SC,1,0,0.24325,0,False
CCCCCCCCCCCCCCCC(=O)O[C@@H]1CCCn2c1nc(c(c2=O)CC[NH+]3CCC(CC3)c4c5ccc(cc5on4)F)C,CCCCCCCCCCCCCCCC(=O)O[C@@H]1CCCn2c1nc(C)c(CC[NH+]1CCC(c3noc4cc(F)ccc34)CC1)c2=O,1,0,0.7606666666666667,1,True
CCCCCCCCCCCCCCCC(=O)OCC(COP(=O)([O-])OCC[N+](C)(C)C)OC(=O)CCCCCCCCCCCCCCC,CCCCCCCCCCCCCCCC(=O)OCC(COP(=O)([O-])OCC[N+](C)(C)C)OC(=O)CCCCCCCCCCCCCCC,1,0,0.6465023809523812,1,True
CCCCCCCCCCCCCCOS(=O)(=O)[O-],CCCCCCCCCCCCCCOS(=O)(=O)[O-],1,0,0.2546666666666667,0,False
CCCCCCCCCCCCOCCOCCOCCOCCOCCOCCOCCOCCOCCO,CCCCCCCCCCCCOCCOCCOCCOCCOCCOCCOCCOCCOCCO,1,0,0.29647972582972587,0,False
CCCCCCCCCCNCC[NH2+][C@]1(C[C@@H](O[C@H]([C@H]1O)C)O[C@@H]2[C@H]([C@@H]([C@H](O[C@H]2Oc3c4cc5cc3Oc6ccc(cc6Cl)[C@H]([C@H](C(=O)N[C@H](C(=O)N[C@H]5C(=O)N[C@@H]7c8ccc(c(c8)-c9c(cc(c(c9O)C[NH2+]CP(=O)([O-])[O-])O)[C@H](NC(=O)[C@H]([C@@H](c1ccc(c(c1)Cl)O4)O)NC7=O)C(=O)[O-])O)CC(=O)N)NC(=O)[C@@H](CC(C)C)[NH2+]C)O)CO)O)O)C,CCCCCCCCCCNCC[NH2+][C@@]1(C)C[C@H](O[C@H]2[C@H](Oc3c4cc5cc3Oc3ccc(cc3Cl)[C@@H](O)[C@@H](NC(=O)[C@@H](CC(C)C)[NH2+]C)C(=O)N[C@@H](CC(N)=O)C(=O)N[C@H]5C(=O)N[C@H]3C(=O)N[C@H](C(=O)N[C@H](C(=O)[O-])c5cc(O)c(C[NH2+]CP(=O)([O-])[O-])c(O)c5-c5cc3ccc5O)[C@H](O)c3ccc(c(Cl)c3)O4)O[C@H](CO)[C@@H](O)[C@@H]2O)O[C@@H](C)[C@H]1O,1,0,0.6878333333333334,1,True
CCCCCCOC(=O)/[NH+]=C(\c1ccc(cc1)NCc2nc3cc(ccc3n2C)C(=O)N(CCC(=O)OCC)c4ccccn4)/N,CCCCCCOC(=O)/[NH+]=C(/N)c1ccc(NCc2nc3cc(C(=O)N(CCC(=O)OCC)c4ccccn4)ccc3n2C)cc1,1,0,0.832,1,True
CCCCCCOC(=O)CCC(=O)C[NH3+],CCCCCCOC(=O)CCC(=O)C[NH3+],1,0,0.362,0,False
CCCCCNC(=[NH2+])N/N=C/c1c[nH]c2c1cc(cc2)OC,CCCCCNC(=[NH2+])N/N=C/c1c[nH]c2ccc(OC)cc12,1,0,0.789,1,True
CCCCCOc1ccc(cc1)c2cc(no2)c3ccc(cc3)C(=O)N[C@H]4C[C@H]([C@H](NC(=O)[C@@H]5[C@H]([C@H](CN5C(=O)[C@@H](NC(=O)[C@@H](NC(=O)[C@@H]6C[C@H](CN6C(=O)[C@@H](NC4=O)[C@@H](C)O)O)[C@@H]([C@H](c7ccc(c(c7)OS(=O)(=O)[O-])O)O)O)[C@@H](CC(=O)N)O)C)O)O)O,CCCCCOc1ccc(-c2cc(-c3ccc(C(=O)N[C@H]4C[C@@H](O)[C@@H](O)NC(=O)[C@@H]5[C@@H](O)[C@@H](C)CN5C(=O)[C@H]([C@H](O)CC(N)=O)NC(=O)[C@H]([C@H](O)[C@@H](O)c5ccc(O)c(OS(=O)(=O)[O-])c5)NC(=O)[C@@H]5C[C@@H](O)CN5C(=O)[C@H]([C@@H](C)O)NC4=O)cc3)no2)cc1,1,0,0.818,1,True
CCCCCOc1ccc(cc1)c2ccc(cc2)c3ccc(cc3)C(=O)N[C@H]4C[C@H]([C@H](NC(=O)[C@@H]5[C@H]([C@H](CN5C(=O)[C@@H](NC(=O)[C@@H](NC(=O)[C@@H]6C[C@H](CN6C(=O)[C@@H](NC4=O)[C@@H](C)O)O)[C@@H]([C@H](c7ccc(cc7)O)O)O)[C@@H](C)O)C)O)O)O,CCCCCOc1ccc(-c2ccc(-c3ccc(C(=O)N[C@H]4C[C@@H](O)[C@@H](O)NC(=O)[C@@H]5[C@@H](O)[C@@H](C)CN5C(=O)[C@H]([C@@H](C)O)NC(=O)[C@H]([C@H](O)[C@@H](O)c5ccc(O)cc5)NC(=O)[C@@H]5C[C@@H](O)CN5C(=O)[C@H]([C@@H](C)O)NC4=O)cc3)cc2)cc1,1,0,0.8866666666666666,1,True
CCCCN1C(=O)[C@H](NC(=O)C12CCN(CC2)CC3=CC=C(C=C3)OC4=CC=C(C=C4)C(=O)O)[C@@H](C5CCCCC5)O,CCCCN1C(=O)[C@@H]([C@H](O)C2CCCCC2)NC(=O)C12CCN(Cc1ccc(Oc3ccc(C(=O)O)cc3)cc1)CC2,0,1,0.6464,1,False
CCCCNC(=O)[N-]S(=O)(=O)c1ccc(cc1)C,CCCCNC(=O)[N-]S(=O)(=O)c1ccc(C)cc1,1,0,0.724,1,True
CCCCNc1cc(cc(c1Oc2ccccc2)S(=O)(=O)N)C(=O)[O-],CCCCNc1cc(C(=O)[O-])cc(S(N)(=O)=O)c1Oc1ccccc1,1,0,0.7366666666666667,1,True
CCCCNc1ccc(cc1)C(=O)OCC[NH+](C)C,CCCCNc1ccc(C(=O)OCC[NH+](C)C)cc1,1,0,0.8173333333333332,1,True
CCCCNc1ccc(cc1)C(=O)OCCOCCOCCOCCOCCOCCOCCOCCOCCOC,CCCCNc1ccc(C(=O)OCCOCCOCCOCCOCCOCCOCCOCCOCCOC)cc1,1,0,0.824,1,True
CCCCOc1cc(c2ccccc2n1)C(=O)NCC[NH+](CC)CC,CCCCOc1cc(C(=O)NCC[NH+](CC)CC)c2ccccc2n1,1,0,0.7566666666666667,1,True
CCCCOc1cc(ccc1N)C(=O)OCC[NH+](CC)CC,CCCCOc1cc(C(=O)OCC[NH+](CC)CC)ccc1N,1,0,0.8433333333333334,1,True
CCCCOc1ccc(cc1)C(=O)CC[NH+]2CCCCC2,CCCCOc1ccc(C(=O)CC[NH+]2CCCCC2)cc1,1,0,0.796,1,True
CCCCOc1ccc(cc1)OCCC[NH+]2CCOCC2,CCCCOc1ccc(OCCC[NH+]2CCOCC2)cc1,1,0,0.73,1,True
CCCCS(=O)(=O)N[C@@H](Cc1ccc(cc1)OCCCCC2CC[NH2+]CC2)C(=O)[O-],CCCCS(=O)(=O)N[C@@H](Cc1ccc(OCCCCC2CC[NH2+]CC2)cc1)C(=O)[O-],1,0,0.5613333333333332,1,True
CCCN(CCC)S(=O)(=O)c1ccc(cc1)C(=O)[O-],CCCN(CCC)S(=O)(=O)c1ccc(C(=O)[O-])cc1,1,0,0.67,1,True
CCCNC(=O)[N-]S(=O)(=O)c1ccc(cc1)Cl,CCCNC(=O)[N-]S(=O)(=O)c1ccc(Cl)cc1,1,0,0.7855,1,True
CCCOc1cc(ccc1C(=O)OCC[NH+](CC)CC)N,CCCOc1cc(N)ccc1C(=O)OCC[NH+](CC)CC,1,0,0.8303333333333334,1,True
CCCOc1ccc(cc1N)C(=O)OCC[NH+](CC)CC,CCCOc1ccc(C(=O)OCC[NH+](CC)CC)cc1N,1,0,0.7963333333333333,1,True
CCCSc1ccc2c(c1)nc([nH]2)NC(=O)OC,CCCSc1ccc2[nH]c(NC(=O)OC)nc2c1,1,0,0.946,1,True
CCN(C)C(=O)Oc1cccc(c1)[C@H](C)[NH+](C)C,CCN(C)C(=O)Oc1cccc([C@H](C)[NH+](C)C)c1,1,0,0.854,1,True
CCN(c1ccccc1C)C(=O)/C=C/C,C/C=C/C(=O)N(CC)c1ccccc1C,1,0,0.64,1,True
CCN(CC)C(=O)/C(=C/c1cc(c(c(c1)O)[O-])[N+](=O)[O-])/C#N,CCN(CC)C(=O)/C(C#N)=C/c1cc(O)c([O-])c([N+](=O)[O-])c1,1,0,0.49699999999999994,0,False
CCN(CC)C(=O)[C@@]1(C[C@@H]1C[NH3+])c2ccccc2,CCN(CC)C(=O)[C@]1(c2ccccc2)C[C@@H]1C[NH3+],1,0,0.922,1,True
CCN(CC)C(=O)C1C[NH+]2CCc3cc(c(cc3C2CC1OC(=O)C)OC)OC,CCN(CC)C(=O)C1C[NH+]2CCc3cc(OC)c(OC)cc3C2CC1OC(C)=O,1,0,0.6676666666666667,1,True
CCN(CC)C(=O)N1CC[NH+](CC1)C,CCN(CC)C(=O)N1CC[NH+](C)CC1,1,0,0.878,1,True
CCN(CC)c1ccc(cc1)C(=C2C=CC(=[N+](CC)CC)C=C2)c3cc(ccc3S(=O)(=O)[O-])S(=O)(=O)[O-],CCN(CC)c1ccc(C(=C2C=CC(=[N+](CC)CC)C=C2)c2cc(S(=O)(=O)[O-])ccc2S(=O)(=O)[O-])cc1,1,0,0.537,1,True
CCN(CC)CCNC(=O)C1=C(NC(=C1C)/C=C\2/C3=C(C=CC(=C3)F)NC2=O)C.C([C@@H](C(=O)O)O)C(=O)O,CCN(CC)CCNC(=O)c1c(C)[nH]c(/C=C2\C(=O)Nc3ccc(F)cc32)c1C.O=C(O)C[C@H](O)C(=O)O,0,1,0.8128,1,False
CCN(CC)CCS(=O)(=O)[C@@H]1CCN2C1C(=O)O[C@@H]([C@@H](/C=C/C(=O)NC/C=C/C(=C/[C@H](CC(=O)Cc3nc(co3)C2=O)O)/C)C)C(C)C,CCN(CC)CCS(=O)(=O)[C@@H]1CCN2C(=O)c3coc(n3)CC(=O)C[C@H](O)/C=C(C)/C=C/CNC(=O)/C=C/[C@@H](C)[C@@H](C(C)C)OC(=O)C12,1,0,0.6073333333333334,1,True
CCn1c2cc3c(cc2c(=O)c(n1)C(=O)[O-])OCO3,CCn1nc(C(=O)[O-])c(=O)c2cc3c(cc21)OCO3,1,0,0.648,1,True
CCN1CC(C(C1=O)(c2ccccc2)c3ccccc3)CC[NH+]4CCOCC4,CCN1CC(CC[NH+]2CCOCC2)C(c2ccccc2)(c2ccccc2)C1=O,1,0,0.749,1,True
CCn1cc(c(=O)c2c1c(c(c(c2)F)N3CC[NH2+]C(C3)C)F)C(=O)[O-],CCn1cc(C(=O)[O-])c(=O)c2cc(F)c(N3CC[NH2+]C(C)C3)c(F)c21,1,0,0.59,1,True
CCn1cc(c(=O)c2c1cc(c(c2)F)N3CC[NH2+]CC3)C(=O)[O-],CCn1cc(C(=O)[O-])c(=O)c2cc(F)c(N3CC[NH2+]CC3)cc21,1,0,0.6315,1,True
CCn1cc(c(=O)c2c1nc(c(c2)F)N3CC[NH2+]CC3)C(=O)[O-],CCn1cc(C(=O)[O-])c(=O)c2cc(F)c(N3CC[NH2+]CC3)nc21,1,0,0.616,1,True
CCn1cc(c(=O)c2c1nc(cc2)C)C(=O)[O-],CCn1cc(C(=O)[O-])c(=O)c2ccc(C)nc21,1,0,0.586,1,True
CCn1ccc(nc1=O)[N-]S(=O)(=O)c2ccc(cc2)N,CCn1ccc([N-]S(=O)(=O)c2ccc(N)cc2)nc1=O,1,0,0.79,1,True
C=CN1CCCC1=O,C=CN1CCCC1=O,1,0,0.7353999999999999,1,True
CCN1CCN(C(=O)C1=O)C(=O)N[C@H](c2ccc(cc2)O)C(=O)N[C@H]3[C@@H]4N(C3=O)C(=C(CS4)CSc5nnnn5C)C(=O)[O-],CCN1CCN(C(=O)N[C@@H](C(=O)N[C@@H]2C(=O)N3C(C(=O)[O-])=C(CSc4nnnn4C)CS[C@H]23)c2ccc(O)cc2)C(=O)C1=O,1,0,0.794,1,True
CCN1CCN(C(=O)C1=O)C(=O)N[C@H](c2ccccc2)C(=O)N[C@H]3[C@@H]4N(C3=O)[C@H](C(S4)(C)C)C(=O)[O-],CCN1CCN(C(=O)N[C@@H](C(=O)N[C@@H]2C(=O)N3[C@@H]2SC(C)(C)[C@@H]3C(=O)[O-])c2ccccc2)C(=O)C1=O,1,0,0.829,1,True
CCNC(=[NH+]CCCC[C@H](C(=O)N[C@@H](CC(C)C)C(=O)N[C@@H](CCCC[NH+]=C(NCC)NCC)C(=O)N1CCC[C@H]1C(=O)N[C@H](C)C(=O)N)NC(=O)[C@H](Cc2ccc(cc2)O)NC(=O)[C@H](CO)NC(=O)[C@@H](Cc3cccnc3)NC(=O)[C@@H](Cc4ccc(cc4)Cl)NC(=O)[C@@H](Cc5ccc6ccccc6c5)NC(=O)C)NCC,CCNC(NCC)=[NH+]CCCC[C@H](NC(=O)[C@H](CC(C)C)NC(=O)[C@@H](CCCC[NH+]=C(NCC)NCC)NC(=O)[C@H](Cc1ccc(O)cc1)NC(=O)[C@H](CO)NC(=O)[C@@H](Cc1cccnc1)NC(=O)[C@@H](Cc1ccc(Cl)cc1)NC(=O)[C@@H](Cc1ccc2ccccc2c1)NC(C)=O)C(=O)N1CCC[C@H]1C(=O)N[C@H](C)C(N)=O,1,0,0.862,1,True
CCNC(=O)[C@@H]1CCCN1C(=O)[C@H](CCCNC(=[NH2+])N)NC(=O)[C@H](CC(C)C)NC(=O)[C@@H](CC(C)C)NC(=O)[C@H](Cc2ccc(cc2)O)NC(=O)[C@H](CO)NC(=O)[C@H](Cc3c[nH]c4c3cccc4)NC(=O)[C@H](Cc5cnc[nH]5)NC(=O)[C@@H]6CCC(=O)N6,CCNC(=O)[C@@H]1CCCN1C(=O)[C@H](CCCNC(N)=[NH2+])NC(=O)[C@H](CC(C)C)NC(=O)[C@@H](CC(C)C)NC(=O)[C@H](Cc1ccc(O)cc1)NC(=O)[C@H](CO)NC(=O)[C@H](Cc1c[nH]c2ccccc12)NC(=O)[C@H](Cc1cnc[nH]1)NC(=O)[C@@H]1CCC(=O)N1,1,0,0.8475,1,True
CCNC(=O)[C@@H]1CCCN1C(=O)[C@H](CCCNC(=[NH2+])N)NC(=O)[C@H](CC(C)C)NC(=O)[C@@H](Cc2cn(cn2)Cc3ccccc3)NC(=O)[C@H](Cc4ccc(cc4)O)NC(=O)[C@H](CO)NC(=O)[C@H](Cc5c[nH]c6c5cccc6)NC(=O)[C@H](Cc7cnc[nH]7)NC(=O)[C@@H]8CCC(=O)N8,CCNC(=O)[C@@H]1CCCN1C(=O)[C@H](CCCNC(N)=[NH2+])NC(=O)[C@H](CC(C)C)NC(=O)[C@@H](Cc1cn(Cc2ccccc2)cn1)NC(=O)[C@H](Cc1ccc(O)cc1)NC(=O)[C@H](CO)NC(=O)[C@H](Cc1c[nH]c2ccccc12)NC(=O)[C@H](Cc1cnc[nH]1)NC(=O)[C@@H]1CCC(=O)N1,1,0,0.8625,1,True
CCO/N=C(/c1nc(sn1)NP(=O)([O-])[O-])\C(=O)N[C@H]2[C@@H]3N(C2=O)C(=C(CS3)Sc4nc(cs4)c5cc[n+](cc5)C)C(=O)[O-],CCO/N=C(\C(=O)N[C@@H]1C(=O)N2C(C(=O)[O-])=C(Sc3nc(-c4cc[n+](C)cc4)cs3)CS[C@H]12)c1nsc(NP(=O)([O-])[O-])n1,1,0,0.8192,1,True
CCOC(=O)[C@](C)(Cc1ccc(c(c1)O)O)[NH3+],CCOC(=O)[C@@](C)([NH3+])Cc1ccc(O)c(O)c1,1,0,0.678,1,True
CCOC(=O)[C@H](CCc1ccccc1)[NH2+][C@@H](C)C(=O)N2[C@H]3CCC[C@H]3C[C@H]2C(=O)[O-],CCOC(=O)[C@H](CCc1ccccc1)[NH2+][C@@H](C)C(=O)N1[C@H](C(=O)[O-])C[C@@H]2CCC[C@@H]21,1,0,0.704,1,True
CCOC(=O)[C@H](CCc1ccccc1)[NH2+][C@@H](C)C(=O)N2[C@H]3CCCC[C@@H]3C[C@H]2C(=O)[O-],CCOC(=O)[C@H](CCc1ccccc1)[NH2+][C@@H](C)C(=O)N1[C@H](C(=O)[O-])C[C@H]2CCCC[C@@H]21,1,0,0.698,1,True
CCOC(=O)[C@H](CCc1ccccc1)[NH2+][C@@H](C)C(=O)N2CC3(C[C@H]2C(=O)[O-])SCCS3,CCOC(=O)[C@H](CCc1ccccc1)[NH2+][C@@H](C)C(=O)N1CC2(C[C@H]1C(=O)[O-])SCCS2,1,0,0.644,1,True
CCOC(=O)[C@H](CCc1ccccc1)[NH2+][C@@H](C)C(=O)N2Cc3cc(c(cc3C[C@H]2C(=O)[O-])OC)OC,CCOC(=O)[C@H](CCc1ccccc1)[NH2+][C@@H](C)C(=O)N1Cc2cc(OC)c(OC)cc2C[C@H]1C(=O)[O-],1,0,0.668,1,True
CCOC(=O)[C@H](CCc1ccccc1)[NH2+][C@@H](C)C(=O)N2Cc3ccccc3C[C@H]2C(=O)[O-],CCOC(=O)[C@H](CCc1ccccc1)[NH2+][C@@H](C)C(=O)N1Cc2ccccc2C[C@H]1C(=O)[O-],1,0,0.684,1,True
CCOC(=O)[C@H](CCc1ccccc1)[NH2+][C@@H](C)C(=O)N2CCC[C@H]2C(=O)[O-],CCOC(=O)[C@H](CCc1ccccc1)[NH2+][C@@H](C)C(=O)N1CCC[C@H]1C(=O)[O-],1,0,0.6925,1,True
CCOC(=O)[C@H](CCc1ccccc1)[NH2+][C@H]2CCc3ccccc3N(C2=O)CC(=O)[O-],CCOC(=O)[C@H](CCc1ccccc1)[NH2+][C@H]1CCc2ccccc2N(CC(=O)[O-])C1=O,1,0,0.624,1,True
CCOC(=O)C1(CC[NH+](CC1)C)c2ccccc2,CCOC(=O)C1(c2ccccc2)CC[NH+](C)CC1,1,0,0.894,1,True
CCOC(=O)C1(CC[NH+](CC1)CCC(C#N)(c2ccccc2)c3ccccc3)c4ccccc4,CCOC(=O)C1(c2ccccc2)CC[NH+](CCC(C#N)(c2ccccc2)c2ccccc2)CC1,1,0,0.8435,1,True
CCOC(=O)C1(CC[NH+](CC1)CCc2ccc(cc2)N)c3ccccc3,CCOC(=O)C1(c2ccccc2)CC[NH+](CCc2ccc(N)cc2)CC1,1,0,0.87,1,True
CCOC(=O)C1=C(NC(=C(C1c2ccccc2Cl)C(=O)OC)C)COCC[NH3+],CCOC(=O)C1=C(COCC[NH3+])NC(C)=C(C(=O)OC)C1c1ccccc1Cl,1,0,0.886,1,True
CCOC(=O)c1cncn1C(C)c2ccccc2,CCOC(=O)c1cncn1C(C)c1ccccc1,1,0,0.958,1,True
CCOC(=O)CCCCCCCCC(C)c1ccccc1I,CCOC(=O)CCCCCCCCC(C)c1ccccc1I,1,0,0.5925,1,True
CCOC(=O)Nc1ccc2c(c1)N(c3ccccc3S2)C(=O)CC[NH+]4CCOCC4,CCOC(=O)Nc1ccc2c(c1)N(C(=O)CC[NH+]1CCOCC1)c1ccccc1S2,1,0,0.7736666666666666,1,True
CCOC(=O)OC(C)OC(=O)[C@H]1C(S[C@H]2N1C(=O)[C@H]2NC(=O)[C@@H](c3ccccc3)[NH3+])(C)C,CCOC(=O)OC(C)OC(=O)[C@@H]1N2C(=O)[C@@H](NC(=O)[C@H]([NH3+])c3ccccc3)[C@H]2SC1(C)C,1,0,0.8924666666666666,1,True
CCOc1cc(ccc1C(=O)[O-])CC(=O)N[C@@H](CC(C)C)c2ccccc2N3CCCCC3,CCOc1cc(CC(=O)N[C@@H](CC(C)C)c2ccccc2N2CCCCC2)ccc1C(=O)[O-],1,0,0.7553333333333334,1,True
CCOC1=CC=C(C=C1)C2=CC(=CN2C3=CC=C(C=C3)S(=O)(=O)N)C,CCOc1ccc(-c2cc(C)cn2-c2ccc(S(N)(=O)=O)cc2)cc1,0,1,0.822,1,False
CCOc1ccc(cc1)CC(CN(CC[NH+](CC(=O)[O-])CC(=O)[O-])CC(=O)[O-])[NH+](CC(=O)[O-])CC(=O)[O-],CCOc1ccc(CC(CN(CC[NH+](CC(=O)[O-])CC(=O)[O-])CC(=O)[O-])[NH+](CC(=O)[O-])CC(=O)[O-])cc1,1,0,0.69,1,True
CCOc1ccc2ccccc2c1C(=O)N[C@H]3[C@@H]4N(C3=O)[C@H](C(S4)(C)C)C(=O)[O-],CCOc1ccc2ccccc2c1C(=O)N[C@@H]1C(=O)N2[C@@H]1SC(C)(C)[C@@H]2C(=O)[O-],1,0,0.775,1,True
CCOc1ccccc1OCC[NH2+][C@H](C)Cc2ccc(c(c2)S(=O)(=O)N)OC,CCOc1ccccc1OCC[NH2+][C@H](C)Cc1ccc(OC)c(S(N)(=O)=O)c1,1,0,0.719,1,True
CCOc1nc2cccc(c2n1Cc3ccc(cc3)c4ccccc4c5[nH]oc(=O)n5)C(=O)OCc6c(oc(=O)o6)C,CCOc1nc2cccc(C(=O)OCc3oc(=O)oc3C)c2n1Cc1ccc(-c2ccccc2-c2nc(=O)o[nH]2)cc1,1,0,0.792,1,True
CCOCCn1c2ccccc2nc1N3CCC[NH+](CC3)C,CCOCCn1c(N2CCC[NH+](C)CC2)nc2ccccc21,1,0,0.904,1,True
CCP(=[Au]S[C@H]1[C@@H]([C@H]([C@@H]([C@H](O1)COC(=O)C)OC(=O)C)OC(=O)C)OC(=O)C)(CC)CC,CC[P](CC)(CC)=[Au][S][C@@H]1O[C@H](COC(C)=O)[C@@H](OC(C)=O)[C@H](OC(C)=O)[C@H]1OC(C)=O,1,0,0.3017142857142857,0,False
CCSc1ccc2c(c1)N(c3ccccc3S2)CCCN4CC[NH+](CC4)C,CCSc1ccc2c(c1)N(CCCN1CC[NH+](C)CC1)c1ccccc1S2,1,0,0.92,1,True
Cl[Mn]Cl,[Cl][Mn][Cl],1,0,0.908,1,True
Cl[Zn]Cl,[Cl][Zn][Cl],1,0,0.888,1,True
CN(C(=O)N[C@@H]1[C@H]([C@@H]([C@H](O[C@@H]1O)CO)O)O)N=O,CN(N=O)C(=O)N[C@@H]1[C@@H](O)[C@H](O)[C@@H](CO)O[C@@H]1O,1,0,0.8289333333333334,1,True
CN(C)/C=[NH+]/c1c(cc(c(c1I)CCC(=O)[O-])I)I,CN(C)/C=[NH+]/c1c(I)cc(I)c(CCC(=O)[O-])c1I,1,0,0.394,0,False
CN(C)/N=N/c1c(nc[nH]1)C(=O)N,CN(C)/N=N/c1[nH]cnc1C(N)=O,1,0,0.928,1,True
CN(C)C(=[NH2+])NC(=[NH2+])N,CN(C)C(=[NH2+])NC(N)=[NH2+],1,0,0.726,1,True
CN(C)C(=O)C(CC[NH+]1CCC(CC1)(c2ccc(cc2)Cl)O)(c3ccccc3)c4ccccc4,CN(C)C(=O)C(CC[NH+]1CCC(O)(c2ccc(Cl)cc2)CC1)(c1ccccc1)c1ccccc1,1,0,0.918,1,True
CN(C)c1cccc2c1ccc(c2)S(=O)(=O)[O-],CN(C)c1cccc2cc(S(=O)(=O)[O-])ccc12,1,0,0.538,1,True
CN(C)N/N=C/1\C(=NC=N1)C(=O)N,CN(C)N/N=C1/N=CN=C1C(N)=O,0,1,0.8003333333333332,1,False
CN(Cc1cnc2c(n1)c(nc(n2)N)N)c3ccc(cc3)C(=O)N[C@@H](CCC(=O)[O-])C(=O)[O-],CN(Cc1cnc2nc(N)nc(N)c2n1)c1ccc(C(=O)N[C@@H](CCC(=O)[O-])C(=O)[O-])cc1,1,0,0.522,1,True
CN(CCOc1ccc(cc1)CC2C(=O)[N-]C(=O)S2)c3ccccn3,CN(CCOc1ccc(CC2SC(=O)[N-]C2=O)cc1)c1ccccn1,1,0,0.794,1,True
CN(CCOC1=CC=C(C=C1)CC2C(=O)NC(=O)S2)C3=CC=CC=N3.C(=C\C(=O)O)\C(=O)O,CN(CCOc1ccc(CC2SC(=O)NC2=O)cc1)c1ccccn1.O=C(O)/C=C\C(=O)O,0,1,0.8033333333333332,1,False
CN/C(=[NH+]\C)/NCc1ccccc1,CN/C(NCc1ccccc1)=[NH+]\C,1,0,0.78,1,True
CN/C(=C\[N+](=O)[O-])/[NH2+]CCSCc1ccc(o1)C[NH+](C)C,CN/C(=C\[N+](=O)[O-])[NH2+]CCSCc1ccc(C[NH+](C)C)o1,1,0,0.579,1,True
CN/C(=C\[N+](=O)[O-])/[NH2+]CCSCc1csc(n1)C[NH+](C)C,CN/C(=C\[N+](=O)[O-])[NH2+]CCSCc1csc(C[NH+](C)C)n1,1,0,0.605,1,True
Cn1c(nc(=O)c(=O)[nH]1)SCC2=C(N3[C@@H]([C@@H](C3=O)NC(=O)/C(=N\OC)/c4csc(n4)N)SC2)C(=O)[O-],CO/N=C(\C(=O)N[C@@H]1C(=O)N2C(C(=O)[O-])=C(CSc3nc(=O)c(=O)[nH]n3C)CS[C@H]12)c1csc(N)n1,1,0,0.8524666666666666,1,True
Cn1c(nnn1)SCC2=C(N3[C@@H]([C@@](C3=O)(NC(=O)C(c4ccc(cc4)O)C(=O)[O-])OC)OC2)C(=O)[O-],CO[C@@]1(NC(=O)C(C(=O)[O-])c2ccc(O)cc2)C(=O)N2C(C(=O)[O-])=C(CSc3nnnn3C)CO[C@@H]21,1,0,0.6396000000000001,1,True
Cn1c(nnn1)SCC2=C(N3[C@@H]([C@@](C3=O)(NC(=O)C4SC(=C(C(=O)N)C(=O)[O-])S4)OC)SC2)C(=O)[O-],CO[C@@]1(NC(=O)C2SC(=C(C(N)=O)C(=O)[O-])S2)C(=O)N2C(C(=O)[O-])=C(CSc3nnnn3C)CS[C@@H]21,1,0,0.6316666666666666,1,True
Cn1c(nnn1)SCC2=C(N3[C@@H]([C@@](C3=O)(NC(=O)CSCC#N)OC)SC2)C(=O)[O-],CO[C@@]1(NC(=O)CSCC#N)C(=O)N2C(C(=O)[O-])=C(CSc3nnnn3C)CS[C@@H]21,1,0,0.575,1,True
Cn1c(nnn1)SCC2=C(N3[C@@H]([C@@H](C3=O)NC(=O)/C(=N\OC)/c4csc(n4)N)SC2)C(=O)[O-],CO/N=C(\C(=O)N[C@@H]1C(=O)N2C(C(=O)[O-])=C(CSc3nnnn3C)CS[C@H]12)c1csc(N)n1,1,0,0.8844666666666666,1,True
Cn1c(nnn1)SCC2=C(N3[C@@H]([C@@H](C3=O)NC(=O)[C@@H](c4ccccc4)O)SC2)C(=O)[O-],Cn1nnnc1SCC1=C(C(=O)[O-])N2C(=O)[C@@H](NC(=O)[C@H](O)c3ccccc3)[C@H]2SC1,1,0,0.8793333333333333,1,True
CN1c2c([nH]c(nc2=O)N)NC[C@@H]1CNc3ccc(cc3)C(=O)N[C@@H](CCC(=O)[O-])C(=O)[O-],CN1c2c([nH]c(N)nc2=O)NC[C@@H]1CNc1ccc(C(=O)N[C@@H](CCC(=O)[O-])C(=O)[O-])cc1,1,0,0.617,1,True
Cn1c2c(c(=O)n(c1=O)C)[nH]cn2,Cn1c(=O)c2[nH]cnc2n(C)c1=O,1,0,0.95,1,True
CN1C2=C(C=C(C=C2)N(CCCl)CCCl)N=C1CCCC(=O)O.Cl,Cl.Cn1c(CCCC(=O)O)nc2cc(N(CCCl)CCCl)ccc21,0,1,0.766,1,False
Cn1c2ccc(cc2nc1CCCC(=O)[O-])N(CCCl)CCCl,Cn1c(CCCC(=O)[O-])nc2cc(N(CCCl)CCCl)ccc21,1,0,0.631,1,True
Cn1c2ccccc2c(n1)C(=O)NC3CC4CCCC(C3)[NH+]4C,Cn1nc(C(=O)NC2CC3CCCC(C2)[NH+]3C)c2ccccc21,1,0,0.807,1,True
CN1CC[NH+](CC1)CCCN2c3ccccc3Sc4c2cc(cc4)Cl,CN1CC[NH+](CCCN2c3ccccc3Sc3ccc(Cl)cc32)CC1,1,0,0.9546666666666668,1,True
CN1CCC(CC1)CNC2=NN3C(=NC=C3C4=CC(=CC=C4)OC(F)(F)F)C=C2,CN1CCC(CNc2ccc3ncc(-c4cccc(OC(F)(F)F)c4)n3n2)CC1,0,1,0.6983333333333334,1,False
CN1CCC[NH+]=C1COC(=O)C(c2ccccc2)(C3CCCCC3)O,CN1CCC[NH+]=C1COC(=O)C(O)(c1ccccc1)C1CCCCC1,1,0,0.8723666666666666,1,True
CN1CCN(CC1)C2=CC3=C(C=C2)N/C(=C/4\C(=C5C(=NC4=O)C=CC=C5F)N)/N3,CN1CCN(c2ccc3c(c2)N/C(=C2\C(=O)N=c4cccc(F)c4=C2N)N3)CC1,0,1,0.7372000000000001,1,False
CN1C=NC(=C1C[N+](C)(C)C/C=C/C(=O)NC2=NC=C3C(=C2)C(=NC=N3)NC4=CC(=C(C=C4)Cl)Br)[N+](=O)[O-],Cn1cnc([N+](=O)[O-])c1C[N+](C)(C)C/C=C/C(=O)Nc1cc2c(Nc3ccc(Cl)c(Br)c3)ncnc2cn1,0,1,0.5585333333333334,1,False
CN1C=NC=C1[C@@](C2=CC=C(C=C2)Cl)(C3=CC4=C(C=C3)N(C(=O)C=C4C5=CC(=CC=C5)Cl)C)N,Cn1cncc1[C@@](N)(c1ccc(Cl)cc1)c1ccc2c(c1)c(-c1cccc(Cl)c1)cc(=O)n2C,0,1,0.766,1,False
CNC(=O)C[NH+](CCN(CCN(CC(=O)NC)CC(=O)[O-])CC(=O)[O-])CC(=O)[O-],CNC(=O)CN(CCN(CC[NH+](CC(=O)[O-])CC(=O)NC)CC(=O)[O-])CC(=O)[O-],1,0,0.444,0,False
CNC1=[NH+]c2ccc(cc2C(=[N+](C1)[O-])c3ccccc3)Cl,CNC1=[NH+]c2ccc(Cl)cc2C(c2ccccc2)=[N+]([O-])C1,1,0,0.7913333333333332,1,True
CNS(=O)(=O)Cc1ccc2c(c1)c(c[nH]2)CC[NH+](C)C,CNS(=O)(=O)Cc1ccc2[nH]cc(CC[NH+](C)C)c2c1,1,0,0.8526666666666668,1,True
CNS(=O)(=O)CCc1ccc2c(c1)c(c[nH]2)C3CC[NH+](CC3)C,CNS(=O)(=O)CCc1ccc2[nH]cc(C3CC[NH+](C)CC3)c2c1,1,0,0.8806666666666667,1,True
CO/N=C(/c1ccco1)\C(=O)N[C@H]2[C@@H]3N(C2=O)C(=C(CS3)COC(=O)N)C(=O)[O-],CO/N=C(\C(=O)N[C@@H]1C(=O)N2C(C(=O)[O-])=C(COC(N)=O)CS[C@H]12)c1ccco1,1,0,0.8643333333333333,1,True
CO/N=C(/c1csc(n1)N)\C(=O)N[C@H]2[C@@H]3N(C2=O)C(=CCS3)C(=O)[O-],CO/N=C(\C(=O)N[C@@H]1C(=O)N2C(C(=O)[O-])=CCS[C@H]12)c1csc(N)n1,1,0,0.8504666666666666,1,True
CO/N=C/1\CN(CC1C[NH3+])c2c(cc3c(=O)c(cn(c3n2)C4CC4)C(=O)[O-])F,CO/N=C1\CN(c2nc3c(cc2F)c(=O)c(C(=O)[O-])cn3C2CC2)CC1C[NH3+],1,0,0.7066666666666667,1,True
CO[C@@]1([C@@H]2N(C1=O)C(=C(CS2)COC(=O)N)C(=O)[O-])NC(=O)Cc3cccs3,CO[C@@]1(NC(=O)Cc2cccs2)C(=O)N2C(C(=O)[O-])=C(COC(N)=O)CS[C@@H]21,1,0,0.739,1,True
CO[C@@H]1[C@@H]([C@H]([C@@H]([C@H](O1)COS(=O)(=O)[O-])O[C@H]2[C@@H]([C@H]([C@@H]([C@@H](O2)C(=O)[O-])O[C@@H]3[C@@H]([C@H]([C@@H]([C@H](O3)COS(=O)(=O)[O-])O[C@H]4[C@@H]([C@H]([C@@H]([C@H](O4)C(=O)[O-])O[C@@H]5[C@@H]([C@H]([C@@H]([C@H](O5)COS(=O)(=O)[O-])O)O)NS(=O)(=O)[O-])O)O)OS(=O)(=O)[O-])NS(=O)(=O)[O-])O)OS(=O)(=O)[O-])O)NS(=O)(=O)[O-],CO[C@H]1O[C@H](COS(=O)(=O)[O-])[C@@H](O[C@@H]2O[C@@H](C(=O)[O-])[C@@H](O[C@H]3O[C@H](COS(=O)(=O)[O-])[C@@H](O[C@@H]4O[C@H](C(=O)[O-])[C@@H](O[C@H]5O[C@H](COS(=O)(=O)[O-])[C@@H](O)[C@H](O)[C@H]5NS(=O)(=O)[O-])[C@H](O)[C@H]4O)[C@H](OS(=O)(=O)[O-])[C@H]3NS(=O)(=O)[O-])[C@H](O)[C@H]2OS(=O)(=O)[O-])[C@H](O)[C@H]1NS(=O)(=O)[O-],1,0,0.4000888888888889,0,False
CO[Si](C)(C)O[Si](C)(C)C,CO[Si](C)(C)O[Si](C)(C)C,1,0,0.5,1,True
COC(CNC(=O)c1ccccc1OCC(=O)[O-])C[Hg]O,COC(CNC(=O)c1ccccc1OCC(=O)[O-])[CH2][Hg][OH],1,0,0.6463333333333332,1,True
COC(CNC(=O)N)C[Hg]Cl,COC(CNC(N)=O)[CH2][Hg][Cl],1,0,0.7073333333333334,1,True
COC(=O)[C@H](c1ccccc1)[C@H]2CCCC[NH2+]2,COC(=O)[C@H](c1ccccc1)[C@H]1CCCC[NH2+]1,1,0,0.924,1,True
COC(=O)[C@H](c1ccccc1Cl)[NH+]2CCc3c(ccs3)C2,COC(=O)[C@H](c1ccccc1Cl)[NH+]1CCc2sccc2C1,1,0,0.7096666666666668,1,True
COC(=O)C(c1ccccc1)C2CCCC[NH2+]2,COC(=O)C(c1ccccc1)C1CCCC[NH2+]1,1,0,0.924,1,True
COC(=O)CCC(=O)C[NH3+],COC(=O)CCC(=O)C[NH3+],1,0,0.476,0,False
COc1c(ncnc1OC)[N-]S(=O)(=O)c2ccc(cc2)N,COc1ncnc([N-]S(=O)(=O)c2ccc(N)cc2)c1OC,1,0,0.793,1,True
COc1c2c(cc(c1N3C[C@@H]4CCC[NH2+][C@@H]4C3)F)c(=O)c(cn2C5CC5)C(=O)[O-],COc1c(N2C[C@@H]3CCC[NH2+][C@@H]3C2)c(F)cc2c(=O)c(C(=O)[O-])cn(C3CC3)c12,1,0,0.62,1,True
COc1cc(c(cc1C(=O)NC2CC[NH+](CC2OC)CCCOc3ccc(cc3)F)Cl)N,COc1cc(N)c(Cl)cc1C(=O)NC1CC[NH+](CCCOc2ccc(F)cc2)CC1OC,1,0,0.73,1,True
COc1cc(cc(c1O)OC)[C@@H]2c3cc4c(cc3[C@H]([C@@H]5[C@@H]2C(=O)OC5)O[C@H]6[C@@H]([C@H]([C@H]7[C@H](O6)COC(O7)c8cccs8)O)O)OCO4,COc1cc([C@@H]2c3cc4c(cc3[C@@H](O[C@@H]3O[C@@H]5COC(c6cccs6)O[C@H]5[C@H](O)[C@H]3O)[C@H]3COC(=O)[C@H]23)OCO4)cc(OC)c1O,1,0,0.4519333333333333,0,False
COc1cc(cc(c1OC)OC)C(=O)O[C@@H]2C[C@@H]3C[NH+]4CCc5c6ccccc6[nH]c5[C@H]4C[C@@H]3[C@@H]([C@H]2OC)C(=O)OC,COC(=O)[C@H]1[C@H]2C[C@@H]3c4[nH]c5ccccc5c4CC[NH+]3C[C@H]2C[C@@H](OC(=O)c2cc(OC)c(OC)c(OC)c2)[C@@H]1OC,1,0,0.842,1,True
COC1=CC(=O)OC(C1)/C=C/C2=CCCC=C2,COC1=CC(=O)OC(/C=C/C2=CCCC=C2)C1,0,1,0.2938333333333334,0,True
COc1cc2c(cc1OC)C(=O)C(C2)CC3CC[NH+](CC3)Cc4ccccc4,COc1cc2c(cc1OC)C(=O)C(CC1CC[NH+](Cc3ccccc3)CC1)C2,1,0,0.731,1,True
COc1cc2c(cc1OCCC[NH+]3CCOCC3)c(ncn2)Nc4ccc(c(c4)Cl)F,COc1cc2ncnc(Nc3ccc(F)c(Cl)c3)c2cc1OCCC[NH+]1CCOCC1,1,0,0.758,1,True
COc1ccc(c(c1)C(CNC(=O)C[NH3+])O)OC,COc1ccc(OC)c(C(O)CNC(=O)C[NH3+])c1,1,0,0.64,1,True
COc1ccc(cc1C(=O)NCCc2ccc(cc2)S(=O)(=O)[N-]C(=O)NC3CCCCC3)Cl,COc1ccc(Cl)cc1C(=O)NCCc1ccc(S(=O)(=O)[N-]C(=O)NC2CCCCC2)cc1,1,0,0.7885,1,True
COc1ccc(cc1C23CC4CC(C2)CC(C4)C3)c5ccc6cc(ccc6c5)C(=O)[O-],COc1ccc(-c2ccc3cc(C(=O)[O-])ccc3c2)cc1C12CC3CC(CC(C3)C1)C2,1,0,0.554,1,True
COc1ccc2c(c1)[nH]c3c2CC[NH+]4[C@@H]3C[C@H]5[C@@H](C4)C[C@H]([C@@H]([C@H]5C(=O)OC)OC)OC(=O)/C=C/c6cc(c(c(c6)OC)OC)OC,COC(=O)[C@H]1[C@H]2C[C@@H]3c4[nH]c5cc(OC)ccc5c4CC[NH+]3C[C@H]2C[C@@H](OC(=O)/C=C/c2cc(OC)c(OC)c(OC)c2)[C@@H]1OC,1,0,0.786,1,True
COc1ccc2c(c1)[nH]c3c2CC[NH+]4[C@@H]3C[C@H]5[C@@H](C4)C[C@H]([C@@H]([C@H]5C(=O)OC)OC)OC(=O)c6cc(c(c(c6)OC)OC)OC,COC(=O)[C@H]1[C@H]2C[C@@H]3c4[nH]c5cc(OC)ccc5c4CC[NH+]3C[C@H]2C[C@@H](OC(=O)c2cc(OC)c(OC)c(OC)c2)[C@@H]1OC,1,0,0.85,1,True
COc1ccc2c(c1)c(ccn2)[C@@H]([C@H]3C[C@@H]4CC[NH+]3C[C@@H]4C=C)O,C=C[C@H]1C[NH+]2CC[C@H]1C[C@@H]2[C@@H](O)c1ccnc2ccc(OC)cc12,1,0,0.5903857142857138,1,True
COc1ccc2c(c1)c(ccn2)[C@H]([C@@H]3C[C@@H]4CC[NH+]3C[C@@H]4C=C)O,C=C[C@H]1C[NH+]2CC[C@H]1C[C@H]2[C@H](O)c1ccnc2ccc(OC)cc12,1,0,0.5903857142857138,1,True
COc1ccccc1OCC[NH2+]CC(COc2cccc3c2c4ccccc4[nH]3)O,COc1ccccc1OCC[NH2+]CC(O)COc1cccc2[nH]c3ccccc3c12,1,0,0.91,1,True
COc1cnc(nc1)[N-]S(=O)(=O)c2ccc(cc2)N,COc1cnc([N-]S(=O)(=O)c2ccc(N)cc2)nc1,1,0,0.754,1,True
COCCCC/C(=N\OCC[NH3+])/c1ccc(cc1)C(F)(F)F,COCCCC/C(=N\OCC[NH3+])c1ccc(C(F)(F)F)cc1,1,0,0.634,1,True
COCCNC(=O)C[NH+](CCN(CCN(CC(=O)NCCOC)CC(=O)[O-])CC(=O)[O-])CC(=O)[O-],COCCNC(=O)CN(CCN(CC[NH+](CC(=O)[O-])CC(=O)NCCOC)CC(=O)[O-])CC(=O)[O-],1,0,0.472,0,False
COCCO,COCCO,1,0,0.5605714285714286,1,True
COCCOC1=C(C=C2C(=C1)C(=NC=N2)NC3=CC=CC(=C3)C#C)OCCOC.Cl,C#Cc1cccc(Nc2ncnc3cc(OCCOC)c(OCCOC)cc23)c1.Cl,0,1,0.8153333333333334,1,False
CS(=O)(=O)O.C1CO[P@@](=O)(O[C@@H]1C2=CC(=CC=C2)Cl)COCCN3C=NC4=C3N=CN=C4N,CS(=O)(=O)O.Nc1ncnc2c1ncn2CCOC[P@@]1(=O)OCC[C@@H](c2cccc(Cl)c2)O1,0,1,0.634,1,False
N(=O)[O-],O=N[O-],1,0,0.374,0,False
O1[As]2O[As]1O2,O1[As]2O[As]1O2,1,0,0.57,1,True
O[32P](=O)([O-])[O-],O=[32P]([O-])([O-])O,1,0,0.384,0,False
O=[Al]O[Al]=O,[O]=[Al][O][Al]=[O],1,0,0.76,1,True
O[Si](=O)O,O=[Si](O)O,1,0,0.715,1,True
OCl(=O)(=O)=O,[O-][Cl+3]([O-])([O-])O,1,0,0.536,1,True
